Audiofilename,Starttime,Endtime,SNMK,CCMK,AGGM,SOCM
dcase_MK1.csv,0.284,0.425,NEG,POS,NEG,NEG
dcase_MK1.csv,0.569,0.666,NEG,POS,NEG,NEG
dcase_MK1.csv,1.111,1.272,NEG,NEG,NEG,POS
dcase_MK1.csv,3.076,3.118,POS,NEG,NEG,NEG
dcase_MK1.csv,4.692,4.919,NEG,NEG,NEG,POS
dcase_MK1.csv,8.956,9.087,NEG,POS,NEG,NEG
dcase_MK1.csv,13.665,13.755,NEG,POS,NEG,NEG
dcase_MK1.csv,15.576,15.651,NEG,POS,NEG,NEG
dcase_MK1.csv,23.854,23.964,NEG,POS,NEG,NEG
dcase_MK1.csv,26.234,26.339,NEG,POS,NEG,NEG
dcase_MK1.csv,30.355,30.453,NEG,POS,NEG,NEG
dcase_MK1.csv,32.433,32.552,NEG,POS,NEG,NEG
dcase_MK1.csv,38.633,38.733,NEG,POS,NEG,NEG
dcase_MK1.csv,40.913,40.993,NEG,POS,NEG,NEG
dcase_MK1.csv,43.29,43.398,NEG,POS,NEG,NEG
dcase_MK1.csv,45.714,45.814,NEG,POS,NEG,NEG
dcase_MK1.csv,47.841,47.95,NEG,POS,NEG,NEG
dcase_MK1.csv,49.359,49.523,NEG,UNK,UNK,NEG
dcase_MK1.csv,49.655,49.735,NEG,UNK,UNK,NEG
dcase_MK1.csv,49.909,49.986,NEG,UNK,UNK,NEG
dcase_MK1.csv,53.337,53.425,NEG,POS,NEG,NEG
dcase_MK1.csv,57.273,57.322,NEG,POS,NEG,NEG
dcase_MK1.csv,73.342,73.432,NEG,POS,NEG,NEG
dcase_MK1.csv,75.671,75.825,NEG,POS,NEG,NEG
dcase_MK1.csv,76.604,76.702,NEG,POS,NEG,NEG
dcase_MK1.csv,79.092,79.179,NEG,POS,NEG,NEG
dcase_MK1.csv,84.097,84.185,NEG,POS,NEG,NEG
dcase_MK1.csv,93.38,93.49,NEG,POS,NEG,NEG
dcase_MK1.csv,99.181,99.327,NEG,POS,NEG,NEG
dcase_MK1.csv,107.686,107.816,NEG,POS,NEG,NEG
dcase_MK1.csv,110.064,110.207,NEG,POS,NEG,NEG
dcase_MK1.csv,119.447,119.551,NEG,POS,NEG,NEG
dcase_MK1.csv,120.427,120.55,NEG,POS,NEG,NEG
dcase_MK1.csv,121.745,121.863,NEG,POS,NEG,NEG
dcase_MK1.csv,124.76,124.853,NEG,POS,NEG,NEG
dcase_MK1.csv,129.849,129.987,NEG,POS,NEG,NEG
dcase_MK1.csv,131.721,131.829,NEG,POS,NEG,NEG
dcase_MK1.csv,133.857,133.982,NEG,POS,NEG,NEG
dcase_MK1.csv,136.783,136.894,NEG,POS,NEG,NEG
dcase_MK1.csv,140.522,140.627,NEG,POS,NEG,NEG
dcase_MK1.csv,142.43,142.537,NEG,POS,NEG,NEG
dcase_MK1.csv,143.089,143.195,UNK,UNK,UNK,UNK
dcase_MK1.csv,144.812,144.913,NEG,POS,NEG,NEG
dcase_MK1.csv,150.348,150.466,NEG,POS,NEG,NEG
dcase_MK1.csv,153.311,153.393,NEG,POS,NEG,NEG
dcase_MK1.csv,154.879,154.954,NEG,POS,NEG,NEG
dcase_MK1.csv,156.236,156.333,NEG,POS,NEG,NEG
dcase_MK1.csv,160.816,160.925,NEG,POS,NEG,NEG
dcase_MK1.csv,163.036,163.128,NEG,POS,NEG,NEG
dcase_MK1.csv,164.468,164.568,NEG,POS,NEG,NEG
dcase_MK1.csv,169.949,170.044,NEG,POS,NEG,NEG
dcase_MK1.csv,172.452,172.552,NEG,POS,NEG,NEG
dcase_MK1.csv,174.652,174.742,NEG,POS,NEG,NEG
dcase_MK1.csv,175.806,175.912,NEG,POS,NEG,NEG
dcase_MK1.csv,177.379,177.467,NEG,POS,NEG,NEG
dcase_MK1.csv,185.452,185.546,NEG,POS,NEG,NEG
dcase_MK1.csv,194.819,194.897,NEG,POS,NEG,NEG
dcase_MK1.csv,198.724,198.808,NEG,POS,NEG,NEG
dcase_MK1.csv,211.122,211.248,NEG,POS,NEG,NEG
dcase_MK1.csv,212.379,212.488,NEG,POS,NEG,NEG
dcase_MK1.csv,231.235,231.362,NEG,POS,NEG,NEG
dcase_MK1.csv,234.585,234.688,NEG,POS,NEG,NEG
dcase_MK1.csv,239.134,239.234,NEG,POS,NEG,NEG
dcase_MK1.csv,245.235,245.333,NEG,POS,NEG,NEG
dcase_MK1.csv,251.954,252.05,NEG,POS,NEG,NEG
dcase_MK1.csv,255.048,255.163,NEG,POS,NEG,NEG
dcase_MK1.csv,264.866,264.975,NEG,POS,NEG,NEG
dcase_MK1.csv,266.551,266.651,NEG,POS,NEG,NEG
dcase_MK1.csv,271.313,271.416,NEG,POS,NEG,NEG
dcase_MK1.csv,275.85,275.914,NEG,POS,NEG,NEG
dcase_MK1.csv,279.579,279.712,NEG,POS,NEG,NEG
dcase_MK1.csv,286.724,286.82,NEG,POS,NEG,NEG
dcase_MK1.csv,291.366,291.457,NEG,POS,NEG,NEG
dcase_MK1.csv,293.104,293.195,NEG,POS,NEG,NEG
dcase_MK1.csv,297.126,297.207,NEG,POS,NEG,NEG
dcase_MK1.csv,299.123,299.21,NEG,POS,NEG,NEG
dcase_MK1.csv,301.573,301.682,NEG,POS,NEG,NEG
dcase_MK1.csv,306.109,306.209,NEG,POS,NEG,NEG
dcase_MK1.csv,309.468,309.532,NEG,POS,NEG,NEG
dcase_MK1.csv,316.419,316.509,NEG,POS,NEG,NEG
dcase_MK1.csv,323.964,324.057,NEG,POS,NEG,NEG
dcase_MK1.csv,332.619,332.723,NEG,POS,NEG,NEG
dcase_MK1.csv,339.669,339.79,NEG,POS,NEG,NEG
dcase_MK1.csv,340.39,340.506,NEG,POS,NEG,NEG
dcase_MK1.csv,350.434,350.533,NEG,POS,NEG,NEG
dcase_MK1.csv,354.524,354.639,NEG,POS,NEG,NEG
dcase_MK1.csv,362.349,362.461,NEG,POS,NEG,NEG
dcase_MK1.csv,369.628,369.72,NEG,POS,NEG,NEG
dcase_MK1.csv,373.092,373.155,NEG,POS,NEG,NEG
dcase_MK1.csv,376.705,376.826,NEG,POS,NEG,NEG
dcase_MK1.csv,388.808,388.958,NEG,POS,NEG,NEG
dcase_MK1.csv,393.597,393.724,NEG,POS,NEG,NEG
dcase_MK1.csv,400.113,400.238,NEG,POS,NEG,NEG
dcase_MK1.csv,403.366,403.495,NEG,POS,NEG,NEG
dcase_MK1.csv,409.533,409.663,NEG,POS,NEG,NEG
dcase_MK1.csv,415.623,415.732,NEG,POS,NEG,NEG
dcase_MK1.csv,424.758,424.82,NEG,POS,NEG,NEG
dcase_MK1.csv,428.052,428.188,NEG,POS,NEG,NEG
dcase_MK1.csv,428.864,428.962,NEG,POS,NEG,NEG
dcase_MK1.csv,431.538,431.667,NEG,POS,NEG,NEG
dcase_MK1.csv,434.593,434.696,NEG,POS,NEG,NEG
dcase_MK1.csv,436.046,436.157,NEG,POS,NEG,NEG
dcase_MK1.csv,448.007,448.135,NEG,POS,NEG,NEG
dcase_MK1.csv,451.366,451.458,NEG,POS,NEG,NEG
dcase_MK1.csv,452.749,452.849,NEG,POS,NEG,NEG
dcase_MK1.csv,486.086,486.169,NEG,POS,NEG,NEG
dcase_MK1.csv,491.769,491.901,NEG,POS,NEG,NEG
dcase_MK1.csv,502.839,502.973,NEG,POS,NEG,NEG
dcase_MK1.csv,516.308,516.406,NEG,POS,NEG,NEG
dcase_MK1.csv,559.751,559.783,POS,NEG,NEG,NEG
dcase_MK1.csv,560.719,560.744,POS,NEG,NEG,NEG
dcase_MK1.csv,660.163,660.26,NEG,POS,NEG,NEG
dcase_MK1.csv,664.308,664.397,NEG,POS,NEG,NEG
dcase_MK1.csv,670.962,671.069,NEG,POS,NEG,NEG
dcase_MK1.csv,679.369,679.478,NEG,POS,NEG,NEG
dcase_MK1.csv,712.812,712.943,NEG,POS,NEG,NEG
dcase_MK1.csv,713.617,713.727,NEG,POS,NEG,NEG
dcase_MK1.csv,724.176,724.247,NEG,POS,NEG,NEG
dcase_MK1.csv,733.008,733.119,NEG,POS,NEG,NEG
dcase_MK1.csv,744.132,744.175,POS,NEG,NEG,NEG
dcase_MK1.csv,744.2,744.289,NEG,POS,NEG,NEG
dcase_MK1.csv,747.958,748.045,NEG,POS,NEG,NEG
dcase_MK1.csv,749.6,749.72,NEG,POS,NEG,NEG
dcase_MK1.csv,758,758.108,NEG,POS,NEG,NEG
dcase_MK1.csv,760.84,760.931,NEG,POS,NEG,NEG
dcase_MK1.csv,764.905,764.999,NEG,POS,NEG,NEG
dcase_MK1.csv,773.946,774.061,NEG,POS,NEG,NEG
dcase_MK1.csv,789.815,789.954,NEG,POS,NEG,NEG
dcase_MK1.csv,791.2,791.287,NEG,POS,NEG,NEG
dcase_MK1.csv,800,800.136,NEG,POS,NEG,NEG
dcase_MK1.csv,807.684,807.799,NEG,POS,NEG,NEG
dcase_MK1.csv,811.145,811.263,NEG,POS,NEG,NEG
dcase_MK1.csv,822.8,822.936,NEG,POS,NEG,NEG
dcase_MK1.csv,825.226,825.367,NEG,POS,NEG,NEG
dcase_MK1.csv,829.237,829.356,NEG,POS,NEG,NEG
dcase_MK1.csv,841.165,841.279,NEG,POS,NEG,NEG
dcase_MK1.csv,860.632,860.709,UNK,UNK,UNK,UNK
dcase_MK1.csv,864.843,864.989,NEG,POS,NEG,NEG
dcase_MK1.csv,887.019,887.136,NEG,POS,NEG,NEG
dcase_MK1.csv,910.761,910.799,POS,NEG,NEG,NEG
dcase_MK1.csv,913.574,913.657,NEG,POS,NEG,NEG
dcase_MK1.csv,939.418,939.542,NEG,POS,NEG,NEG
dcase_MK1.csv,941.2,941.327,NEG,POS,NEG,NEG
dcase_MK1.csv,945.081,945.113,POS,NEG,NEG,NEG
dcase_MK1.csv,946.129,946.163,POS,NEG,NEG,NEG
dcase_MK1.csv,946.461,946.497,POS,NEG,NEG,NEG
dcase_MK1.csv,946.746,946.799,POS,NEG,NEG,NEG
dcase_MK1.csv,952.615,952.658,POS,NEG,NEG,NEG
dcase_MK1.csv,953.777,953.91,NEG,POS,NEG,NEG
dcase_MK1.csv,956.097,956.221,NEG,POS,NEG,NEG
dcase_MK1.csv,956.441,956.565,NEG,POS,NEG,NEG
dcase_MK1.csv,962.118,962.216,NEG,POS,NEG,NEG
dcase_MK1.csv,963.037,963.159,NEG,POS,NEG,NEG
dcase_MK1.csv,964.373,964.484,NEG,POS,NEG,NEG
dcase_MK1.csv,967.042,967.214,UNK,UNK,NEG,NEG
dcase_MK1.csv,973.69,973.826,UNK,UNK,UNK,UNK
dcase_MK1.csv,977.078,977.21,NEG,POS,NEG,NEG
dcase_MK1.csv,977.859,977.954,NEG,POS,NEG,NEG
dcase_MK1.csv,980.28,980.386,NEG,POS,NEG,NEG
dcase_MK1.csv,980.649,980.752,NEG,POS,NEG,NEG
dcase_MK1.csv,981.865,981.954,NEG,POS,NEG,NEG
dcase_MK1.csv,984.737,984.854,NEG,POS,NEG,NEG
dcase_MK1.csv,986.348,986.443,NEG,POS,NEG,NEG
dcase_MK1.csv,989.6,989.633,POS,NEG,NEG,NEG
dcase_MK1.csv,991.546,991.645,NEG,POS,NEG,NEG
dcase_MK1.csv,995.447,996.037,NEG,NEG,POS,NEG
dcase_MK1.csv,996.454,996.851,NEG,NEG,POS,NEG
dcase_MK1.csv,1000.189,1000.364,NEG,NEG,POS,NEG
dcase_MK1.csv,1005.385,1005.521,NEG,NEG,POS,NEG
dcase_MK1.csv,1011.058,1011.118,NEG,UNK,UNK,NEG
dcase_MK1.csv,1018.873,1018.911,POS,NEG,NEG,NEG
dcase_MK1.csv,1019.472,1019.519,POS,NEG,NEG,NEG
dcase_MK1.csv,1019.966,1020.012,POS,NEG,NEG,NEG
dcase_MK1.csv,1020.653,1020.693,POS,NEG,NEG,NEG
dcase_MK1.csv,1023.2,1023.651,NEG,NEG,POS,NEG
dcase_MK1.csv,1024.536,1024.694,NEG,NEG,POS,NEG
dcase_MK1.csv,1025.437,1025.6,NEG,NEG,POS,NEG
dcase_MK1.csv,1025.791,1026.512,NEG,NEG,POS,NEG
dcase_MK1.csv,1027.022,1027.869,NEG,NEG,POS,NEG
dcase_MK1.csv,1030.6,1030.882,NEG,NEG,POS,NEG
dcase_MK1.csv,1031.566,1032.417,NEG,NEG,POS,NEG
dcase_MK1.csv,1032.86,1033.262,NEG,NEG,POS,NEG
dcase_MK1.csv,1033.381,1033.771,NEG,NEG,POS,NEG
dcase_MK1.csv,1034.357,1035.095,NEG,NEG,POS,NEG
dcase_MK1.csv,1036.025,1036.17,NEG,NEG,POS,NEG
dcase_MK1.csv,1036.388,1037.653,NEG,NEG,POS,NEG
dcase_MK1.csv,1038.333,1038.599,NEG,NEG,POS,NEG
dcase_MK1.csv,1038.84,1039.305,NEG,NEG,POS,NEG
dcase_MK1.csv,1039.544,1039.987,NEG,NEG,POS,NEG
dcase_MK1.csv,1040.215,1040.266,UNK,UNK,UNK,UNK
dcase_MK1.csv,1040.915,1041.465,NEG,NEG,POS,NEG
dcase_MK1.csv,1042.835,1042.835,NEG,NEG,POS,NEG
dcase_MK1.csv,1043.229,1043.74,NEG,NEG,POS,NEG
dcase_MK1.csv,1044.349,1045.243,NEG,NEG,POS,NEG
dcase_MK1.csv,1046.343,1046.811,NEG,NEG,POS,NEG
dcase_MK1.csv,1046.912,1047.109,NEG,NEG,POS,NEG
dcase_MK1.csv,1047.287,1047.846,NEG,NEG,POS,NEG
dcase_MK1.csv,1048.229,1048.739,NEG,NEG,POS,NEG
dcase_MK1.csv,1049.37,1049.678,NEG,NEG,POS,NEG
dcase_MK1.csv,1050.514,1050.894,NEG,NEG,POS,NEG
dcase_MK1.csv,1051.4,1051.85,NEG,NEG,POS,NEG
dcase_MK1.csv,1052.6,1053.356,NEG,NEG,POS,NEG
dcase_MK1.csv,1053.64,1053.872,NEG,NEG,POS,NEG
dcase_MK1.csv,1055.767,1055.86,NEG,POS,NEG,NEG
dcase_MK1.csv,1056.687,1056.723,POS,NEG,NEG,NEG
dcase_MK1.csv,1056.845,1056.901,POS,NEG,NEG,NEG
dcase_MK1.csv,1059.077,1059.442,NEG,NEG,POS,NEG
dcase_MK1.csv,1059.656,1060.177,NEG,NEG,POS,NEG
dcase_MK1.csv,1062.536,1062.825,NEG,NEG,POS,NEG
dcase_MK1.csv,1063,1063.069,UNK,UNK,UNK,UNK
dcase_MK1.csv,1063.6,1064.232,NEG,NEG,POS,NEG
dcase_MK1.csv,1064.306,1064.842,NEG,NEG,POS,NEG
dcase_MK1.csv,1065.066,1065.143,UNK,UNK,UNK,UNK
dcase_MK1.csv,1065.744,1065.894,NEG,NEG,POS,NEG
dcase_MK1.csv,1067.09,1067.199,UNK,UNK,UNK,UNK
dcase_MK1.csv,1068.46,1068.599,UNK,UNK,UNK,UNK
dcase_MK1.csv,1068.622,1068.751,UNK,UNK,UNK,UNK
dcase_MK1.csv,1069.847,1069.936,NEG,POS,NEG,NEG
dcase_MK1.csv,1070.76,1070.838,UNK,UNK,UNK,UNK
dcase_MK1.csv,1071.24,1071.367,NEG,UNK,NEG,UNK
dcase_MK1.csv,1073.68,1073.824,NEG,POS,NEG,NEG
dcase_MK1.csv,1082.478,1082.582,UNK,UNK,UNK,UNK
dcase_MK1.csv,1086.927,1086.973,POS,NEG,NEG,NEG
dcase_MK1.csv,1088.178,1088.229,POS,NEG,NEG,NEG
dcase_MK1.csv,1099.113,1099.157,POS,NEG,NEG,NEG
dcase_MK1.csv,1101.533,1101.582,POS,NEG,NEG,NEG
dcase_MK1.csv,1105.991,1106.026,POS,NEG,NEG,NEG
dcase_MK1.csv,1106.177,1106.214,POS,NEG,NEG,NEG
dcase_MK1.csv,1112.418,1112.555,NEG,NEG,POS,NEG
dcase_MK1.csv,1116.061,1116.166,UNK,UNK,UNK,UNK
dcase_MK1.csv,1116.4,1116.482,UNK,UNK,UNK,UNK
dcase_MK1.csv,1116.752,1117.117,NEG,NEG,POS,NEG
dcase_MK1.csv,1117.136,1117.199,UNK,UNK,UNK,UNK
dcase_MK1.csv,1117.439,1117.861,NEG,NEG,POS,NEG
dcase_MK1.csv,1119.469,1119.718,NEG,NEG,POS,NEG
dcase_MK1.csv,1120.663,1120.728,NEG,NEG,POS,NEG
dcase_MK1.csv,1126.854,1127.135,NEG,NEG,POS,NEG
dcase_MK1.csv,1128.174,1128.417,NEG,NEG,POS,NEG
dcase_MK1.csv,1128.907,1129.139,NEG,NEG,POS,NEG
dcase_MK1.csv,1130.6,1130.933,NEG,NEG,POS,NEG
dcase_MK1.csv,1132.066,1132.859,NEG,NEG,POS,NEG
dcase_MK1.csv,1133.043,1133.282,UNK,UNK,UNK,UNK
dcase_MK1.csv,1141.4,1141.513,NEG,POS,NEG,NEG
dcase_MK1.csv,1142.451,1142.559,NEG,POS,NEG,NEG
dcase_MK1.csv,1147,1147.049,NEG,POS,NEG,NEG
dcase_MK1.csv,1150.866,1151.168,UNK,UNK,UNK,UNK
dcase_MK1.csv,1151.363,1151.468,NEG,POS,NEG,NEG
dcase_MK1.csv,1155.33,1155.44,NEG,POS,NEG,NEG
dcase_MK1.csv,1156.176,1156.273,NEG,POS,NEG,NEG
dcase_MK1.csv,1160.017,1160.136,NEG,POS,NEG,NEG
dcase_MK1.csv,1162.149,1162.233,NEG,POS,NEG,NEG
dcase_MK1.csv,1163.697,1163.822,NEG,POS,NEG,NEG
dcase_MK1.csv,1164.414,1164.528,NEG,POS,NEG,NEG
dcase_MK1.csv,1165.31,1165.422,NEG,POS,NEG,NEG
dcase_MK1.csv,1168.475,1168.571,NEG,POS,NEG,NEG
dcase_MK1.csv,1169.698,1169.821,NEG,POS,NEG,NEG
dcase_MK1.csv,1174.718,1174.786,POS,NEG,NEG,NEG
dcase_MK1.csv,1176.903,1177,NEG,POS,NEG,NEG
dcase_MK1.csv,1178.258,1178.4,NEG,POS,NEG,NEG
dcase_MK1.csv,1179.764,1179.835,NEG,POS,NEG,NEG
dcase_MK1.csv,1180.63,1180.749,NEG,POS,NEG,NEG
dcase_MK1.csv,1189.4,1189.504,NEG,NEG,POS,NEG
dcase_MK1.csv,1209.059,1209.199,NEG,POS,NEG,NEG
dcase_MK1.csv,1221,1221.088,NEG,POS,NEG,NEG
dcase_MK1.csv,1221.678,1221.799,NEG,POS,NEG,NEG
dcase_MK1.csv,1224.634,1224.768,NEG,POS,NEG,NEG
dcase_MK1.csv,1231.333,1231.425,NEG,POS,NEG,NEG
dcase_MK1.csv,1234.552,1234.665,NEG,POS,NEG,NEG
dcase_MK1.csv,1240.339,1240.445,NEG,POS,NEG,NEG
dcase_MK1.csv,1254.024,1254.139,NEG,POS,NEG,NEG
dcase_MK1.csv,1270.278,1270.377,NEG,POS,NEG,NEG
dcase_MK1.csv,1273.743,1273.817,POS,NEG,NEG,NEG
dcase_MK1.csv,1274.073,1274.25,NEG,POS,NEG,NEG
dcase_MK1.csv,1279.238,1279.282,POS,NEG,NEG,NEG
dcase_MK1.csv,1279.452,1279.502,POS,NEG,NEG,NEG
dcase_MK1.csv,1279.52,1279.618,NEG,POS,NEG,NEG
dcase_MK1.csv,1282.324,1282.49,NEG,POS,NEG,NEG
dcase_MK1.csv,1286.256,1286.381,NEG,POS,NEG,NEG
dcase_MK1.csv,1286.678,1286.709,POS,NEG,NEG,NEG
dcase_MK1.csv,1289.134,1289.307,NEG,POS,NEG,NEG
dcase_MK1.csv,1294.959,1295.069,NEG,POS,NEG,NEG
dcase_MK1.csv,1295.342,1295.499,NEG,POS,NEG,NEG
dcase_MK1.csv,1299,1299.138,NEG,POS,NEG,NEG
dcase_MK1.csv,1305.553,1305.662,NEG,POS,NEG,NEG
dcase_MK1.csv,1308.8,1308.906,NEG,POS,NEG,NEG
dcase_MK1.csv,1311.048,1311.168,NEG,POS,NEG,NEG
dcase_MK1.csv,1315.336,1315.491,NEG,POS,NEG,NEG
dcase_MK1.csv,1321.169,1321.3,NEG,POS,NEG,NEG
dcase_MK1.csv,1324.762,1324.851,NEG,POS,NEG,NEG
dcase_MK1.csv,1328.686,1328.759,NEG,POS,NEG,NEG
dcase_MK1.csv,1332.6,1332.701,NEG,POS,NEG,NEG
dcase_MK1.csv,1335.486,1335.57,NEG,POS,NEG,NEG
dcase_MK1.csv,1338.74,1338.873,NEG,POS,NEG,NEG
dcase_MK1.csv,1344.729,1344.835,NEG,POS,NEG,NEG
dcase_MK1.csv,1345.024,1345.11,NEG,POS,NEG,NEG
dcase_MK1.csv,1348.6,1348.745,NEG,POS,NEG,NEG
dcase_MK1.csv,1351.825,1351.999,NEG,POS,NEG,NEG
dcase_MK1.csv,1355.341,1355.435,NEG,POS,NEG,NEG
dcase_MK1.csv,1364.104,1364.231,NEG,POS,NEG,NEG
dcase_MK1.csv,1367.4,1367.519,NEG,POS,NEG,NEG
dcase_MK1.csv,1372.713,1372.822,NEG,POS,NEG,NEG
dcase_MK1.csv,1379.969,1380.077,NEG,POS,NEG,NEG
dcase_MK1.csv,1384.468,1384.541,NEG,POS,NEG,NEG
dcase_MK1.csv,1387.7,1387.825,NEG,POS,NEG,NEG
dcase_MK1.csv,1396.042,1396.176,NEG,POS,NEG,NEG
dcase_MK1.csv,1399.522,1399.644,NEG,POS,NEG,NEG
dcase_MK1.csv,1404.347,1404.474,NEG,POS,NEG,NEG
dcase_MK1.csv,1415.507,1415.582,NEG,POS,NEG,NEG
dcase_MK1.csv,1424.469,1424.534,NEG,POS,NEG,NEG
dcase_MK1.csv,1426.915,1427.04,NEG,POS,NEG,NEG
dcase_MK1.csv,1437.178,1437.284,NEG,POS,NEG,NEG
dcase_MK1.csv,1442.276,1442.399,NEG,POS,NEG,NEG
dcase_MK1.csv,1446.979,1447.09,NEG,POS,NEG,NEG
dcase_MK1.csv,1453.111,1453.229,NEG,POS,NEG,NEG
dcase_MK1.csv,1465.583,1465.697,NEG,POS,NEG,NEG
dcase_MK1.csv,1474.773,1474.913,NEG,POS,NEG,NEG
dcase_MK1.csv,1477.646,1477.77,NEG,POS,NEG,NEG
dcase_MK1.csv,1485.929,1486.025,NEG,POS,NEG,NEG
dcase_MK1.csv,1487.178,1487.295,NEG,POS,NEG,NEG
dcase_MK1.csv,1494.568,1494.648,NEG,POS,NEG,NEG
dcase_MK1.csv,1494.754,1494.816,NEG,POS,NEG,NEG
dcase_MK1.csv,1497.111,1497.236,NEG,POS,NEG,NEG
dcase_MK1.csv,1517.95,1518.042,NEG,POS,NEG,NEG
dcase_MK1.csv,1523.47,1523.599,NEG,POS,NEG,NEG
dcase_MK1.csv,1524.25,1524.399,NEG,POS,NEG,NEG
dcase_MK1.csv,1528.537,1528.666,NEG,POS,NEG,NEG
dcase_MK1.csv,1534.658,1534.832,NEG,POS,NEG,NEG
dcase_MK1.csv,1539.972,1540.083,NEG,POS,NEG,NEG
dcase_MK1.csv,1554.244,1554.342,NEG,POS,NEG,NEG
dcase_MK1.csv,1555.781,1555.869,NEG,POS,NEG,NEG
dcase_MK1.csv,1558.6,1558.72,NEG,POS,NEG,NEG
dcase_MK1.csv,1563,1563.11,NEG,POS,NEG,NEG
dcase_MK1.csv,1569.6,1569.764,NEG,POS,NEG,NEG
dcase_MK1.csv,1575.246,1575.378,NEG,POS,NEG,NEG
dcase_MK1.csv,1580.822,1580.962,NEG,POS,NEG,NEG
dcase_MK1.csv,1589.638,1589.737,NEG,POS,NEG,NEG
dcase_MK1.csv,1594.162,1594.276,NEG,POS,NEG,NEG
dcase_MK1.csv,1603.622,1603.673,POS,NEG,NEG,NEG
dcase_MK1.csv,1603.704,1603.747,POS,NEG,NEG,NEG
dcase_MK1.csv,1603.88,1603.914,POS,NEG,NEG,NEG
dcase_MK1.csv,1604.107,1604.153,POS,NEG,NEG,NEG
dcase_MK1.csv,1604.823,1605.321,NEG,NEG,NEG,POS
dcase_MK1.csv,1625.529,1625.707,NEG,POS,NEG,NEG
dcase_MK1.csv,1642.139,1642.257,NEG,POS,NEG,NEG
dcase_MK1.csv,1653.217,1653.292,NEG,POS,NEG,NEG
dcase_MK1.csv,1658.674,1658.777,NEG,POS,NEG,NEG
dcase_MK1.csv,1664.735,1664.832,NEG,POS,NEG,NEG
dcase_MK1.csv,1672.169,1672.274,NEG,POS,NEG,NEG
dcase_MK1.csv,1674.6,1674.698,NEG,POS,NEG,NEG
dcase_MK1.csv,1678.2,1678.312,NEG,POS,NEG,NEG
dcase_MK1.csv,1679.978,1680.082,NEG,POS,NEG,NEG
dcase_MK1.csv,1684.512,1684.599,NEG,POS,NEG,NEG
dcase_MK1.csv,1686.8,1686.913,NEG,POS,NEG,NEG
dcase_MK1.csv,1690.957,1691.066,NEG,POS,NEG,NEG
dcase_MK1.csv,1704.138,1704.254,NEG,POS,NEG,NEG
dcase_MK1.csv,1706.18,1706.294,NEG,POS,NEG,NEG
dcase_MK1.csv,1719.321,1719.43,NEG,POS,NEG,NEG
dcase_MK1.csv,1731.326,1731.419,NEG,POS,NEG,NEG
dcase_MK1.csv,1735.138,1735.242,NEG,POS,NEG,NEG
dcase_MK1.csv,1747.536,1747.66,NEG,POS,NEG,NEG
dcase_MK1.csv,1754.478,1754.581,NEG,POS,NEG,NEG
dcase_MK1.csv,1772.057,1772.184,NEG,POS,NEG,NEG
dcase_MK1.csv,1775.4,1775.496,NEG,POS,NEG,NEG
dcase_MK1.csv,1795.464,1795.542,NEG,POS,NEG,NEG
dcase_MK1.csv,1810.6,1810.761,NEG,POS,NEG,NEG
dcase_MK1.csv,1814.175,1814.27,NEG,POS,NEG,NEG
dcase_MK1.csv,1814.437,1814.555,NEG,POS,NEG,NEG
dcase_MK1.csv,1825.146,1825.264,NEG,POS,NEG,NEG
dcase_MK1.csv,1830.286,1830.363,NEG,POS,NEG,NEG
dcase_MK1.csv,1830.504,1830.614,NEG,POS,NEG,NEG
dcase_MK1.csv,1835.768,1835.89,NEG,POS,NEG,NEG
dcase_MK1.csv,1839.442,1839.574,NEG,POS,NEG,NEG
dcase_MK1.csv,1844.772,1844.86,NEG,POS,NEG,NEG
dcase_MK1.csv,1847,1847.146,NEG,POS,NEG,NEG
dcase_MK1.csv,1847.4,1847.517,NEG,POS,NEG,NEG
dcase_MK1.csv,1847.86,1847.945,NEG,POS,NEG,NEG
dcase_MK1.csv,1850.217,1850.321,NEG,POS,NEG,NEG
dcase_MK1.csv,1852.284,1852.374,NEG,POS,NEG,NEG
dcase_MK1.csv,1853.57,1853.702,NEG,POS,NEG,NEG
dcase_MK1.csv,1855.166,1855.287,NEG,POS,NEG,NEG
dcase_MK1.csv,1855.826,1855.902,NEG,POS,NEG,NEG
dcase_MK1.csv,1857.306,1857.399,NEG,POS,NEG,NEG
dcase_MK1.csv,1859.871,1859.964,NEG,POS,NEG,NEG
dcase_MK1.csv,1861.091,1861.231,NEG,POS,NEG,NEG
dcase_MK1.csv,1861.687,1861.8,NEG,POS,NEG,NEG
dcase_MK1.csv,1862.77,1862.907,NEG,POS,NEG,NEG
dcase_MK1.csv,1864.268,1864.382,NEG,POS,NEG,NEG
dcase_MK1.csv,1876.051,1876.154,NEG,POS,NEG,NEG
dcase_MK1.csv,1879.533,1879.628,NEG,POS,NEG,NEG
dcase_MK1.csv,1879.851,1879.999,NEG,POS,NEG,NEG
dcase_MK1.csv,1880.87,1880.931,NEG,POS,NEG,NEG
dcase_MK1.csv,1889.53,1889.621,NEG,POS,NEG,NEG
dcase_MK1.csv,1895.096,1895.152,NEG,POS,NEG,NEG
dcase_MK1.csv,1895.906,1895.999,NEG,POS,NEG,NEG
dcase_MK1.csv,1909.539,1909.642,NEG,POS,NEG,NEG
dcase_MK1.csv,1914.478,1914.567,NEG,POS,NEG,NEG
dcase_MK1.csv,1915.062,1915.498,NEG,NEG,POS,NEG
dcase_MK1.csv,1915.6,1916.015,NEG,NEG,POS,NEG
dcase_MK1.csv,1916.124,1916.262,NEG,NEG,POS,NEG
dcase_MK1.csv,1916.351,1916.826,NEG,UNK,UNK,NEG
dcase_MK1.csv,1917.782,1918.324,NEG,NEG,POS,NEG
