Audiofilename,Starttime,Endtime,SNMK,CCMK,AGGM,SOCM
dcase_MK2.csv,0.811,1.039,NEG,NEG,NEG,POS
dcase_MK2.csv,1.434,1.842,NEG,NEG,NEG,POS
dcase_MK2.csv,2.257,2.561,NEG,NEG,NEG,POS
dcase_MK2.csv,3.242,3.658,NEG,NEG,NEG,POS
dcase_MK2.csv,7.171,7.358,NEG,NEG,NEG,POS
dcase_MK2.csv,10.847,11.007,NEG,POS,NEG,NEG
dcase_MK2.csv,11.311,11.508,NEG,POS,NEG,NEG
dcase_MK2.csv,11.691,11.81,NEG,POS,NEG,NEG
dcase_MK2.csv,13.311,13.511,NEG,NEG,NEG,POS
dcase_MK2.csv,16.112,16.265,NEG,POS,NEG,NEG
dcase_MK2.csv,19.343,19.488,NEG,POS,NEG,NEG
dcase_MK2.csv,20.437,20.598,NEG,POS,NEG,NEG
dcase_MK2.csv,21.076,21.255,NEG,POS,NEG,NEG
dcase_MK2.csv,23.768,23.888,NEG,POS,NEG,NEG
dcase_MK2.csv,25.371,25.497,NEG,POS,NEG,NEG
dcase_MK2.csv,28.811,28.965,NEG,POS,NEG,NEG
dcase_MK2.csv,32.645,32.774,NEG,POS,NEG,NEG
dcase_MK2.csv,34.109,34.258,NEG,POS,NEG,NEG
dcase_MK2.csv,38.998,39.19,UNK,UNK,NEG,NEG
dcase_MK2.csv,40.311,40.49,NEG,POS,NEG,NEG
dcase_MK2.csv,41.811,41.95,NEG,POS,NEG,NEG
dcase_MK2.csv,45.859,46.01,NEG,POS,NEG,NEG
dcase_MK2.csv,47.248,47.378,NEG,POS,NEG,NEG
dcase_MK2.csv,50.013,50.168,NEG,POS,NEG,NEG
dcase_MK2.csv,54.2,54.355,NEG,POS,NEG,NEG
dcase_MK2.csv,69.869,70.043,NEG,POS,NEG,NEG
dcase_MK2.csv,71.73,71.895,NEG,POS,NEG,NEG
dcase_MK2.csv,73.511,73.679,NEG,POS,NEG,NEG
dcase_MK2.csv,77.434,77.579,NEG,POS,NEG,NEG
dcase_MK2.csv,80.366,80.465,NEG,POS,NEG,NEG
dcase_MK2.csv,81.608,81.77,NEG,POS,NEG,NEG
dcase_MK2.csv,82.878,83.013,NEG,POS,NEG,NEG
dcase_MK2.csv,86.039,86.192,NEG,POS,NEG,NEG
dcase_MK2.csv,88.311,88.461,NEG,POS,NEG,NEG
dcase_MK2.csv,90.099,90.228,NEG,POS,NEG,NEG
dcase_MK2.csv,90.731,90.871,NEG,POS,NEG,NEG
dcase_MK2.csv,91.311,91.461,NEG,POS,NEG,NEG
dcase_MK2.csv,92.755,92.885,NEG,POS,NEG,NEG
dcase_MK2.csv,94.99,95.151,NEG,POS,NEG,NEG
dcase_MK2.csv,96.439,96.583,NEG,POS,NEG,NEG
dcase_MK2.csv,98.186,98.334,NEG,POS,NEG,NEG
dcase_MK2.csv,99.311,99.49,NEG,POS,NEG,NEG
dcase_MK2.csv,101.378,101.542,NEG,POS,NEG,NEG
dcase_MK2.csv,103.52,103.654,NEG,POS,NEG,NEG
dcase_MK2.csv,105.311,105.464,NEG,POS,NEG,NEG
dcase_MK2.csv,106.704,106.85,NEG,POS,NEG,NEG
dcase_MK2.csv,111.239,111.405,NEG,POS,NEG,NEG
dcase_MK2.csv,113.534,113.679,NEG,POS,NEG,NEG
dcase_MK2.csv,114.514,114.625,NEG,POS,NEG,NEG
dcase_MK2.csv,117.685,117.811,NEG,POS,NEG,NEG
dcase_MK2.csv,119.876,119.997,NEG,POS,NEG,NEG
dcase_MK2.csv,121.864,121.995,NEG,POS,NEG,NEG
dcase_MK2.csv,124.311,124.47,NEG,POS,NEG,NEG
dcase_MK2.csv,126.099,126.257,NEG,POS,NEG,NEG
dcase_MK2.csv,130.001,130.174,NEG,POS,NEG,NEG
dcase_MK2.csv,136.2,136.375,NEG,POS,NEG,NEG
dcase_MK2.csv,138.532,138.701,NEG,POS,NEG,NEG
dcase_MK2.csv,141.263,141.426,NEG,POS,NEG,NEG
dcase_MK2.csv,144.013,144.188,UNK,UNK,NEG,NEG
dcase_MK2.csv,147.359,147.544,NEG,POS,NEG,NEG
dcase_MK2.csv,149.152,149.311,NEG,POS,NEG,NEG
dcase_MK2.csv,152.311,152.445,NEG,POS,NEG,NEG
dcase_MK2.csv,155.004,155.134,NEG,POS,NEG,NEG
dcase_MK2.csv,155.955,156.055,NEG,POS,NEG,NEG
dcase_MK2.csv,160.581,160.717,NEG,POS,NEG,NEG
dcase_MK2.csv,161.507,161.615,NEG,POS,NEG,NEG
dcase_MK2.csv,161.935,162.101,NEG,POS,NEG,NEG
dcase_MK2.csv,164.018,164.191,NEG,POS,NEG,NEG
dcase_MK2.csv,167.473,167.652,NEG,POS,NEG,NEG
dcase_MK2.csv,169.45,169.553,NEG,POS,NEG,NEG
dcase_MK2.csv,173.165,173.267,NEG,POS,NEG,NEG
dcase_MK2.csv,175.002,175.148,NEG,POS,NEG,NEG
dcase_MK2.csv,176.646,176.811,NEG,POS,NEG,NEG
dcase_MK2.csv,178.48,178.667,NEG,POS,NEG,NEG
dcase_MK2.csv,180.368,180.541,NEG,POS,NEG,NEG
dcase_MK2.csv,181.651,181.789,NEG,POS,NEG,NEG
dcase_MK2.csv,187.497,187.647,NEG,POS,NEG,NEG
dcase_MK2.csv,192.7,192.893,NEG,POS,NEG,NEG
dcase_MK2.csv,193.473,193.611,NEG,POS,NEG,NEG
dcase_MK2.csv,197.577,197.738,NEG,POS,NEG,NEG
dcase_MK2.csv,200.011,200.176,NEG,POS,NEG,NEG
dcase_MK2.csv,203.088,203.261,NEG,POS,NEG,NEG
dcase_MK2.csv,206.128,206.31,NEG,POS,NEG,NEG
dcase_MK2.csv,206.772,206.989,NEG,POS,NEG,NEG
dcase_MK2.csv,207.377,207.548,NEG,POS,NEG,NEG
dcase_MK2.csv,210.358,210.515,NEG,POS,NEG,NEG
dcase_MK2.csv,212.623,212.811,NEG,POS,NEG,NEG
dcase_MK2.csv,213.751,213.922,NEG,POS,NEG,NEG
dcase_MK2.csv,215.728,215.899,NEG,POS,NEG,NEG
dcase_MK2.csv,217.713,217.886,NEG,POS,NEG,NEG
dcase_MK2.csv,219.903,220.051,NEG,POS,NEG,NEG
dcase_MK2.csv,221.919,222.09,NEG,POS,NEG,NEG
dcase_MK2.csv,223.858,224.006,NEG,POS,NEG,NEG
dcase_MK2.csv,226.993,227.216,NEG,POS,NEG,NEG
dcase_MK2.csv,228.156,228.269,NEG,POS,NEG,NEG
dcase_MK2.csv,233.995,234.165,NEG,POS,NEG,NEG
dcase_MK2.csv,235.811,235.97,NEG,POS,NEG,NEG
dcase_MK2.csv,237.09,237.284,NEG,POS,NEG,NEG
dcase_MK2.csv,239.894,240.049,NEG,POS,NEG,NEG
dcase_MK2.csv,243.496,243.63,NEG,POS,NEG,NEG
dcase_MK2.csv,245.717,245.865,NEG,POS,NEG,NEG
dcase_MK2.csv,246.707,246.9,NEG,POS,NEG,NEG
dcase_MK2.csv,247.77,247.94,NEG,POS,NEG,NEG
dcase_MK2.csv,248.541,248.713,NEG,POS,NEG,NEG
dcase_MK2.csv,251.043,251.192,NEG,POS,NEG,NEG
dcase_MK2.csv,254.125,254.31,NEG,POS,NEG,NEG
dcase_MK2.csv,257.499,257.67,NEG,POS,NEG,NEG
dcase_MK2.csv,259.311,259.478,NEG,POS,NEG,NEG
dcase_MK2.csv,262.966,263.112,NEG,POS,NEG,NEG
dcase_MK2.csv,264.551,264.709,NEG,POS,NEG,NEG
dcase_MK2.csv,271.569,271.745,NEG,POS,NEG,NEG
dcase_MK2.csv,273.003,273.173,NEG,POS,NEG,NEG
dcase_MK2.csv,275,275.163,NEG,POS,NEG,NEG
dcase_MK2.csv,278.691,278.84,NEG,POS,NEG,NEG
dcase_MK2.csv,280.043,280.224,NEG,POS,NEG,NEG
dcase_MK2.csv,282.215,282.383,NEG,POS,NEG,NEG
dcase_MK2.csv,282.597,282.762,NEG,POS,NEG,NEG
dcase_MK2.csv,283.047,283.197,NEG,POS,NEG,NEG
dcase_MK2.csv,284.207,284.392,NEG,POS,NEG,NEG
dcase_MK2.csv,285.662,285.85,NEG,POS,NEG,NEG
dcase_MK2.csv,288.772,288.918,NEG,POS,NEG,NEG
dcase_MK2.csv,289.311,289.515,NEG,POS,NEG,NEG
dcase_MK2.csv,289.811,289.97,NEG,POS,NEG,NEG
dcase_MK2.csv,292.811,292.956,NEG,POS,NEG,NEG
dcase_MK2.csv,293.615,293.766,NEG,POS,NEG,NEG
dcase_MK2.csv,294.994,295.152,NEG,POS,NEG,NEG
dcase_MK2.csv,296.928,297.08,NEG,POS,NEG,NEG
dcase_MK2.csv,300.487,300.659,NEG,POS,NEG,NEG
dcase_MK2.csv,301.859,302.025,NEG,POS,NEG,NEG
dcase_MK2.csv,304.096,304.272,NEG,POS,NEG,NEG
dcase_MK2.csv,305.017,305.199,NEG,POS,NEG,NEG
dcase_MK2.csv,305.311,305.508,NEG,POS,NEG,NEG
dcase_MK2.csv,305.714,305.811,NEG,POS,NEG,NEG
dcase_MK2.csv,305.918,306.041,NEG,POS,NEG,NEG
dcase_MK2.csv,306.618,306.709,NEG,POS,NEG,NEG
dcase_MK2.csv,307.363,307.519,NEG,POS,NEG,NEG
dcase_MK2.csv,308.661,308.811,NEG,POS,NEG,NEG
dcase_MK2.csv,309.053,309.549,NEG,UNK,UNK,NEG
dcase_MK2.csv,309.811,309.972,NEG,POS,NEG,NEG
dcase_MK2.csv,310.131,310.211,NEG,POS,NEG,NEG
dcase_MK2.csv,310.64,310.81,NEG,POS,NEG,NEG
dcase_MK2.csv,311.058,311.176,NEG,POS,NEG,NEG
dcase_MK2.csv,311.811,311.947,NEG,POS,NEG,NEG
dcase_MK2.csv,312.101,312.264,NEG,POS,NEG,NEG
dcase_MK2.csv,312.484,312.622,NEG,POS,NEG,NEG
dcase_MK2.csv,313.121,313.262,NEG,POS,NEG,NEG
dcase_MK2.csv,313.853,314.017,NEG,POS,NEG,NEG
dcase_MK2.csv,314.811,314.949,NEG,POS,NEG,NEG
dcase_MK2.csv,316.201,316.31,NEG,POS,NEG,NEG
dcase_MK2.csv,317.086,317.216,NEG,POS,NEG,NEG
dcase_MK2.csv,319.897,320.043,NEG,POS,NEG,NEG
dcase_MK2.csv,321.684,321.811,NEG,POS,NEG,NEG
dcase_MK2.csv,324.811,324.989,NEG,POS,NEG,NEG
dcase_MK2.csv,326.539,326.692,NEG,POS,NEG,NEG
dcase_MK2.csv,327.698,327.844,NEG,POS,NEG,NEG
dcase_MK2.csv,329.879,330.046,NEG,POS,NEG,NEG
dcase_MK2.csv,330.659,330.811,NEG,POS,NEG,NEG
dcase_MK2.csv,333.076,333.218,NEG,POS,NEG,NEG
dcase_MK2.csv,335.618,335.81,NEG,POS,NEG,NEG
dcase_MK2.csv,336.311,336.501,NEG,POS,NEG,NEG
dcase_MK2.csv,338.311,338.457,NEG,POS,NEG,NEG
dcase_MK2.csv,339.311,339.404,NEG,POS,NEG,NEG
dcase_MK2.csv,339.888,340.044,NEG,POS,NEG,NEG
dcase_MK2.csv,343.014,343.177,NEG,POS,NEG,NEG
dcase_MK2.csv,349.581,349.725,NEG,POS,NEG,NEG
dcase_MK2.csv,351.311,351.486,NEG,POS,NEG,NEG
dcase_MK2.csv,354.173,354.31,NEG,POS,NEG,NEG
dcase_MK2.csv,359.311,359.423,NEG,POS,NEG,NEG
dcase_MK2.csv,364.695,364.872,NEG,POS,NEG,NEG
dcase_MK2.csv,368.009,368.173,NEG,POS,NEG,NEG
dcase_MK2.csv,389.37,389.545,NEG,POS,NEG,NEG
dcase_MK2.csv,392.155,392.31,NEG,POS,NEG,NEG
dcase_MK2.csv,395.542,395.736,NEG,POS,NEG,NEG
dcase_MK2.csv,400.838,401.034,UNK,UNK,NEG,NEG
dcase_MK2.csv,403.311,403.485,UNK,UNK,NEG,NEG
dcase_MK2.csv,405.682,405.885,NEG,POS,NEG,NEG
dcase_MK2.csv,406.894,407.047,NEG,POS,NEG,NEG
dcase_MK2.csv,409.626,409.811,NEG,POS,NEG,NEG
dcase_MK2.csv,414.351,414.435,POS,NEG,NEG,NEG
dcase_MK2.csv,414.759,415.126,NEG,NEG,NEG,POS
dcase_MK2.csv,416.211,416.401,NEG,POS,NEG,NEG
dcase_MK2.csv,417.311,417.457,NEG,POS,NEG,NEG
dcase_MK2.csv,417.769,417.952,NEG,POS,NEG,NEG
dcase_MK2.csv,418.443,418.586,NEG,POS,NEG,NEG
dcase_MK2.csv,420.66,420.847,NEG,POS,NEG,NEG
dcase_MK2.csv,421.311,421.467,NEG,POS,NEG,NEG
dcase_MK2.csv,425.529,425.65,NEG,POS,NEG,NEG
dcase_MK2.csv,427.898,428.041,NEG,POS,NEG,NEG
dcase_MK2.csv,432.93,433.101,NEG,POS,NEG,NEG
dcase_MK2.csv,438.761,438.893,NEG,POS,NEG,NEG
dcase_MK2.csv,448.893,449.058,NEG,POS,NEG,NEG
dcase_MK2.csv,453.854,454.065,NEG,POS,NEG,NEG
dcase_MK2.csv,455.569,455.736,NEG,POS,NEG,NEG
dcase_MK2.csv,460.879,461.054,NEG,POS,NEG,NEG
dcase_MK2.csv,464.311,464.454,NEG,POS,NEG,NEG
dcase_MK2.csv,472.6,472.754,NEG,POS,NEG,NEG
dcase_MK2.csv,474.458,474.611,NEG,POS,NEG,NEG
dcase_MK2.csv,477.484,477.637,NEG,POS,NEG,NEG
dcase_MK2.csv,481.6,481.772,NEG,POS,NEG,NEG
dcase_MK2.csv,488.565,488.725,NEG,POS,NEG,NEG
dcase_MK2.csv,493.939,494.103,NEG,POS,NEG,NEG
dcase_MK2.csv,497.554,497.693,NEG,POS,NEG,NEG
dcase_MK2.csv,498.963,499.086,NEG,POS,NEG,NEG
dcase_MK2.csv,501.091,501.211,NEG,POS,NEG,NEG
dcase_MK2.csv,502.902,503.044,NEG,POS,NEG,NEG
dcase_MK2.csv,505.9,506.092,NEG,POS,NEG,NEG
dcase_MK2.csv,509.66,509.81,NEG,POS,NEG,NEG
dcase_MK2.csv,511.789,511.958,NEG,POS,NEG,NEG
dcase_MK2.csv,513.87,514.034,NEG,POS,NEG,NEG
dcase_MK2.csv,519.398,519.554,NEG,POS,NEG,NEG
dcase_MK2.csv,527.37,527.521,NEG,POS,NEG,NEG
dcase_MK2.csv,531.432,531.585,NEG,POS,NEG,NEG
dcase_MK2.csv,535.657,535.77,NEG,POS,NEG,NEG
dcase_MK2.csv,544.407,544.55,NEG,POS,NEG,NEG
dcase_MK2.csv,546.751,546.904,NEG,POS,NEG,NEG
dcase_MK2.csv,553.52,553.639,NEG,POS,NEG,NEG
dcase_MK2.csv,556.568,556.742,NEG,POS,NEG,NEG
dcase_MK2.csv,560.514,560.639,NEG,POS,NEG,NEG
dcase_MK2.csv,563.169,563.311,NEG,POS,NEG,NEG
dcase_MK2.csv,566.848,566.996,NEG,POS,NEG,NEG
dcase_MK2.csv,571.475,571.622,NEG,POS,NEG,NEG
dcase_MK2.csv,581.223,581.409,NEG,POS,NEG,NEG
dcase_MK2.csv,586.164,586.357,NEG,POS,NEG,NEG
dcase_MK2.csv,590.726,590.887,NEG,POS,NEG,NEG
dcase_MK2.csv,626.479,626.664,NEG,POS,NEG,NEG
dcase_MK2.csv,639.588,639.811,NEG,POS,NEG,NEG
dcase_MK2.csv,641.595,641.701,NEG,POS,NEG,NEG
dcase_MK2.csv,644.977,645.122,NEG,POS,NEG,NEG
dcase_MK2.csv,654.811,654.921,NEG,POS,NEG,NEG
dcase_MK2.csv,660.401,660.583,NEG,POS,NEG,NEG
dcase_MK2.csv,665.06,665.224,NEG,POS,NEG,NEG
dcase_MK2.csv,667.635,667.811,NEG,POS,NEG,NEG
dcase_MK2.csv,668.811,668.952,NEG,POS,NEG,NEG
dcase_MK2.csv,670.695,670.842,NEG,POS,NEG,NEG
dcase_MK2.csv,688.75,688.912,NEG,POS,NEG,NEG
dcase_MK2.csv,695.083,695.254,NEG,POS,NEG,NEG
dcase_MK2.csv,716.033,716.2,NEG,POS,NEG,NEG
dcase_MK2.csv,721.208,721.373,NEG,POS,NEG,NEG
dcase_MK2.csv,723.12,723.284,NEG,POS,NEG,NEG
dcase_MK2.csv,726.122,726.294,NEG,POS,NEG,NEG
dcase_MK2.csv,728.211,728.362,NEG,POS,NEG,NEG
dcase_MK2.csv,729.474,729.643,NEG,POS,NEG,NEG
dcase_MK2.csv,731.629,731.775,NEG,POS,NEG,NEG
dcase_MK2.csv,733.997,734.144,NEG,POS,NEG,NEG
dcase_MK2.csv,738.887,739.028,NEG,POS,NEG,NEG
dcase_MK2.csv,742.176,742.35,NEG,POS,NEG,NEG
dcase_MK2.csv,745.263,745.409,NEG,POS,NEG,NEG
dcase_MK2.csv,747.612,747.766,NEG,POS,NEG,NEG
dcase_MK2.csv,749.217,749.354,NEG,POS,NEG,NEG
dcase_MK2.csv,752.24,752.375,NEG,POS,NEG,NEG
dcase_MK2.csv,753.959,754.08,NEG,POS,NEG,NEG
dcase_MK2.csv,757.349,757.476,NEG,POS,NEG,NEG
dcase_MK2.csv,759.279,759.396,NEG,POS,NEG,NEG
dcase_MK2.csv,760.116,760.249,NEG,POS,NEG,NEG
dcase_MK2.csv,762.908,763.042,NEG,POS,NEG,NEG
dcase_MK2.csv,764.494,764.618,NEG,POS,NEG,NEG
dcase_MK2.csv,766.141,766.281,NEG,POS,NEG,NEG
dcase_MK2.csv,767.37,767.495,NEG,POS,NEG,NEG
dcase_MK2.csv,770.529,770.663,NEG,POS,NEG,NEG
dcase_MK2.csv,772.684,772.81,NEG,POS,NEG,NEG
dcase_MK2.csv,784.811,784.964,NEG,POS,NEG,NEG
dcase_MK2.csv,787.577,787.685,NEG,POS,NEG,NEG
dcase_MK2.csv,789.745,789.907,NEG,POS,NEG,NEG
dcase_MK2.csv,792.347,792.461,NEG,POS,NEG,NEG
dcase_MK2.csv,794.493,794.631,NEG,POS,NEG,NEG
dcase_MK2.csv,799.75,799.902,NEG,POS,NEG,NEG
dcase_MK2.csv,802.935,803.096,NEG,POS,NEG,NEG
dcase_MK2.csv,822.579,822.726,NEG,POS,NEG,NEG
dcase_MK2.csv,839.923,840.097,NEG,POS,NEG,NEG
dcase_MK2.csv,853.934,854.077,NEG,POS,NEG,NEG
dcase_MK2.csv,862.023,862.183,NEG,POS,NEG,NEG
dcase_MK2.csv,864.344,864.499,NEG,POS,NEG,NEG
dcase_MK2.csv,866.311,866.446,NEG,POS,NEG,NEG
dcase_MK2.csv,870.987,871.119,NEG,POS,NEG,NEG
dcase_MK2.csv,878.02,878.183,NEG,POS,NEG,NEG
dcase_MK2.csv,881.971,882.123,NEG,POS,NEG,NEG
dcase_MK2.csv,885.482,885.634,NEG,POS,NEG,NEG
dcase_MK2.csv,887.871,888.046,UNK,UNK,NEG,NEG
dcase_MK2.csv,889.693,889.886,UNK,UNK,NEG,NEG
dcase_MK2.csv,893.781,893.953,UNK,UNK,NEG,NEG
dcase_MK2.csv,896.198,896.249,POS,NEG,NEG,NEG
dcase_MK2.csv,898.395,898.543,NEG,POS,NEG,NEG
dcase_MK2.csv,901.643,901.779,NEG,POS,NEG,NEG
dcase_MK2.csv,903.311,903.457,NEG,POS,NEG,NEG
dcase_MK2.csv,906.453,906.603,NEG,POS,NEG,NEG
dcase_MK2.csv,909.146,909.31,NEG,POS,NEG,NEG
dcase_MK2.csv,912.214,912.384,NEG,POS,NEG,NEG
dcase_MK2.csv,913.024,913.157,NEG,POS,NEG,NEG
dcase_MK2.csv,914.933,915.079,NEG,POS,NEG,NEG
dcase_MK2.csv,917.102,917.269,NEG,POS,NEG,NEG
dcase_MK2.csv,922.311,922.452,NEG,POS,NEG,NEG
dcase_MK2.csv,923.396,923.529,NEG,POS,NEG,NEG
dcase_MK2.csv,925.135,925.268,NEG,POS,NEG,NEG
dcase_MK2.csv,928.099,928.257,NEG,POS,NEG,NEG
dcase_MK2.csv,928.843,929.006,NEG,POS,NEG,NEG
dcase_MK2.csv,929.222,929.408,NEG,POS,NEG,NEG
dcase_MK2.csv,930.877,931.029,NEG,POS,NEG,NEG
dcase_MK2.csv,932.956,933.089,NEG,POS,NEG,NEG
dcase_MK2.csv,934.905,935.033,NEG,POS,NEG,NEG
dcase_MK2.csv,936.182,936.31,NEG,POS,NEG,NEG
dcase_MK2.csv,937.649,937.81,NEG,POS,NEG,NEG
dcase_MK2.csv,939.311,939.463,NEG,POS,NEG,NEG
dcase_MK2.csv,940.647,940.81,NEG,POS,NEG,NEG
dcase_MK2.csv,941.598,941.738,NEG,POS,NEG,NEG
dcase_MK2.csv,942.24,942.41,NEG,POS,NEG,NEG
dcase_MK2.csv,944.588,944.746,NEG,POS,NEG,NEG
dcase_MK2.csv,946.594,946.726,NEG,POS,NEG,NEG
dcase_MK2.csv,948.781,948.91,NEG,POS,NEG,NEG
dcase_MK2.csv,952.565,952.72,NEG,NEG,NEG,POS
dcase_MK2.csv,954.034,954.392,NEG,NEG,NEG,POS
dcase_MK2.csv,960.417,960.556,NEG,POS,NEG,NEG
dcase_MK2.csv,963.384,963.558,NEG,NEG,NEG,POS
dcase_MK2.csv,964.871,965.025,NEG,POS,NEG,NEG
dcase_MK2.csv,966.311,966.402,NEG,POS,NEG,NEG
dcase_MK2.csv,967.731,967.874,NEG,POS,NEG,NEG
dcase_MK2.csv,968.674,968.811,NEG,POS,NEG,NEG
dcase_MK2.csv,969.937,970.091,NEG,POS,NEG,NEG
dcase_MK2.csv,972.201,972.349,NEG,POS,NEG,NEG
dcase_MK2.csv,974.267,974.387,NEG,POS,NEG,NEG
dcase_MK2.csv,977.273,977.379,NEG,POS,NEG,NEG
dcase_MK2.csv,978.764,978.891,NEG,POS,NEG,NEG
dcase_MK2.csv,981.661,981.81,NEG,POS,NEG,NEG
dcase_MK2.csv,982.626,982.76,NEG,POS,NEG,NEG
dcase_MK2.csv,983.811,983.975,NEG,POS,NEG,NEG
dcase_MK2.csv,986.277,986.41,NEG,POS,NEG,NEG
dcase_MK2.csv,986.811,986.917,NEG,POS,NEG,NEG
dcase_MK2.csv,988.414,988.546,NEG,POS,NEG,NEG
dcase_MK2.csv,991.622,991.749,NEG,POS,NEG,NEG
dcase_MK2.csv,998.811,998.944,NEG,POS,NEG,NEG
dcase_MK2.csv,1003.811,1003.94,NEG,POS,NEG,NEG
dcase_MK2.csv,1009.132,1009.281,NEG,POS,NEG,NEG
dcase_MK2.csv,1010.871,1011.015,NEG,POS,NEG,NEG
dcase_MK2.csv,1012.811,1012.943,NEG,POS,NEG,NEG
dcase_MK2.csv,1014.585,1014.724,NEG,POS,NEG,NEG
dcase_MK2.csv,1016.426,1016.575,NEG,POS,NEG,NEG
dcase_MK2.csv,1018.103,1018.265,NEG,POS,NEG,NEG
dcase_MK2.csv,1018.542,1018.811,UNK,UNK,UNK,UNK
dcase_MK2.csv,1018.991,1019.132,NEG,POS,NEG,NEG
dcase_MK2.csv,1019.263,1019.446,UNK,UNK,UNK,UNK
dcase_MK2.csv,1020.659,1020.778,NEG,POS,NEG,NEG
dcase_MK2.csv,1022.226,1022.362,NEG,POS,NEG,NEG
dcase_MK2.csv,1023.842,1023.952,NEG,POS,NEG,NEG
dcase_MK2.csv,1025.262,1025.411,NEG,POS,NEG,NEG
dcase_MK2.csv,1027.266,1027.393,NEG,POS,NEG,NEG
dcase_MK2.csv,1029.21,1029.357,NEG,POS,NEG,NEG
dcase_MK2.csv,1032.138,1032.271,NEG,POS,NEG,NEG
dcase_MK2.csv,1034.429,1034.568,NEG,POS,NEG,NEG
dcase_MK2.csv,1035.926,1036.074,NEG,POS,NEG,NEG
dcase_MK2.csv,1037.843,1037.96,NEG,POS,NEG,NEG
dcase_MK2.csv,1040.069,1040.196,NEG,POS,NEG,NEG
dcase_MK2.csv,1041.395,1041.483,NEG,POS,NEG,NEG
dcase_MK2.csv,1042.637,1042.759,NEG,POS,NEG,NEG
dcase_MK2.csv,1044.344,1044.48,NEG,POS,NEG,NEG
dcase_MK2.csv,1046.62,1046.761,NEG,POS,NEG,NEG
dcase_MK2.csv,1048.411,1048.58,NEG,POS,NEG,NEG
dcase_MK2.csv,1050.344,1050.5,NEG,POS,NEG,NEG
dcase_MK2.csv,1050.767,1050.926,NEG,POS,NEG,NEG
dcase_MK2.csv,1051.545,1051.707,NEG,POS,NEG,NEG
dcase_MK2.csv,1052.764,1052.899,NEG,POS,NEG,NEG
dcase_MK2.csv,1054.442,1054.593,NEG,POS,NEG,NEG
dcase_MK2.csv,1054.785,1056.041,UNK,UNK,UNK,UNK
dcase_MK2.csv,1055.708,1055.838,NEG,POS,NEG,NEG
dcase_MK2.csv,1059.903,1060.03,NEG,POS,NEG,NEG
dcase_MK2.csv,1063.889,1064.035,NEG,POS,NEG,NEG
dcase_MK2.csv,1066.894,1067.03,NEG,POS,NEG,NEG
dcase_MK2.csv,1070.795,1070.943,NEG,POS,NEG,NEG
dcase_MK2.csv,1072.864,1073,NEG,POS,NEG,NEG
dcase_MK2.csv,1076.012,1076.118,NEG,POS,NEG,NEG
dcase_MK2.csv,1077.655,1077.761,NEG,POS,NEG,NEG
dcase_MK2.csv,1081.154,1081.31,NEG,POS,NEG,NEG
dcase_MK2.csv,1082.242,1082.379,NEG,POS,NEG,NEG
dcase_MK2.csv,1083.902,1084.031,NEG,POS,NEG,NEG
dcase_MK2.csv,1085.102,1085.245,NEG,POS,NEG,NEG
dcase_MK2.csv,1088.14,1088.291,NEG,POS,NEG,NEG
dcase_MK2.csv,1090.015,1090.181,NEG,POS,NEG,NEG
dcase_MK2.csv,1094.062,1094.185,NEG,POS,NEG,NEG
dcase_MK2.csv,1096.604,1096.745,NEG,POS,NEG,NEG
dcase_MK2.csv,1097.311,1097.449,NEG,POS,NEG,NEG
dcase_MK2.csv,1098.274,1098.444,NEG,POS,NEG,NEG
dcase_MK2.csv,1101.372,1101.514,NEG,POS,NEG,NEG
dcase_MK2.csv,1103.065,1103.198,NEG,POS,NEG,NEG
dcase_MK2.csv,1104.433,1104.562,NEG,POS,NEG,NEG
dcase_MK2.csv,1105.487,1105.622,NEG,POS,NEG,NEG
dcase_MK2.csv,1108.747,1108.892,NEG,POS,NEG,NEG
dcase_MK2.csv,1113.577,1113.702,NEG,POS,NEG,NEG
dcase_MK2.csv,1115.356,1115.499,NEG,POS,NEG,NEG
dcase_MK2.csv,1118.861,1118.974,NEG,POS,NEG,NEG
dcase_MK2.csv,1121.652,1121.81,NEG,POS,NEG,NEG
dcase_MK2.csv,1124.311,1124.472,NEG,POS,NEG,NEG
dcase_MK2.csv,1125.44,1125.628,NEG,POS,NEG,NEG
dcase_MK2.csv,1129.971,1130.114,NEG,POS,NEG,NEG
dcase_MK2.csv,1131.811,1131.959,NEG,POS,NEG,NEG
dcase_MK2.csv,1133.886,1134.014,NEG,POS,NEG,NEG
dcase_MK2.csv,1137.811,1137.958,NEG,POS,NEG,NEG
dcase_MK2.csv,1139.743,1139.898,NEG,POS,NEG,NEG
dcase_MK2.csv,1142.657,1142.749,NEG,POS,NEG,NEG
dcase_MK2.csv,1144.091,1144.237,NEG,POS,NEG,NEG
dcase_MK2.csv,1144.434,1144.584,NEG,NEG,NEG,POS
dcase_MK2.csv,1148.172,1148.31,NEG,POS,NEG,NEG
dcase_MK2.csv,1151.022,1151.146,NEG,POS,NEG,NEG
dcase_MK2.csv,1154.355,1154.487,NEG,POS,NEG,NEG
dcase_MK2.csv,1158.072,1158.208,NEG,POS,NEG,NEG
dcase_MK2.csv,1160.981,1161.084,NEG,POS,NEG,NEG
dcase_MK2.csv,1164.345,1164.51,NEG,POS,NEG,NEG
dcase_MK2.csv,1171.135,1171.297,NEG,POS,NEG,NEG
dcase_MK2.csv,1182.152,1182.311,NEG,POS,NEG,NEG
dcase_MK2.csv,1186.267,1186.427,NEG,POS,NEG,NEG
dcase_MK2.csv,1187.344,1187.484,NEG,POS,NEG,NEG
dcase_MK2.csv,1189.377,1189.512,NEG,POS,NEG,NEG
dcase_MK2.csv,1194.625,1194.771,NEG,POS,NEG,NEG
dcase_MK2.csv,1199.486,1199.623,NEG,POS,NEG,NEG
dcase_MK2.csv,1200.976,1201.109,NEG,POS,NEG,NEG
dcase_MK2.csv,1203.811,1203.945,NEG,POS,NEG,NEG
dcase_MK2.csv,1204.706,1204.858,NEG,POS,NEG,NEG
dcase_MK2.csv,1207.269,1207.41,NEG,POS,NEG,NEG
dcase_MK2.csv,1214.055,1214.207,NEG,POS,NEG,NEG
dcase_MK2.csv,1221.841,1221.975,NEG,POS,NEG,NEG
dcase_MK2.csv,1224.674,1224.836,NEG,POS,NEG,NEG
dcase_MK2.csv,1226.542,1226.688,NEG,POS,NEG,NEG
dcase_MK2.csv,1228.768,1228.92,NEG,POS,NEG,NEG
dcase_MK2.csv,1231.611,1231.775,NEG,POS,NEG,NEG
dcase_MK2.csv,1232.987,1233.135,NEG,POS,NEG,NEG
dcase_MK2.csv,1234.949,1235.091,NEG,POS,NEG,NEG
dcase_MK2.csv,1237.596,1237.747,NEG,POS,NEG,NEG
dcase_MK2.csv,1241.452,1241.58,NEG,POS,NEG,NEG
dcase_MK2.csv,1244.665,1244.778,NEG,POS,NEG,NEG
dcase_MK2.csv,1245.412,1245.559,NEG,POS,NEG,NEG
dcase_MK2.csv,1246.768,1246.916,NEG,POS,NEG,NEG
dcase_MK2.csv,1247.865,1248.026,NEG,POS,NEG,NEG
dcase_MK2.csv,1249.074,1249.21,NEG,POS,NEG,NEG
dcase_MK2.csv,1249.882,1250.037,NEG,POS,NEG,NEG
dcase_MK2.csv,1251.638,1251.751,NEG,POS,NEG,NEG
dcase_MK2.csv,1254.129,1254.255,NEG,POS,NEG,NEG
dcase_MK2.csv,1260.126,1260.251,NEG,POS,NEG,NEG
dcase_MK2.csv,1262.422,1262.573,NEG,POS,NEG,NEG
dcase_MK2.csv,1264.66,1264.772,NEG,POS,NEG,NEG
dcase_MK2.csv,1278.109,1278.249,NEG,POS,NEG,NEG
dcase_MK2.csv,1285.437,1285.526,NEG,POS,NEG,NEG
dcase_MK2.csv,1287.349,1287.45,NEG,POS,NEG,NEG
dcase_MK2.csv,1289.95,1290.095,NEG,POS,NEG,NEG
dcase_MK2.csv,1295.468,1295.601,NEG,POS,NEG,NEG
dcase_MK2.csv,1298.207,1298.364,NEG,POS,NEG,NEG
dcase_MK2.csv,1301.113,1301.275,NEG,POS,NEG,NEG
dcase_MK2.csv,1304.948,1305.12,NEG,POS,NEG,NEG
dcase_MK2.csv,1306.264,1306.406,NEG,POS,NEG,NEG
dcase_MK2.csv,1308.493,1308.664,NEG,POS,NEG,NEG
dcase_MK2.csv,1318.622,1318.774,NEG,POS,NEG,NEG
dcase_MK2.csv,1323.588,1323.761,NEG,POS,NEG,NEG
dcase_MK2.csv,1328.55,1328.589,POS,NEG,NEG,NEG
dcase_MK2.csv,1328.762,1328.811,POS,NEG,NEG,NEG
dcase_MK2.csv,1329.142,1329.31,NEG,POS,NEG,NEG
dcase_MK2.csv,1331.971,1332.096,NEG,POS,NEG,NEG
dcase_MK2.csv,1336.845,1336.981,NEG,POS,NEG,NEG
dcase_MK2.csv,1339.248,1339.392,NEG,POS,NEG,NEG
dcase_MK2.csv,1341.966,1342.1,NEG,POS,NEG,NEG
dcase_MK2.csv,1355.732,1355.781,POS,NEG,NEG,NEG
dcase_MK2.csv,1356.122,1356.186,POS,NEG,NEG,NEG
dcase_MK2.csv,1357.281,1357.351,POS,NEG,NEG,NEG
dcase_MK2.csv,1358.08,1358.136,POS,NEG,NEG,NEG
dcase_MK2.csv,1359.311,1359.516,NEG,NEG,NEG,POS
dcase_MK2.csv,1362.95,1363.09,NEG,POS,NEG,NEG
dcase_MK2.csv,1367.647,1367.81,NEG,POS,NEG,NEG
dcase_MK2.csv,1373.274,1373.412,NEG,POS,NEG,NEG
dcase_MK2.csv,1379.255,1379.436,NEG,POS,NEG,NEG
dcase_MK2.csv,1381.578,1381.684,NEG,POS,NEG,NEG
dcase_MK2.csv,1385.029,1385.185,NEG,POS,NEG,NEG
dcase_MK2.csv,1389.2,1389.368,NEG,POS,NEG,NEG
dcase_MK2.csv,1394.257,1394.458,NEG,POS,NEG,NEG
dcase_MK2.csv,1397.776,1397.965,UNK,UNK,NEG,NEG
dcase_MK2.csv,1398.441,1398.502,POS,NEG,NEG,NEG
dcase_MK2.csv,1398.651,1398.844,UNK,UNK,NEG,NEG
dcase_MK2.csv,1399.926,1399.971,POS,NEG,NEG,NEG
dcase_MK2.csv,1400.263,1400.31,POS,NEG,NEG,NEG
dcase_MK2.csv,1400.348,1400.399,POS,NEG,NEG,NEG
dcase_MK2.csv,1400.66,1400.711,POS,NEG,NEG,NEG
dcase_MK2.csv,1400.712,1400.91,NEG,NEG,NEG,POS
dcase_MK2.csv,1407.134,1407.31,NEG,NEG,NEG,POS
dcase_MK2.csv,1408.093,1408.338,NEG,NEG,NEG,POS
dcase_MK2.csv,1409.917,1410.066,NEG,POS,NEG,NEG
dcase_MK2.csv,1413.184,1413.321,NEG,POS,NEG,NEG
dcase_MK2.csv,1415.311,1415.442,NEG,POS,NEG,NEG
dcase_MK2.csv,1416.899,1417.063,NEG,POS,NEG,NEG
dcase_MK2.csv,1419.762,1419.894,NEG,POS,NEG,NEG
dcase_MK2.csv,1421.61,1421.736,NEG,POS,NEG,NEG
dcase_MK2.csv,1423.311,1423.447,NEG,POS,NEG,NEG
dcase_MK2.csv,1427.665,1427.811,NEG,POS,NEG,NEG
dcase_MK2.csv,1429.47,1429.597,NEG,POS,NEG,NEG
dcase_MK2.csv,1431.11,1431.225,NEG,POS,NEG,NEG
dcase_MK2.csv,1432.231,1432.31,NEG,POS,NEG,NEG
dcase_MK2.csv,1440.6,1440.75,NEG,POS,NEG,NEG
dcase_MK2.csv,1446.811,1446.966,NEG,POS,NEG,NEG
dcase_MK2.csv,1447.387,1447.527,NEG,POS,NEG,NEG
dcase_MK2.csv,1449.49,1449.631,NEG,POS,NEG,NEG
dcase_MK2.csv,1452.42,1452.57,NEG,POS,NEG,NEG
dcase_MK2.csv,1453.946,1454.089,NEG,POS,NEG,NEG
dcase_MK2.csv,1455.155,1455.311,NEG,POS,NEG,NEG
dcase_MK2.csv,1457.192,1457.311,NEG,POS,NEG,NEG
dcase_MK2.csv,1459.202,1459.33,NEG,POS,NEG,NEG
dcase_MK2.csv,1460.271,1460.418,NEG,POS,NEG,NEG
dcase_MK2.csv,1462.897,1463.017,NEG,POS,NEG,NEG
dcase_MK2.csv,1468.51,1468.657,NEG,POS,NEG,NEG
dcase_MK2.csv,1468.996,1469.153,NEG,POS,NEG,NEG
dcase_MK2.csv,1473.43,1473.567,NEG,POS,NEG,NEG
dcase_MK2.csv,1474.572,1474.716,NEG,POS,NEG,NEG
dcase_MK2.csv,1476.346,1476.481,NEG,POS,NEG,NEG
dcase_MK2.csv,1476.976,1477.125,NEG,POS,NEG,NEG
dcase_MK2.csv,1478.714,1478.846,NEG,POS,NEG,NEG
dcase_MK2.csv,1490.231,1490.367,NEG,POS,NEG,NEG
dcase_MK2.csv,1507.285,1507.426,NEG,POS,NEG,NEG
dcase_MK2.csv,1511.08,1511.203,NEG,POS,NEG,NEG
dcase_MK2.csv,1513.916,1514.049,NEG,POS,NEG,NEG
dcase_MK2.csv,1522.088,1522.268,NEG,POS,NEG,NEG
dcase_MK2.csv,1525.087,1525.273,NEG,POS,NEG,NEG
dcase_MK2.csv,1528.877,1529.034,NEG,POS,NEG,NEG
dcase_MK2.csv,1531.455,1531.587,NEG,POS,NEG,NEG
dcase_MK2.csv,1536.766,1536.923,NEG,POS,NEG,NEG
dcase_MK2.csv,1540.167,1540.232,POS,NEG,NEG,NEG
dcase_MK2.csv,1540.811,1540.862,POS,NEG,NEG,NEG
dcase_MK2.csv,1542.017,1542.079,POS,NEG,NEG,NEG
dcase_MK2.csv,1542.097,1542.168,POS,NEG,NEG,NEG
dcase_MK2.csv,1548.97,1549.127,NEG,POS,NEG,NEG
dcase_MK2.csv,1552.661,1552.72,POS,NEG,NEG,NEG
dcase_MK2.csv,1553.579,1553.746,NEG,NEG,NEG,POS
dcase_MK2.csv,1555.766,1555.962,NEG,NEG,NEG,POS
dcase_MK2.csv,1557.598,1557.679,POS,NEG,NEG,NEG
dcase_MK2.csv,1559.948,1560.124,UNK,UNK,NEG,NEG
dcase_MK2.csv,1569.513,1569.699,NEG,POS,NEG,NEG
dcase_MK2.csv,1572.684,1572.83,NEG,POS,NEG,NEG
dcase_MK2.csv,1576.669,1576.828,NEG,POS,NEG,NEG
dcase_MK2.csv,1579.336,1579.473,NEG,POS,NEG,NEG
dcase_MK2.csv,1583.016,1583.186,NEG,POS,NEG,NEG
dcase_MK2.csv,1584.041,1584.172,NEG,POS,NEG,NEG
dcase_MK2.csv,1584.624,1584.771,NEG,POS,NEG,NEG
dcase_MK2.csv,1586.671,1586.819,UNK,UNK,NEG,NEG
dcase_MK2.csv,1589.98,1590.146,NEG,POS,NEG,NEG
dcase_MK2.csv,1592.826,1592.981,NEG,POS,NEG,NEG
dcase_MK2.csv,1596.579,1596.724,NEG,POS,NEG,NEG
dcase_MK2.csv,1601.039,1601.178,NEG,POS,NEG,NEG
dcase_MK2.csv,1603.387,1603.542,NEG,POS,NEG,NEG
dcase_MK2.csv,1606.516,1606.636,NEG,POS,NEG,NEG
dcase_MK2.csv,1611.44,1611.596,NEG,POS,NEG,NEG
dcase_MK2.csv,1617.486,1617.613,NEG,POS,NEG,NEG
dcase_MK2.csv,1629.297,1629.424,NEG,POS,NEG,NEG
dcase_MK2.csv,1633.846,1634.007,NEG,POS,NEG,NEG
dcase_MK2.csv,1636.706,1636.885,UNK,UNK,NEG,NEG
dcase_MK2.csv,1640.996,1641.129,NEG,POS,NEG,NEG
dcase_MK2.csv,1642.733,1642.904,NEG,POS,NEG,NEG
dcase_MK2.csv,1643.523,1643.637,NEG,POS,NEG,NEG
dcase_MK2.csv,1647.467,1647.59,NEG,POS,NEG,NEG
dcase_MK2.csv,1648.802,1648.964,NEG,POS,NEG,NEG
dcase_MK2.csv,1650.283,1650.445,NEG,POS,NEG,NEG
dcase_MK2.csv,1653.989,1654.144,NEG,POS,NEG,NEG
dcase_MK2.csv,1657.045,1657.195,NEG,POS,NEG,NEG
dcase_MK2.csv,1661.007,1661.173,NEG,POS,NEG,NEG
dcase_MK2.csv,1663.939,1664.143,NEG,NEG,NEG,POS
dcase_MK2.csv,1666.102,1666.258,NEG,UNK,NEG,UNK
dcase_MK2.csv,1668.783,1668.93,NEG,POS,NEG,NEG
dcase_MK2.csv,1670.302,1670.459,NEG,POS,NEG,NEG
dcase_MK2.csv,1674.259,1674.393,NEG,POS,NEG,NEG
dcase_MK2.csv,1675.743,1675.883,NEG,POS,NEG,NEG
dcase_MK2.csv,1678.011,1678.118,NEG,POS,NEG,NEG
dcase_MK2.csv,1679.637,1679.794,NEG,POS,NEG,NEG
dcase_MK2.csv,1680.964,1681.049,NEG,POS,NEG,NEG
dcase_MK2.csv,1682.816,1682.953,NEG,POS,NEG,NEG
dcase_MK2.csv,1685.055,1685.19,NEG,POS,NEG,NEG
dcase_MK2.csv,1686.566,1686.704,NEG,POS,NEG,NEG
dcase_MK2.csv,1688.196,1688.356,NEG,POS,NEG,NEG
dcase_MK2.csv,1691.777,1691.948,NEG,POS,NEG,NEG
dcase_MK2.csv,1693.617,1693.762,NEG,POS,NEG,NEG
dcase_MK2.csv,1695.38,1695.52,NEG,POS,NEG,NEG
dcase_MK2.csv,1701.422,1701.556,NEG,POS,NEG,NEG
dcase_MK2.csv,1702.125,1702.302,NEG,POS,NEG,NEG
dcase_MK2.csv,1709.758,1709.89,NEG,POS,NEG,NEG
dcase_MK2.csv,1715.192,1715.37,UNK,UNK,NEG,NEG
dcase_MK2.csv,1717.226,1717.39,UNK,UNK,NEG,NEG
dcase_MK2.csv,1719.868,1720.037,UNK,UNK,NEG,NEG
dcase_MK2.csv,1721.355,1721.426,POS,NEG,NEG,NEG
dcase_MK2.csv,1721.436,1721.542,NEG,POS,NEG,NEG
dcase_MK2.csv,1722.765,1722.828,POS,NEG,NEG,NEG
dcase_MK2.csv,1726.904,1727.101,UNK,UNK,NEG,NEG
dcase_MK2.csv,1733.19,1733.303,NEG,POS,NEG,NEG
dcase_MK2.csv,1735.913,1736.063,NEG,POS,NEG,NEG
dcase_MK2.csv,1740.64,1740.797,NEG,POS,NEG,NEG
dcase_MK2.csv,1741.863,1742.003,NEG,POS,NEG,NEG
dcase_MK2.csv,1743.312,1743.459,UNK,UNK,NEG,NEG
dcase_MK2.csv,1745.48,1745.627,NEG,POS,NEG,NEG
dcase_MK2.csv,1748.025,1748.185,NEG,POS,NEG,NEG
dcase_MK2.csv,1749.051,1749.217,NEG,NEG,NEG,POS
dcase_MK2.csv,1749.349,1749.883,NEG,NEG,NEG,POS
dcase_MK2.csv,1751.477,1751.67,NEG,NEG,NEG,POS
dcase_MK2.csv,1753.878,1753.926,POS,NEG,NEG,NEG
dcase_MK2.csv,1753.947,1754.014,NEG,POS,NEG,NEG
dcase_MK2.csv,1755.465,1755.655,NEG,POS,NEG,NEG
dcase_MK2.csv,1756.923,1756.986,POS,NEG,NEG,NEG
dcase_MK2.csv,1758.682,1758.746,POS,NEG,NEG,NEG
dcase_MK2.csv,1760.939,1761.012,POS,NEG,NEG,NEG
dcase_MK2.csv,1762.446,1762.572,NEG,POS,NEG,NEG
dcase_MK2.csv,1763.82,1763.982,NEG,POS,NEG,NEG
dcase_MK2.csv,1764.839,1764.961,NEG,POS,NEG,NEG
dcase_MK2.csv,1766.173,1766.329,NEG,POS,NEG,NEG
dcase_MK2.csv,1767.667,1767.811,NEG,POS,NEG,NEG
dcase_MK2.csv,1768.893,1769.009,NEG,POS,NEG,NEG
dcase_MK2.csv,1770.014,1770.104,NEG,POS,NEG,NEG
dcase_MK2.csv,1771.115,1771.248,NEG,POS,NEG,NEG
dcase_MK2.csv,1773.219,1773.345,NEG,POS,NEG,NEG
dcase_MK2.csv,1773.983,1774.128,NEG,POS,NEG,NEG
dcase_MK2.csv,1776.451,1776.545,NEG,POS,NEG,NEG
dcase_MK2.csv,1779.155,1779.313,NEG,POS,NEG,NEG
dcase_MK2.csv,1780.067,1780.158,NEG,POS,NEG,NEG
dcase_MK2.csv,1781.292,1781.408,NEG,POS,NEG,NEG
dcase_MK2.csv,1783.743,1783.866,NEG,POS,NEG,NEG
dcase_MK2.csv,1786.388,1786.534,NEG,POS,NEG,NEG
dcase_MK2.csv,1787.874,1788.023,NEG,POS,NEG,NEG
dcase_MK2.csv,1788.345,1788.514,NEG,POS,NEG,NEG
dcase_MK2.csv,1788.704,1788.868,NEG,POS,NEG,NEG
dcase_MK2.csv,1789.131,1789.276,NEG,POS,NEG,NEG
dcase_MK2.csv,1789.585,1789.699,NEG,POS,NEG,NEG
dcase_MK2.csv,1790.02,1790.183,NEG,POS,NEG,NEG
dcase_MK2.csv,1790.781,1790.9,NEG,POS,NEG,NEG
dcase_MK2.csv,1792.905,1793.029,NEG,POS,NEG,NEG
dcase_MK2.csv,1793.53,1793.649,NEG,POS,NEG,NEG
dcase_MK2.csv,1795.629,1795.728,NEG,POS,NEG,NEG
dcase_MK2.csv,1797.458,1797.56,NEG,POS,NEG,NEG
dcase_MK2.csv,1798.301,1798.435,NEG,POS,NEG,NEG
dcase_MK2.csv,1801.02,1801.125,NEG,POS,NEG,NEG
dcase_MK2.csv,1803.815,1803.946,NEG,POS,NEG,NEG
dcase_MK2.csv,1809.252,1809.389,NEG,POS,NEG,NEG
dcase_MK2.csv,1810.328,1810.45,NEG,POS,NEG,NEG
dcase_MK2.csv,1814.041,1814.195,NEG,POS,NEG,NEG
dcase_MK2.csv,1821.286,1821.442,NEG,POS,NEG,NEG
dcase_MK2.csv,1823.889,1824.038,NEG,POS,NEG,NEG
dcase_MK2.csv,1828.363,1828.48,NEG,POS,NEG,NEG
dcase_MK2.csv,1841.727,1841.866,NEG,POS,NEG,NEG
dcase_MK2.csv,1850.484,1850.541,POS,NEG,NEG,NEG
dcase_MK2.csv,1852.271,1852.418,UNK,UNK,NEG,NEG
dcase_MK2.csv,1854.202,1854.374,UNK,UNK,NEG,NEG
dcase_MK2.csv,1855.727,1855.792,POS,NEG,NEG,NEG
dcase_MK2.csv,1856.745,1856.804,POS,NEG,NEG,NEG
dcase_MK2.csv,1858.09,1858.156,POS,NEG,NEG,NEG
dcase_MK2.csv,1861.536,1861.696,NEG,POS,NEG,NEG
dcase_MK2.csv,1865.96,1866.134,NEG,POS,NEG,NEG
dcase_MK2.csv,1870.566,1870.704,NEG,POS,NEG,NEG
dcase_MK2.csv,1879.176,1879.325,NEG,POS,NEG,NEG
dcase_MK2.csv,1879.759,1879.964,NEG,POS,NEG,NEG
dcase_MK2.csv,1880.166,1880.312,NEG,POS,NEG,NEG
dcase_MK2.csv,1882.208,1882.349,NEG,POS,NEG,NEG
dcase_MK2.csv,1884.969,1885.109,NEG,POS,NEG,NEG
dcase_MK2.csv,1891.523,1891.679,NEG,POS,NEG,NEG
dcase_MK2.csv,1895.365,1895.508,NEG,POS,NEG,NEG
dcase_MK2.csv,1897.535,1897.849,NEG,NEG,NEG,POS
dcase_MK2.csv,1898.087,1898.41,NEG,NEG,NEG,POS
dcase_MK2.csv,1899.71,1899.765,UNK,UNK,UNK,UNK
dcase_MK2.csv,1905.519,1905.666,NEG,POS,NEG,NEG
dcase_MK2.csv,1908.455,1908.62,NEG,POS,NEG,NEG
dcase_MK2.csv,1910.485,1910.657,UNK,UNK,NEG,NEG
dcase_MK2.csv,1912.714,1912.876,NEG,POS,NEG,NEG
dcase_MK2.csv,1914.425,1914.577,NEG,POS,NEG,NEG
dcase_MK2.csv,1916.145,1916.288,NEG,POS,NEG,NEG
dcase_MK2.csv,1921.02,1921.174,NEG,POS,NEG,NEG
dcase_MK2.csv,1923.858,1924.009,NEG,POS,NEG,NEG
dcase_MK2.csv,1926.544,1926.683,NEG,POS,NEG,NEG
dcase_MK2.csv,1927.679,1927.825,NEG,POS,NEG,NEG
dcase_MK2.csv,1929.427,1929.575,NEG,POS,NEG,NEG
dcase_MK2.csv,1930.915,1931.037,NEG,POS,NEG,NEG
dcase_MK2.csv,1931.949,1932.075,NEG,POS,NEG,NEG
dcase_MK2.csv,1933.222,1933.398,NEG,POS,NEG,NEG
dcase_MK2.csv,1934.034,1934.181,NEG,POS,NEG,NEG
dcase_MK2.csv,1935.653,1935.819,NEG,POS,NEG,NEG
dcase_MK2.csv,1938.982,1939.14,NEG,POS,NEG,NEG
dcase_MK2.csv,1941.277,1941.341,POS,NEG,NEG,NEG
dcase_MK2.csv,1941.655,1941.716,POS,NEG,NEG,NEG
dcase_MK2.csv,1942.239,1942.298,POS,NEG,NEG,NEG
dcase_MK2.csv,1944.206,1944.338,NEG,POS,NEG,NEG
dcase_MK2.csv,1945.487,1945.7,UNK,UNK,NEG,NEG
dcase_MK2.csv,1949.001,1949.166,NEG,POS,NEG,NEG
dcase_MK2.csv,1951.92,1952.103,NEG,NEG,NEG,POS
dcase_MK2.csv,1989.352,1989.52,NEG,POS,NEG,NEG
dcase_MK2.csv,1993.875,1994.05,NEG,POS,NEG,NEG
dcase_MK2.csv,1996.911,1997.044,NEG,POS,NEG,NEG
dcase_MK2.csv,1998.273,1998.42,NEG,POS,NEG,NEG
dcase_MK2.csv,1999.854,2000.023,NEG,POS,NEG,NEG
dcase_MK2.csv,2001.935,2002.105,NEG,POS,NEG,NEG
dcase_MK2.csv,2003.778,2003.944,NEG,POS,NEG,NEG
dcase_MK2.csv,2009.753,2009.919,NEG,POS,NEG,NEG
dcase_MK2.csv,2010.743,2010.87,NEG,POS,NEG,NEG
dcase_MK2.csv,2011.906,2012.071,NEG,POS,NEG,NEG
dcase_MK2.csv,2014.328,2014.513,NEG,POS,NEG,NEG
dcase_MK2.csv,2015.607,2015.754,NEG,POS,NEG,NEG
dcase_MK2.csv,2016.934,2017.005,POS,NEG,NEG,NEG
dcase_MK2.csv,2021.602,2021.765,NEG,POS,NEG,NEG
dcase_MK2.csv,2022.364,2022.418,POS,NEG,NEG,NEG
dcase_MK2.csv,2022.683,2022.717,POS,NEG,NEG,NEG
dcase_MK2.csv,2023.094,2023.152,POS,NEG,NEG,NEG
dcase_MK2.csv,2023.493,2023.536,POS,NEG,NEG,NEG
dcase_MK2.csv,2024.42,2024.486,POS,NEG,NEG,NEG
dcase_MK2.csv,2024.888,2024.943,POS,NEG,NEG,NEG
dcase_MK2.csv,2029.159,2029.22,POS,NEG,NEG,NEG
dcase_MK2.csv,2029.615,2029.688,POS,NEG,NEG,NEG
dcase_MK2.csv,2032.311,2032.388,POS,NEG,NEG,NEG
dcase_MK2.csv,2040.612,2040.659,POS,NEG,NEG,NEG
dcase_MK2.csv,2045.069,2045.244,NEG,POS,NEG,NEG
dcase_MK2.csv,2054.054,2054.229,UNK,UNK,NEG,NEG
dcase_MK2.csv,2054.996,2055.179,UNK,UNK,NEG,NEG
dcase_MK2.csv,2063.507,2063.656,NEG,POS,NEG,NEG
dcase_MK2.csv,2071.169,2071.322,NEG,NEG,NEG,POS
dcase_MK2.csv,2076.176,2076.289,NEG,POS,NEG,NEG
dcase_MK2.csv,2077.371,2077.498,NEG,NEG,NEG,POS
dcase_MK2.csv,2078.117,2078.52,NEG,NEG,NEG,POS
dcase_MK2.csv,2078.856,2079.284,NEG,NEG,NEG,POS
dcase_MK2.csv,2079.611,2079.982,NEG,NEG,NEG,POS
dcase_MK2.csv,2080.31,2080.636,NEG,NEG,NEG,POS
dcase_MK2.csv,2081.067,2081.494,NEG,NEG,NEG,POS
dcase_MK2.csv,2081.894,2082.2,NEG,NEG,NEG,POS
dcase_MK2.csv,2083.14,2083.385,NEG,NEG,NEG,POS
dcase_MK2.csv,2083.794,2084.108,NEG,NEG,NEG,POS
dcase_MK2.csv,2097.499,2097.693,NEG,NEG,NEG,POS
dcase_MK2.csv,2099.704,2099.773,POS,NEG,NEG,NEG
dcase_MK2.csv,2100.299,2100.671,NEG,NEG,NEG,POS
dcase_MK2.csv,2101.242,2101.497,NEG,NEG,NEG,POS
dcase_MK2.csv,2106.301,2106.358,POS,NEG,NEG,NEG
dcase_MK2.csv,2106.392,2106.44,POS,NEG,NEG,NEG
dcase_MK2.csv,2106.735,2106.797,POS,NEG,NEG,NEG
dcase_MK2.csv,2107.369,2107.418,POS,NEG,NEG,NEG
dcase_MK2.csv,2110.014,2110.071,POS,NEG,NEG,NEG
dcase_MK2.csv,2110.469,2110.53,POS,NEG,NEG,NEG
dcase_MK2.csv,2111.629,2111.685,POS,NEG,NEG,NEG
dcase_MK2.csv,2116.475,2116.629,NEG,POS,NEG,NEG
dcase_MK2.csv,2117.391,2117.59,NEG,POS,NEG,NEG
dcase_MK2.csv,2118.756,2118.865,NEG,POS,NEG,NEG
dcase_MK2.csv,2120.712,2120.81,NEG,POS,NEG,NEG
dcase_MK2.csv,2123.128,2123.243,NEG,POS,NEG,NEG
dcase_MK2.csv,2126.956,2127.108,NEG,POS,NEG,NEG
dcase_MK2.csv,2137.585,2137.676,NEG,POS,NEG,NEG
dcase_MK2.csv,2146.979,2147.134,NEG,POS,NEG,NEG
dcase_MK2.csv,2155.783,2155.962,NEG,POS,NEG,NEG
dcase_MK2.csv,2167.45,2167.61,NEG,POS,NEG,NEG
dcase_MK2.csv,2169.603,2169.717,NEG,POS,NEG,NEG
dcase_MK2.csv,2174.199,2174.333,NEG,POS,NEG,NEG
dcase_MK2.csv,2180.062,2180.242,NEG,POS,NEG,NEG
dcase_MK2.csv,2185.36,2185.491,NEG,POS,NEG,NEG
dcase_MK2.csv,2188.245,2188.43,UNK,UNK,NEG,NEG
dcase_MK2.csv,2191.455,2191.613,NEG,POS,NEG,NEG
dcase_MK2.csv,2194.588,2194.739,NEG,POS,NEG,NEG
dcase_MK2.csv,2196.46,2196.606,NEG,POS,NEG,NEG
dcase_MK2.csv,2202.944,2203.125,NEG,POS,NEG,NEG
dcase_MK2.csv,2206.356,2206.534,NEG,POS,NEG,NEG
dcase_MK2.csv,2207.237,2207.393,NEG,POS,NEG,NEG
dcase_MK2.csv,2209.676,2209.828,NEG,POS,NEG,NEG
dcase_MK2.csv,2211.089,2211.214,NEG,POS,NEG,NEG
dcase_MK2.csv,2215.266,2215.404,NEG,POS,NEG,NEG
dcase_MK2.csv,2219.854,2219.992,NEG,POS,NEG,NEG
dcase_MK2.csv,2222.555,2222.709,NEG,POS,NEG,NEG
dcase_MK2.csv,2227.38,2227.556,NEG,POS,NEG,NEG
dcase_MK2.csv,2229.883,2230.056,NEG,POS,NEG,NEG
dcase_MK2.csv,2239.504,2239.637,NEG,POS,NEG,NEG
dcase_MK2.csv,2243.251,2243.385,NEG,POS,NEG,NEG
dcase_MK2.csv,2251.253,2251.433,NEG,POS,NEG,NEG
dcase_MK2.csv,2252.869,2253.022,NEG,POS,NEG,NEG
dcase_MK2.csv,2254.403,2254.548,NEG,POS,NEG,NEG
dcase_MK2.csv,2256.876,2257.049,NEG,POS,NEG,NEG
dcase_MK2.csv,2258.492,2258.689,UNK,UNK,UNK,UNK
dcase_MK2.csv,2273.658,2273.805,NEG,POS,NEG,NEG
dcase_MK2.csv,2276.458,2276.535,POS,NEG,NEG,NEG
dcase_MK2.csv,2276.846,2276.921,POS,NEG,NEG,NEG
dcase_MK2.csv,2278.978,2279.035,POS,NEG,NEG,NEG
dcase_MK2.csv,2279.181,2279.25,POS,NEG,NEG,NEG
dcase_MK2.csv,2280.528,2280.581,POS,NEG,NEG,NEG
dcase_MK2.csv,2282.545,2282.601,POS,NEG,NEG,NEG
dcase_MK2.csv,2283.507,2283.66,UNK,UNK,UNK,UNK
dcase_MK2.csv,2286.207,2286.263,POS,NEG,NEG,NEG
dcase_MK2.csv,2286.437,2286.485,POS,NEG,NEG,NEG
dcase_MK2.csv,2287.228,2287.433,NEG,POS,NEG,NEG
dcase_MK2.csv,2288.548,2288.739,NEG,POS,NEG,NEG
dcase_MK2.csv,2292.341,2292.492,NEG,POS,NEG,NEG
dcase_MK2.csv,2295.395,2295.49,NEG,POS,NEG,NEG
dcase_MK2.csv,2298.844,2298.978,NEG,POS,NEG,NEG
dcase_MK2.csv,2301.284,2301.421,NEG,POS,NEG,NEG
dcase_MK2.csv,2305.904,2306.054,NEG,POS,NEG,NEG
dcase_MK2.csv,2314.12,2314.263,NEG,POS,NEG,NEG
dcase_MK2.csv,2317.903,2318.059,NEG,POS,NEG,NEG
dcase_MK2.csv,2319.206,2319.356,NEG,POS,NEG,NEG
dcase_MK2.csv,2322.811,2322.953,NEG,POS,NEG,NEG
dcase_MK2.csv,2325.106,2325.267,NEG,POS,NEG,NEG
dcase_MK2.csv,2326.622,2326.758,NEG,POS,NEG,NEG
dcase_MK2.csv,2334.881,2334.993,NEG,POS,NEG,NEG
dcase_MK2.csv,2336.132,2336.334,NEG,POS,NEG,NEG
dcase_MK2.csv,2337.854,2338.038,UNK,UNK,NEG,NEG
dcase_MK2.csv,2339.626,2339.81,NEG,POS,NEG,NEG
dcase_MK2.csv,2341.264,2341.475,UNK,UNK,NEG,NEG
dcase_MK2.csv,2342.686,2342.841,NEG,POS,NEG,NEG
dcase_MK2.csv,2344.652,2344.724,POS,NEG,NEG,NEG
dcase_MK2.csv,2345.696,2345.762,POS,NEG,NEG,NEG
dcase_MK2.csv,2346.425,2346.491,POS,NEG,NEG,NEG
dcase_MK2.csv,2355.862,2356.043,NEG,POS,NEG,NEG
dcase_MK2.csv,2362.311,2362.476,NEG,POS,NEG,NEG
dcase_MK2.csv,2365.108,2365.277,NEG,POS,NEG,NEG
dcase_MK2.csv,2366.393,2366.529,NEG,POS,NEG,NEG
dcase_MK2.csv,2366.707,2366.855,NEG,POS,NEG,NEG
dcase_MK2.csv,2369.219,2369.386,NEG,POS,NEG,NEG
dcase_MK2.csv,2370.933,2371.094,NEG,POS,NEG,NEG
dcase_MK2.csv,2372.56,2372.704,NEG,POS,NEG,NEG
dcase_MK2.csv,2374.022,2374.164,NEG,POS,NEG,NEG
dcase_MK2.csv,2375.484,2375.648,NEG,POS,NEG,NEG
dcase_MK2.csv,2376.911,2377.09,NEG,POS,NEG,NEG
dcase_MK2.csv,2379.09,2379.224,NEG,POS,NEG,NEG
dcase_MK2.csv,2379.769,2379.923,NEG,POS,NEG,NEG
dcase_MK2.csv,2382.984,2383.156,NEG,POS,NEG,NEG
dcase_MK2.csv,2385.888,2386.038,NEG,POS,NEG,NEG
dcase_MK2.csv,2388.074,2388.211,NEG,POS,NEG,NEG
dcase_MK2.csv,2389.811,2389.947,NEG,POS,NEG,NEG
dcase_MK2.csv,2392.757,2392.915,NEG,POS,NEG,NEG
dcase_MK2.csv,2396.958,2397.095,NEG,POS,NEG,NEG
dcase_MK2.csv,2398.811,2398.97,NEG,POS,NEG,NEG
dcase_MK2.csv,2402.272,2402.424,NEG,POS,NEG,NEG
dcase_MK2.csv,2406.311,2406.445,NEG,POS,NEG,NEG
dcase_MK2.csv,2407.776,2407.898,NEG,POS,NEG,NEG
dcase_MK2.csv,2410.269,2410.404,NEG,POS,NEG,NEG
dcase_MK2.csv,2411.545,2411.7,NEG,POS,NEG,NEG
dcase_MK2.csv,2414.976,2415.098,NEG,POS,NEG,NEG
dcase_MK2.csv,2417.311,2417.483,NEG,POS,NEG,NEG
dcase_MK2.csv,2418.736,2418.885,NEG,POS,NEG,NEG
dcase_MK2.csv,2419.46,2419.573,NEG,POS,NEG,NEG
dcase_MK2.csv,2420.861,2421.009,NEG,POS,NEG,NEG
dcase_MK2.csv,2422.278,2422.43,NEG,POS,NEG,NEG
dcase_MK2.csv,2423.128,2423.26,NEG,POS,NEG,NEG
dcase_MK2.csv,2424.074,2424.201,NEG,POS,NEG,NEG
dcase_MK2.csv,2425.632,2425.766,NEG,POS,NEG,NEG
dcase_MK2.csv,2428.148,2428.31,NEG,POS,NEG,NEG
dcase_MK2.csv,2429.811,2429.954,NEG,POS,NEG,NEG
dcase_MK2.csv,2430.43,2430.571,NEG,POS,NEG,NEG
dcase_MK2.csv,2431.648,2431.766,NEG,POS,NEG,NEG
dcase_MK2.csv,2433.095,2433.236,NEG,POS,NEG,NEG
dcase_MK2.csv,2434.108,2434.253,NEG,POS,NEG,NEG
dcase_MK2.csv,2435.811,2435.976,NEG,POS,NEG,NEG
dcase_MK2.csv,2437.211,2437.372,NEG,POS,NEG,NEG
dcase_MK2.csv,2438.154,2438.311,NEG,POS,NEG,NEG
dcase_MK2.csv,2439.378,2439.519,NEG,POS,NEG,NEG
dcase_MK2.csv,2440.442,2440.568,NEG,POS,NEG,NEG
dcase_MK2.csv,2441.402,2441.565,NEG,POS,NEG,NEG
dcase_MK2.csv,2441.712,2441.854,NEG,POS,NEG,NEG
dcase_MK2.csv,2442.028,2442.311,UNK,UNK,UNK,UNK
dcase_MK2.csv,2442.504,2442.622,NEG,POS,NEG,NEG
dcase_MK2.csv,2442.906,2443.022,NEG,POS,NEG,NEG
dcase_MK2.csv,2443.509,2443.626,NEG,POS,NEG,NEG
dcase_MK2.csv,2444.515,2444.645,NEG,POS,NEG,NEG
dcase_MK2.csv,2444.977,2445.08,NEG,POS,NEG,NEG
dcase_MK2.csv,2445.73,2445.875,NEG,POS,NEG,NEG
dcase_MK2.csv,2447.168,2447.31,NEG,POS,NEG,NEG
dcase_MK2.csv,2449.4,2449.534,NEG,POS,NEG,NEG
dcase_MK2.csv,2449.886,2450.063,NEG,POS,NEG,NEG
dcase_MK2.csv,2450.671,2450.81,NEG,POS,NEG,NEG
dcase_MK2.csv,2453.909,2454.035,NEG,POS,NEG,NEG
dcase_MK2.csv,2454.843,2454.989,NEG,POS,NEG,NEG
dcase_MK2.csv,2455.903,2456.034,NEG,POS,NEG,NEG
dcase_MK2.csv,2456.446,2456.577,NEG,POS,NEG,NEG
dcase_MK2.csv,2457.15,2457.281,NEG,POS,NEG,NEG
dcase_MK2.csv,2457.281,2457.9,UNK,UNK,UNK,UNK
dcase_MK2.csv,2458.085,2458.181,NEG,POS,NEG,NEG
dcase_MK2.csv,2458.495,2458.598,NEG,POS,NEG,NEG
dcase_MK2.csv,2460.006,2460.148,NEG,POS,NEG,NEG
dcase_MK2.csv,2461.699,2461.835,NEG,POS,NEG,NEG
dcase_MK2.csv,2463.446,2463.586,NEG,POS,NEG,NEG
dcase_MK2.csv,2465.6,2465.756,NEG,POS,NEG,NEG
dcase_MK2.csv,2466.899,2467.033,NEG,POS,NEG,NEG
dcase_MK2.csv,2469.103,2469.244,NEG,POS,NEG,NEG
dcase_MK2.csv,2469.811,2469.918,NEG,POS,NEG,NEG
dcase_MK2.csv,2473.189,2473.336,NEG,POS,NEG,NEG
dcase_MK2.csv,2475.311,2475.446,NEG,POS,NEG,NEG
dcase_MK2.csv,2478.354,2478.477,NEG,POS,NEG,NEG
dcase_MK2.csv,2494.903,2495.063,NEG,POS,NEG,NEG
dcase_MK2.csv,2497.604,2497.76,NEG,POS,NEG,NEG
dcase_MK2.csv,2500.937,2501.058,NEG,POS,NEG,NEG
dcase_MK2.csv,2512.274,2512.387,NEG,POS,NEG,NEG
dcase_MK2.csv,2524.183,2524.35,NEG,POS,NEG,NEG
dcase_MK2.csv,2540.742,2540.873,NEG,POS,NEG,NEG
dcase_MK2.csv,2551.723,2551.877,NEG,POS,NEG,NEG
dcase_MK2.csv,2559.123,2559.296,NEG,POS,NEG,NEG
dcase_MK2.csv,2560.811,2560.955,NEG,POS,NEG,NEG
dcase_MK2.csv,2562.478,2562.645,NEG,POS,NEG,NEG
dcase_MK2.csv,2563.702,2563.865,NEG,POS,NEG,NEG
dcase_MK2.csv,2564.4,2564.564,NEG,POS,NEG,NEG
dcase_MK2.csv,2565.208,2565.363,NEG,POS,NEG,NEG
dcase_MK2.csv,2565.981,2566.121,NEG,POS,NEG,NEG
dcase_MK2.csv,2567.413,2567.555,NEG,POS,NEG,NEG
dcase_MK2.csv,2568.238,2568.388,NEG,POS,NEG,NEG
dcase_MK2.csv,2570.145,2570.311,UNK,UNK,NEG,NEG
dcase_MK2.csv,2572.601,2572.81,NEG,POS,NEG,NEG
dcase_MK2.csv,2584.451,2584.628,NEG,POS,NEG,NEG
dcase_MK2.csv,2589.369,2589.45,POS,NEG,NEG,NEG
dcase_MK2.csv,2591.758,2591.902,NEG,POS,NEG,NEG
dcase_MK2.csv,2601.704,2601.863,NEG,POS,NEG,NEG
dcase_MK2.csv,2605.654,2605.81,NEG,POS,NEG,NEG
dcase_MK2.csv,2613.972,2614.147,NEG,POS,NEG,NEG
