Audiofilename,Starttime,Endtime,WHP,RUM,GRN,GIG,SQT
a1.csv,159.0,160.85,UNK,UNK,UNK,UNK,UNK
a1.csv,164.88,165.98,UNK,UNK,UNK,UNK,UNK
a1.csv,168.97,169.98,UNK,UNK,UNK,UNK,UNK
a1.csv,172.32,173.45,UNK,UNK,UNK,UNK,UNK
a1.csv,175.65,177.21,UNK,UNK,UNK,UNK,UNK
a1.csv,179.27,180.85,UNK,UNK,UNK,UNK,UNK
a1.csv,183.17,184.68,UNK,UNK,UNK,UNK,UNK
a1.csv,187.04,188.78,UNK,UNK,UNK,UNK,UNK
a1.csv,191.29,193.32,UNK,UNK,UNK,UNK,UNK
a1.csv,307.13,308.08,POS,NEG,NEG,NEG,NEG
a1.csv,310.6,311.68,POS,NEG,NEG,NEG,NEG
a1.csv,314.03,314.98,POS,NEG,NEG,NEG,NEG
a1.csv,317.42,318.4,POS,NEG,NEG,NEG,NEG
a1.csv,321.28,322.5,POS,NEG,NEG,NEG,NEG
a1.csv,325.09,326.17,POS,NEG,NEG,NEG,NEG
a1.csv,328.53,329.91,POS,NEG,NEG,NEG,NEG
a1.csv,329.94,330.8,POS,NEG,NEG,NEG,NEG
a1.csv,332.53,333.89,POS,NEG,NEG,NEG,NEG
a1.csv,334.61,336.17,POS,NEG,NEG,NEG,NEG
a1.csv,336.24,337.8,POS,NEG,NEG,NEG,NEG
a1.csv,339.38,340.82,POS,NEG,NEG,NEG,NEG
a1.csv,340.84,342.37,POS,NEG,NEG,NEG,NEG
a1.csv,344.16,345.77,UNK,UNK,UNK,UNK,UNK
a1.csv,344.9,347.15,UNK,UNK,UNK,UNK,UNK
a1.csv,349.05,349.57,UNK,UNK,UNK,UNK,UNK
a1.csv,350.0,351.94,UNK,UNK,UNK,UNK,UNK
a1.csv,352.79,354.54,UNK,UNK,UNK,UNK,UNK
a1.csv,355.92,357.14,UNK,UNK,UNK,UNK,UNK
a1.csv,357.45,358.94,UNK,UNK,UNK,UNK,UNK
a1.csv,359.46,360.04,UNK,UNK,UNK,UNK,UNK
a1.csv,362.0,363.94,UNK,UNK,UNK,UNK,UNK
a1.csv,366.88,369.03,UNK,UNK,UNK,UNK,UNK
a1.csv,372.05,374.23,UNK,UNK,UNK,UNK,UNK
a1.csv,551.67,552.72,UNK,UNK,UNK,UNK,UNK
a1.csv,554.23,554.97,UNK,UNK,UNK,UNK,UNK
a1.csv,556.79,557.96,UNK,UNK,UNK,UNK,UNK
a1.csv,560.16,561.12,UNK,UNK,UNK,UNK,UNK
a1.csv,563.28,564.59,UNK,UNK,UNK,UNK,UNK
a1.csv,566.41,568.08,UNK,UNK,UNK,UNK,UNK
a1.csv,570.25,571.66,UNK,UNK,UNK,UNK,UNK
a1.csv,574.05,575.65,UNK,UNK,UNK,UNK,UNK
a1.csv,578.72,581.13,UNK,UNK,UNK,UNK,UNK
a1.csv,583.19,584.77,UNK,UNK,UNK,UNK,UNK
a1.csv,587.96,589.28,UNK,UNK,UNK,UNK,UNK
a1.csv,1904.56,1905.5,UNK,UNK,UNK,UNK,UNK
a1.csv,1908.18,1909.47,UNK,UNK,UNK,UNK,UNK
a1.csv,1911.45,1912.77,UNK,UNK,UNK,UNK,UNK
a1.csv,1915.19,1916.5,UNK,UNK,UNK,UNK,UNK
a1.csv,1918.38,1919.74,UNK,UNK,UNK,UNK,UNK
a1.csv,1921.73,1923.14,UNK,UNK,UNK,UNK,UNK
a1.csv,1924.93,1926.56,UNK,UNK,UNK,UNK,UNK
a1.csv,1928.26,1929.82,UNK,UNK,UNK,UNK,UNK
a1.csv,1932.02,1933.62,UNK,UNK,UNK,UNK,UNK
a1.csv,1935.92,1937.71,UNK,UNK,UNK,UNK,UNK
a1.csv,2259.37,2261.48,UNK,UNK,UNK,UNK,UNK
a1.csv,2264.47,2266.57,UNK,UNK,UNK,UNK,UNK
a1.csv,2269.8,2272.36,UNK,UNK,UNK,UNK,UNK
a1.csv,2276.13,2278.9,UNK,UNK,UNK,UNK,UNK
a1.csv,2282.81,2285.65,UNK,UNK,UNK,UNK,UNK
a1.csv,2331.38,2332.02,UNK,UNK,UNK,UNK,UNK
a1.csv,2334.07,2335.79,UNK,UNK,UNK,UNK,UNK
a1.csv,2338.64,2340.36,UNK,UNK,UNK,UNK,UNK
a1.csv,2342.92,2344.9,UNK,UNK,UNK,UNK,UNK
a1.csv,2347.97,2349.53,UNK,UNK,UNK,UNK,UNK
a1.csv,2350.01,2350.73,POS,NEG,NEG,NEG,NEG
a1.csv,2352.28,2354.27,POS,NEG,NEG,NEG,NEG
a1.csv,2356.27,2358.64,POS,NEG,NEG,NEG,NEG
a1.csv,2361.05,2363.49,POS,NEG,NEG,NEG,NEG
a1.csv,2365.71,2368.2,POS,NEG,NEG,NEG,NEG
a1.csv,2370.49,2372.5,POS,NEG,NEG,NEG,NEG
a1.csv,2374.35,2376.38,POS,NEG,NEG,NEG,NEG
a1.csv,2378.31,2380.56,POS,NEG,NEG,NEG,NEG
a1.csv,2382.56,2385.03,POS,NEG,NEG,NEG,NEG
a1.csv,2387.7,2390.33,UNK,UNK,UNK,UNK,UNK
a1.csv,2450.49,2450.99,UNK,UNK,UNK,UNK,UNK
a1.csv,2454.15,2455.89,UNK,UNK,UNK,UNK,UNK
a1.csv,2459.06,2460.88,UNK,UNK,UNK,UNK,UNK
a1.csv,2462.82,2464.71,UNK,UNK,UNK,UNK,UNK
a1.csv,2464.0,2465.8,UNK,UNK,UNK,UNK,UNK
a1.csv,2467.56,2469.64,UNK,UNK,UNK,UNK,UNK
a1.csv,2469.22,2471.09,UNK,UNK,UNK,UNK,UNK
a1.csv,2472.07,2474.22,UNK,UNK,UNK,UNK,UNK
a1.csv,2474.42,2476.48,UNK,UNK,UNK,UNK,UNK
a1.csv,2476.58,2479.12,UNK,UNK,UNK,UNK,UNK
a1.csv,2481.61,2483.26,UNK,UNK,UNK,UNK,UNK
a1.csv,2485.64,2487.41,UNK,UNK,UNK,UNK,UNK
a1.csv,2489.85,2492.51,UNK,UNK,UNK,UNK,UNK
a1.csv,2494.99,2497.22,UNK,UNK,UNK,UNK,UNK
a1.csv,2562.69,2564.34,POS,NEG,NEG,NEG,NEG
a1.csv,2566.37,2568.24,POS,NEG,NEG,NEG,NEG
a1.csv,2570.29,2571.72,POS,NEG,NEG,NEG,NEG
a1.csv,2573.42,2574.86,POS,NEG,NEG,NEG,NEG
a1.csv,2576.22,2577.75,POS,NEG,NEG,NEG,NEG
a1.csv,2600.85,2601.88,UNK,UNK,UNK,UNK,UNK
a1.csv,2603.97,2605.17,UNK,UNK,UNK,UNK,UNK
a1.csv,2606.36,2607.85,UNK,UNK,UNK,UNK,UNK
a1.csv,2609.21,2610.29,UNK,UNK,UNK,UNK,UNK
a1.csv,2611.64,2612.67,UNK,UNK,UNK,UNK,UNK
a1.csv,2613.78,2614.69,UNK,UNK,UNK,UNK,UNK
a1.csv,2616.46,2617.51,UNK,UNK,UNK,UNK,UNK
a1.csv,2618.9,2620.05,UNK,UNK,UNK,UNK,UNK
a1.csv,2619.96,2621.2,UNK,UNK,UNK,UNK,UNK
a1.csv,2621.23,2622.98,UNK,UNK,UNK,UNK,UNK
a1.csv,2945.25,2946.66,UNK,UNK,UNK,UNK,UNK
a1.csv,2948.32,2949.63,UNK,UNK,UNK,UNK,UNK
a1.csv,2950.78,2952.65,UNK,UNK,UNK,UNK,UNK
a1.csv,2953.45,2955.49,UNK,UNK,UNK,UNK,UNK
a1.csv,2956.24,2958.06,UNK,UNK,UNK,UNK,UNK
a1.csv,2959.37,2960.93,UNK,UNK,UNK,UNK,UNK
a1.csv,2962.51,2964.28,UNK,UNK,UNK,UNK,UNK
a1.csv,2966.95,2968.17,UNK,UNK,UNK,UNK,UNK
a1.csv,2970.09,2971.52,UNK,UNK,UNK,UNK,UNK
