Audiofilename,Starttime,Endtime,GRN,GIG,SQT,RUM,WHP
e1.csv,48.54,49.33,NEG,NEG,POS,NEG,NEG
e1.csv,60.63,63.59,NEG,NEG,POS,NEG,NEG
e1.csv,65.62,66.75,NEG,NEG,POS,NEG,NEG
e1.csv,67.32,68.71,NEG,NEG,POS,NEG,NEG
e1.csv,69.36,70.07,NEG,NEG,POS,NEG,NEG
e1.csv,70.63,72.56,NEG,NEG,POS,NEG,NEG
e1.csv,73.85,75.05,NEG,NEG,POS,NEG,NEG
e1.csv,75.71,76.91,NEG,NEG,POS,NEG,NEG
e1.csv,77.71,78.95,NEG,NEG,POS,NEG,NEG
e1.csv,84.47,85.15,NEG,NEG,POS,NEG,NEG
e1.csv,388.66,389.56,NEG,NEG,POS,NEG,NEG
e1.csv,392.34,393.16,NEG,NEG,POS,NEG,NEG
e1.csv,393.33,396.71,NEG,NEG,POS,NEG,NEG
e1.csv,397.47,399.07,NEG,NEG,POS,NEG,NEG
e1.csv,399.56,401.55,NEG,NEG,POS,NEG,NEG
e1.csv,402.74,404.57,NEG,NEG,POS,NEG,NEG
e1.csv,404.95,405.98,NEG,NEG,POS,NEG,NEG
e1.csv,406.62,407.44,NEG,NEG,POS,NEG,NEG
e1.csv,408.24,408.71,NEG,NEG,POS,NEG,NEG
e1.csv,409.12,412.0,NEG,NEG,POS,NEG,NEG
e1.csv,412.54,414.86,NEG,NEG,POS,NEG,NEG
e1.csv,416.35,417.49,NEG,NEG,POS,NEG,NEG
e1.csv,418.34,418.82,NEG,NEG,POS,NEG,NEG
e1.csv,420.22,421.11,NEG,NEG,POS,NEG,NEG
e1.csv,421.76,422.28,NEG,NEG,POS,NEG,NEG
e1.csv,423.88,424.49,NEG,NEG,POS,NEG,NEG
e1.csv,424.69,426.88,NEG,NEG,POS,NEG,NEG
e1.csv,428.82,429.41,NEG,NEG,POS,NEG,NEG
e1.csv,431.65,433.06,NEG,NEG,POS,NEG,NEG
e1.csv,434.68,435.58,NEG,NEG,POS,NEG,NEG
e1.csv,1351.8,1352.24,NEG,NEG,POS,NEG,NEG
e1.csv,1352.38,1352.87,NEG,NEG,POS,NEG,NEG
e1.csv,1353.13,1353.69,NEG,NEG,POS,NEG,NEG
e1.csv,1354.47,1354.98,NEG,NEG,POS,NEG,NEG
e1.csv,1361.29,1362.14,NEG,NEG,POS,NEG,NEG
e1.csv,1512.64,1514.47,POS,NEG,NEG,NEG,NEG
e1.csv,1515.84,1517.56,POS,NEG,NEG,NEG,NEG
e1.csv,1518.64,1520.15,POS,NEG,NEG,NEG,NEG
e1.csv,1521.24,1522.71,POS,NEG,NEG,NEG,NEG
e1.csv,1523.8,1525.29,POS,NEG,NEG,NEG,NEG
e1.csv,1526.08,1527.2,POS,NEG,NEG,NEG,NEG
e1.csv,1527.93,1529.12,POS,NEG,NEG,NEG,NEG
e1.csv,1530.63,1532.1,POS,NEG,NEG,NEG,NEG
e1.csv,1533.03,1534.35,POS,NEG,NEG,NEG,NEG
e1.csv,1535.72,1537.11,POS,NEG,NEG,NEG,NEG
e1.csv,1538.61,1540.02,POS,NEG,NEG,NEG,NEG
e1.csv,1541.06,1542.03,POS,NEG,NEG,NEG,NEG
e1.csv,1543.21,1544.5,POS,NEG,NEG,NEG,NEG
e1.csv,1546.47,1547.78,POS,NEG,NEG,NEG,NEG
e1.csv,1770.01,1770.75,NEG,NEG,POS,NEG,NEG
e1.csv,1772.88,1773.88,NEG,NEG,POS,NEG,NEG
e1.csv,1870.37,1870.77,NEG,NEG,POS,NEG,NEG
e1.csv,1887.97,1888.76,NEG,NEG,POS,NEG,NEG
e1.csv,1894.95,1895.53,NEG,NEG,POS,NEG,NEG
e1.csv,1897.32,1897.66,NEG,NEG,POS,NEG,NEG
e1.csv,1898.07,1899.18,NEG,NEG,POS,NEG,NEG
e1.csv,1902.99,1905.34,NEG,NEG,POS,NEG,NEG
e1.csv,1903.55,1904.49,POS,NEG,NEG,NEG,NEG
e1.csv,1906.53,1907.52,NEG,NEG,POS,NEG,NEG
e1.csv,1907.36,1908.25,POS,NEG,NEG,NEG,NEG
e1.csv,1909.01,1909.3,NEG,NEG,POS,NEG,NEG
e1.csv,1910.15,1911.17,NEG,NEG,POS,NEG,NEG
e1.csv,1953.05,1955.71,NEG,POS,NEG,NEG,NEG
e1.csv,2474.73,2475.59,NEG,NEG,POS,NEG,NEG
e1.csv,2506.15,2506.72,NEG,NEG,POS,NEG,NEG
