Audiofilename,Starttime,Endtime,GRN,GIG,SQT,RUM,WHP
h1.csv,1625.64,1626.99,POS,NEG,NEG,NEG,NEG
h1.csv,1629.18,1630.88,POS,NEG,NEG,NEG,NEG
h1.csv,1640.23,1642.78,POS,NEG,NEG,NEG,NEG
h1.csv,1647.07,1649.21,POS,NEG,NEG,NEG,NEG
h1.csv,1652.98,1655.44,POS,NEG,NEG,NEG,NEG
h1.csv,1656.99,1659.6,POS,NEG,NEG,NEG,NEG
h1.csv,1716.25,1717.06,POS,NEG,NEG,NEG,NEG
h1.csv,1745.52,1747.17,POS,NEG,NEG,NEG,NEG
h1.csv,1760.16,1762.12,POS,NEG,NEG,NEG,NEG
h1.csv,1764.04,1765.37,NEG,NEG,POS,NEG,NEG
h1.csv,1778.48,1780.18,POS,NEG,NEG,NEG,NEG
h1.csv,1783.54,1785.31,POS,NEG,NEG,NEG,NEG
h1.csv,1784.21,1784.64,UNK,UNK,UNK,UNK,UNK
h1.csv,1786.8,1787.47,UNK,UNK,UNK,UNK,UNK
h1.csv,1810.21,1811.78,POS,NEG,NEG,NEG,NEG
h1.csv,1858.85,1859.63,NEG,NEG,POS,NEG,NEG
h1.csv,1859.76,1861.18,NEG,NEG,POS,NEG,NEG
h1.csv,1885.9,1887.64,NEG,NEG,POS,NEG,NEG
h1.csv,1890.02,1891.08,NEG,NEG,POS,NEG,NEG
h1.csv,1936.85,1940.03,NEG,NEG,POS,NEG,NEG
h1.csv,1942.55,1944.14,POS,NEG,NEG,NEG,NEG
h1.csv,1942.7,1943.16,NEG,NEG,POS,NEG,NEG
h1.csv,1945.43,1946.09,NEG,NEG,POS,NEG,NEG
h1.csv,1951.28,1952.03,NEG,NEG,POS,NEG,NEG
h1.csv,1991.31,1993.59,POS,NEG,NEG,NEG,NEG
h1.csv,1992.0,1992.64,NEG,NEG,POS,NEG,NEG
h1.csv,1994.78,1997.36,POS,NEG,NEG,NEG,NEG
h1.csv,1996.8,1997.27,NEG,NEG,POS,NEG,NEG
h1.csv,1997.75,1999.41,POS,NEG,NEG,NEG,NEG
h1.csv,2001.33,2003.9,POS,NEG,NEG,NEG,NEG
h1.csv,2005.89,2006.85,NEG,NEG,POS,NEG,NEG
h1.csv,2008.04,2010.45,POS,NEG,NEG,NEG,NEG
h1.csv,2009.65,2010.43,NEG,NEG,POS,NEG,NEG
h1.csv,2011.14,2012.7,NEG,NEG,POS,NEG,NEG
h1.csv,2013.89,2015.14,NEG,NEG,POS,NEG,NEG
h1.csv,2020.84,2021.52,NEG,NEG,POS,NEG,NEG
h1.csv,2022.15,2025.23,NEG,NEG,POS,NEG,NEG
h1.csv,2025.39,2026.4,NEG,NEG,POS,NEG,NEG
h1.csv,2026.97,2028.52,POS,NEG,NEG,NEG,NEG
h1.csv,2034.46,2035.2,NEG,NEG,POS,NEG,NEG
h1.csv,2036.56,2037.63,NEG,NEG,POS,NEG,NEG
h1.csv,2040.53,2041.69,NEG,NEG,POS,NEG,NEG
h1.csv,2048.66,2049.7,NEG,NEG,POS,NEG,NEG
h1.csv,2059.19,2059.68,NEG,POS,NEG,NEG,NEG
h1.csv,2061.96,2063.16,NEG,POS,NEG,NEG,NEG
h1.csv,2076.6,2077.7,NEG,POS,NEG,NEG,NEG
h1.csv,2079.09,2079.9,NEG,POS,NEG,NEG,NEG
h1.csv,2087.86,2088.6,NEG,POS,NEG,NEG,NEG
h1.csv,2093.43,2094.14,NEG,NEG,POS,NEG,NEG
h1.csv,2099.04,2099.79,NEG,POS,NEG,NEG,NEG
h1.csv,2105.95,2107.81,NEG,POS,NEG,NEG,NEG
h1.csv,2109.2,2111.33,NEG,POS,NEG,NEG,NEG
h1.csv,2120.64,2121.77,NEG,POS,NEG,NEG,NEG
h1.csv,2123.09,2125.03,NEG,POS,NEG,NEG,NEG
h1.csv,2125.77,2126.83,NEG,POS,NEG,NEG,NEG
h1.csv,2128.5,2129.52,NEG,POS,NEG,NEG,NEG
h1.csv,2138.7,2139.92,NEG,POS,NEG,NEG,NEG
h1.csv,2140.78,2143.62,NEG,POS,NEG,NEG,NEG
h1.csv,2144.49,2145.71,NEG,POS,NEG,NEG,NEG
h1.csv,2146.33,2147.89,NEG,UNK,UNK,NEG,NEG
h1.csv,2149.41,2150.51,NEG,POS,NEG,NEG,NEG
h1.csv,2158.43,2159.39,NEG,POS,NEG,NEG,NEG
h1.csv,2177.21,2179.1,NEG,POS,NEG,NEG,NEG
h1.csv,2179.45,2181.17,NEG,POS,NEG,NEG,NEG
h1.csv,2181.41,2183.05,NEG,POS,NEG,NEG,NEG
h1.csv,2183.45,2184.59,NEG,POS,NEG,NEG,NEG
h1.csv,2193.38,2194.42,NEG,POS,NEG,NEG,NEG
h1.csv,2194.87,2197.1,NEG,POS,NEG,NEG,NEG
h1.csv,2197.7,2200.03,NEG,POS,NEG,NEG,NEG
h1.csv,2200.26,2201.47,NEG,POS,NEG,NEG,NEG
h1.csv,2202.25,2202.47,NEG,POS,NEG,NEG,NEG
h1.csv,2205.12,2205.91,NEG,POS,NEG,NEG,NEG
h1.csv,2208.31,2209.94,NEG,NEG,POS,NEG,NEG
h1.csv,2208.6,2209.85,POS,NEG,NEG,NEG,NEG
h1.csv,2211.47,2212.1,NEG,POS,NEG,NEG,NEG
h1.csv,2212.75,2213.73,NEG,POS,NEG,NEG,NEG
h1.csv,2215.41,2215.8,NEG,POS,NEG,NEG,NEG
h1.csv,2216.13,2216.92,NEG,NEG,POS,NEG,NEG
h1.csv,2218.97,2220.1,POS,NEG,NEG,NEG,NEG
h1.csv,2220.46,2220.85,UNK,UNK,UNK,UNK,UNK
h1.csv,2221.57,2222.09,UNK,UNK,UNK,UNK,UNK
h1.csv,2223.26,2223.64,UNK,UNK,UNK,UNK,UNK
h1.csv,2223.68,2224.22,NEG,NEG,POS,NEG,NEG
h1.csv,2226.05,2227.15,NEG,POS,NEG,NEG,NEG
h1.csv,2227.83,2229.39,NEG,POS,NEG,NEG,NEG
h1.csv,2230.2,2231.05,NEG,POS,NEG,NEG,NEG
h1.csv,2231.58,2234.23,NEG,POS,NEG,NEG,NEG
h1.csv,2235.58,2237.59,NEG,POS,NEG,NEG,NEG
h1.csv,2239.12,2242.32,NEG,POS,NEG,NEG,NEG
h1.csv,2242.28,2243.28,NEG,POS,NEG,NEG,NEG
h1.csv,2244.78,2246.32,NEG,POS,NEG,NEG,NEG
h1.csv,2249.1,2252.89,POS,NEG,NEG,NEG,NEG
h1.csv,2261.86,2262.68,NEG,NEG,POS,NEG,NEG
h1.csv,2262.75,2262.95,NEG,POS,NEG,NEG,NEG
h1.csv,2263.7,2265.0,NEG,POS,NEG,NEG,NEG
h1.csv,2266.19,2268.58,NEG,POS,NEG,NEG,NEG
h1.csv,2268.69,2270.55,NEG,POS,NEG,NEG,NEG
h1.csv,2272.7,2273.29,POS,NEG,NEG,NEG,NEG
h1.csv,2273.78,2274.11,NEG,POS,NEG,NEG,NEG
h1.csv,2274.89,2278.02,POS,NEG,NEG,NEG,NEG
h1.csv,2292.35,2293.63,NEG,POS,NEG,NEG,NEG
h1.csv,2312.72,2313.65,NEG,NEG,POS,NEG,NEG
h1.csv,2315.71,2315.92,NEG,POS,NEG,NEG,NEG
h1.csv,2316.72,2316.9,NEG,POS,NEG,NEG,NEG
h1.csv,2319.28,2321.77,POS,NEG,NEG,NEG,NEG
h1.csv,2322.46,2324.18,POS,NEG,NEG,NEG,NEG
h1.csv,2324.03,2324.96,NEG,NEG,POS,NEG,NEG
h1.csv,2327.0,2327.23,NEG,POS,NEG,NEG,NEG
h1.csv,2328.45,2328.97,NEG,POS,NEG,NEG,NEG
h1.csv,2328.45,2328.97,NEG,POS,NEG,NEG,NEG
h1.csv,2330.72,2331.13,NEG,POS,NEG,NEG,NEG
h1.csv,2330.72,2331.13,NEG,POS,NEG,NEG,NEG
h1.csv,2331.39,2331.97,NEG,POS,NEG,NEG,NEG
h1.csv,2331.39,2331.97,NEG,POS,NEG,NEG,NEG
h1.csv,2332.48,2332.67,NEG,POS,NEG,NEG,NEG
h1.csv,2332.48,2332.67,NEG,POS,NEG,NEG,NEG
h1.csv,2336.09,2336.99,NEG,POS,NEG,NEG,NEG
h1.csv,2336.09,2336.99,NEG,POS,NEG,NEG,NEG
h1.csv,2339.96,2340.8,NEG,POS,NEG,NEG,NEG
h1.csv,2339.96,2340.8,NEG,POS,NEG,NEG,NEG
h1.csv,2341.04,2341.69,NEG,POS,NEG,NEG,NEG
h1.csv,2341.04,2341.69,NEG,POS,NEG,NEG,NEG
h1.csv,2348.36,2350.8,NEG,NEG,POS,NEG,NEG
h1.csv,2348.36,2350.8,NEG,NEG,POS,NEG,NEG
h1.csv,2386.4,2387.11,NEG,POS,NEG,NEG,NEG
h1.csv,2386.4,2387.11,NEG,POS,NEG,NEG,NEG
h1.csv,2388.43,2389.8,NEG,NEG,POS,NEG,NEG
h1.csv,2388.43,2389.8,NEG,NEG,POS,NEG,NEG
h1.csv,2390.01,2390.38,NEG,POS,NEG,NEG,NEG
h1.csv,2390.01,2390.38,NEG,POS,NEG,NEG,NEG
h1.csv,2390.84,2392.25,NEG,NEG,POS,NEG,NEG
h1.csv,2390.84,2392.25,NEG,NEG,POS,NEG,NEG
h1.csv,2392.57,2393.88,NEG,POS,NEG,NEG,NEG
h1.csv,2392.57,2393.88,NEG,POS,NEG,NEG,NEG
h1.csv,2394.43,2394.86,NEG,POS,NEG,NEG,NEG
h1.csv,2394.43,2394.86,NEG,POS,NEG,NEG,NEG
h1.csv,2395.65,2395.93,NEG,POS,NEG,NEG,NEG
h1.csv,2395.65,2395.93,NEG,POS,NEG,NEG,NEG
h1.csv,2396.99,2398.36,NEG,NEG,POS,NEG,NEG
h1.csv,2396.99,2398.36,NEG,NEG,POS,NEG,NEG
h1.csv,2400.05,2400.76,NEG,NEG,POS,NEG,NEG
h1.csv,2400.05,2400.76,NEG,NEG,POS,NEG,NEG
h1.csv,2401.73,2403.4,NEG,POS,NEG,NEG,NEG
h1.csv,2401.73,2403.4,NEG,POS,NEG,NEG,NEG
h1.csv,2404.24,2405.55,NEG,POS,NEG,NEG,NEG
h1.csv,2404.24,2405.55,NEG,POS,NEG,NEG,NEG
h1.csv,2407.48,2408.97,NEG,POS,NEG,NEG,NEG
h1.csv,2407.48,2408.97,NEG,POS,NEG,NEG,NEG
h1.csv,2409.3,2409.51,NEG,POS,NEG,NEG,NEG
h1.csv,2409.3,2409.51,NEG,POS,NEG,NEG,NEG
h1.csv,2415.7,2416.75,NEG,POS,NEG,NEG,NEG
h1.csv,2415.7,2416.75,NEG,POS,NEG,NEG,NEG
h1.csv,2418.66,2418.9,NEG,POS,NEG,NEG,NEG
h1.csv,2418.66,2418.9,NEG,POS,NEG,NEG,NEG
h1.csv,2420.25,2421.29,NEG,POS,NEG,NEG,NEG
h1.csv,2420.25,2421.29,NEG,POS,NEG,NEG,NEG
h1.csv,2422.19,2423.36,NEG,UNK,UNK,NEG,NEG
h1.csv,2422.19,2423.36,NEG,UNK,UNK,NEG,NEG
h1.csv,2432.09,2432.79,NEG,POS,NEG,NEG,NEG
h1.csv,2432.09,2432.79,NEG,POS,NEG,NEG,NEG
h1.csv,2434.43,2435.35,NEG,UNK,UNK,NEG,NEG
h1.csv,2434.43,2435.35,NEG,UNK,UNK,NEG,NEG
h1.csv,2438.3,2439.11,NEG,UNK,UNK,NEG,NEG
h1.csv,2438.3,2439.11,NEG,UNK,UNK,NEG,NEG
h1.csv,2452.33,2452.87,NEG,POS,NEG,NEG,NEG
h1.csv,2452.33,2452.87,NEG,POS,NEG,NEG,NEG
h1.csv,2454.96,2455.75,NEG,POS,NEG,NEG,NEG
h1.csv,2454.96,2455.75,NEG,POS,NEG,NEG,NEG
h1.csv,2532.31,2532.57,NEG,POS,NEG,NEG,NEG
h1.csv,2532.31,2532.57,NEG,POS,NEG,NEG,NEG
h1.csv,2554.0,2555.89,POS,NEG,NEG,NEG,NEG
h1.csv,2554.0,2555.89,POS,NEG,NEG,NEG,NEG
h1.csv,2558.26,2559.97,POS,NEG,NEG,NEG,NEG
h1.csv,2558.26,2559.97,POS,NEG,NEG,NEG,NEG
h1.csv,2559.69,2560.32,NEG,NEG,POS,NEG,NEG
h1.csv,2559.69,2560.32,NEG,NEG,POS,NEG,NEG
h1.csv,2566.51,2568.15,POS,NEG,NEG,NEG,NEG
h1.csv,2566.51,2568.15,POS,NEG,NEG,NEG,NEG
h1.csv,2641.08,2642.59,NEG,NEG,POS,NEG,NEG
h1.csv,2641.08,2642.59,NEG,NEG,POS,NEG,NEG
h1.csv,2648.61,2649.33,NEG,NEG,POS,NEG,NEG
h1.csv,2648.61,2649.33,NEG,NEG,POS,NEG,NEG
h1.csv,2650.37,2650.61,NEG,POS,NEG,NEG,NEG
h1.csv,2650.37,2650.61,NEG,POS,NEG,NEG,NEG
h1.csv,2681.81,2682.43,NEG,NEG,POS,NEG,NEG
h1.csv,2681.81,2682.43,NEG,NEG,POS,NEG,NEG
h1.csv,2696.94,2697.47,NEG,NEG,POS,NEG,NEG
h1.csv,2696.94,2697.47,NEG,NEG,POS,NEG,NEG
h1.csv,2697.9,2698.25,NEG,NEG,POS,NEG,NEG
h1.csv,2697.9,2698.25,NEG,NEG,POS,NEG,NEG
h1.csv,2704.93,2705.95,NEG,NEG,POS,NEG,NEG
h1.csv,2704.93,2705.95,NEG,NEG,POS,NEG,NEG
h1.csv,2707.56,2708.93,NEG,NEG,POS,NEG,NEG
h1.csv,2707.56,2708.93,NEG,NEG,POS,NEG,NEG
h1.csv,2709.14,2710.28,NEG,NEG,POS,NEG,NEG
h1.csv,2709.14,2710.28,NEG,NEG,POS,NEG,NEG
h1.csv,2799.58,2802.34,POS,NEG,NEG,NEG,NEG
h1.csv,2799.58,2802.34,POS,NEG,NEG,NEG,NEG
h1.csv,2802.14,2802.6,NEG,POS,NEG,NEG,NEG
h1.csv,2802.14,2802.6,NEG,POS,NEG,NEG,NEG
h1.csv,2803.0,2804.79,POS,NEG,NEG,NEG,NEG
h1.csv,2803.0,2804.79,POS,NEG,NEG,NEG,NEG
h1.csv,2805.04,2806.09,POS,NEG,NEG,NEG,NEG
h1.csv,2805.04,2806.09,POS,NEG,NEG,NEG,NEG
h1.csv,2806.55,2807.39,POS,NEG,NEG,NEG,NEG
h1.csv,2806.55,2807.39,POS,NEG,NEG,NEG,NEG
h1.csv,2807.14,2807.74,NEG,POS,NEG,NEG,NEG
h1.csv,2807.14,2807.74,NEG,POS,NEG,NEG,NEG
h1.csv,2808.62,2808.84,NEG,POS,NEG,NEG,NEG
h1.csv,2808.62,2809.59,NEG,NEG,POS,NEG,NEG
h1.csv,2808.62,2808.84,NEG,POS,NEG,NEG,NEG
h1.csv,2808.62,2809.59,NEG,NEG,POS,NEG,NEG
h1.csv,2809.78,2811.02,NEG,NEG,POS,NEG,NEG
h1.csv,2809.78,2811.02,NEG,NEG,POS,NEG,NEG
h1.csv,2811.17,2812.41,NEG,NEG,POS,NEG,NEG
h1.csv,2811.17,2812.41,NEG,NEG,POS,NEG,NEG
h1.csv,2813.43,2816.69,NEG,NEG,POS,NEG,NEG
h1.csv,2813.43,2816.69,NEG,NEG,POS,NEG,NEG
h1.csv,2822.75,2823.16,NEG,POS,NEG,NEG,NEG
h1.csv,2822.75,2823.16,NEG,POS,NEG,NEG,NEG
h1.csv,2836.79,2838.5,POS,NEG,NEG,NEG,NEG
h1.csv,2836.79,2838.5,POS,NEG,NEG,NEG,NEG
h1.csv,2838.56,2839.72,NEG,NEG,POS,NEG,NEG
h1.csv,2838.56,2839.72,NEG,NEG,POS,NEG,NEG
h1.csv,2882.87,2883.58,NEG,NEG,POS,NEG,NEG
h1.csv,2904.73,2906.3,POS,NEG,NEG,NEG,NEG
h1.csv,2904.73,2906.3,POS,NEG,NEG,NEG,NEG
h1.csv,2931.1,2932.46,POS,NEG,NEG,NEG,NEG
h1.csv,2931.1,2932.46,POS,NEG,NEG,NEG,NEG
h1.csv,2935.63,2936.83,POS,NEG,NEG,NEG,NEG
h1.csv,2935.63,2936.83,POS,NEG,NEG,NEG,NEG
h1.csv,2942.7,2943.72,POS,NEG,NEG,NEG,NEG
h1.csv,2942.7,2943.72,POS,NEG,NEG,NEG,NEG
h1.csv,2960.09,2961.43,POS,NEG,NEG,NEG,NEG
h1.csv,2960.09,2961.43,POS,NEG,NEG,NEG,NEG
h1.csv,2963.12,2965.13,POS,NEG,NEG,NEG,NEG
h1.csv,2963.12,2965.13,POS,NEG,NEG,NEG,NEG
h1.csv,2968.27,2969.45,POS,NEG,NEG,NEG,NEG
h1.csv,2968.27,2969.45,POS,NEG,NEG,NEG,NEG
h1.csv,2972.45,2973.57,POS,NEG,NEG,NEG,NEG
h1.csv,2972.45,2973.57,POS,NEG,NEG,NEG,NEG
h1.csv,2975.75,2976.54,NEG,NEG,POS,NEG,NEG
h1.csv,2975.75,2976.54,NEG,NEG,POS,NEG,NEG
h1.csv,2975.94,2977.41,POS,NEG,NEG,NEG,NEG
h1.csv,2975.94,2977.41,POS,NEG,NEG,NEG,NEG
h1.csv,2978.44,2980.42,POS,NEG,NEG,NEG,NEG
h1.csv,2978.44,2980.42,POS,NEG,NEG,NEG,NEG
h1.csv,2983.23,2984.2,POS,NEG,NEG,NEG,NEG
h1.csv,2983.23,2984.2,POS,NEG,NEG,NEG,NEG
h1.csv,2987.27,2988.31,POS,NEG,NEG,NEG,NEG
h1.csv,2987.27,2988.31,POS,NEG,NEG,NEG,NEG
h1.csv,2993.41,2994.52,POS,NEG,NEG,NEG,NEG
h1.csv,2993.41,2994.52,POS,NEG,NEG,NEG,NEG
h1.csv,2996.46,2997.66,POS,NEG,NEG,NEG,NEG
h1.csv,2996.46,2997.66,POS,NEG,NEG,NEG,NEG
h1.csv,3000.34,3001.53,POS,NEG,NEG,NEG,NEG
h1.csv,3000.34,3001.53,POS,NEG,NEG,NEG,NEG
h1.csv,3004.07,3004.98,POS,NEG,NEG,NEG,NEG
h1.csv,3004.07,3004.98,POS,NEG,NEG,NEG,NEG
h1.csv,3008.88,3010.23,POS,NEG,NEG,NEG,NEG
h1.csv,3008.88,3010.23,POS,NEG,NEG,NEG,NEG
h1.csv,3012.77,3013.94,POS,NEG,NEG,NEG,NEG
h1.csv,3012.77,3013.94,POS,NEG,NEG,NEG,NEG
h1.csv,3014.13,3014.74,NEG,NEG,POS,NEG,NEG
h1.csv,3014.13,3014.74,NEG,NEG,POS,NEG,NEG
h1.csv,3019.55,3020.56,POS,NEG,NEG,NEG,NEG
h1.csv,3019.55,3020.56,POS,NEG,NEG,NEG,NEG
h1.csv,3024.0,3025.07,POS,NEG,NEG,NEG,NEG
h1.csv,3024.0,3025.07,POS,NEG,NEG,NEG,NEG
h1.csv,3029.03,3030.19,POS,NEG,NEG,NEG,NEG
h1.csv,3029.03,3030.19,POS,NEG,NEG,NEG,NEG
h1.csv,3034.8,3035.94,POS,NEG,NEG,NEG,NEG
h1.csv,3034.8,3035.94,POS,NEG,NEG,NEG,NEG
h1.csv,3061.55,3062.86,POS,NEG,NEG,NEG,NEG
h1.csv,3061.55,3062.86,POS,NEG,NEG,NEG,NEG
h1.csv,3065.58,3066.78,POS,NEG,NEG,NEG,NEG
h1.csv,3065.58,3066.78,POS,NEG,NEG,NEG,NEG
h1.csv,3157.06,3158.4,POS,NEG,NEG,NEG,NEG
h1.csv,3157.06,3158.4,POS,NEG,NEG,NEG,NEG
h1.csv,3174.83,3175.71,POS,NEG,NEG,NEG,NEG
h1.csv,3174.83,3175.71,POS,NEG,NEG,NEG,NEG
h1.csv,3248.8,3250.39,POS,NEG,NEG,NEG,NEG
h1.csv,3248.8,3250.39,POS,NEG,NEG,NEG,NEG
h1.csv,3309.87,3311.43,POS,NEG,NEG,NEG,NEG
h1.csv,3309.87,3311.43,POS,NEG,NEG,NEG,NEG
h1.csv,3314.07,3315.55,POS,NEG,NEG,NEG,NEG
h1.csv,3314.07,3315.55,POS,NEG,NEG,NEG,NEG
h1.csv,3317.95,3319.19,POS,NEG,NEG,NEG,NEG
h1.csv,3317.95,3319.19,POS,NEG,NEG,NEG,NEG
h1.csv,3322.48,3323.68,POS,NEG,NEG,NEG,NEG
h1.csv,3322.48,3323.68,POS,NEG,NEG,NEG,NEG
h1.csv,3330.44,3332.46,POS,NEG,NEG,NEG,NEG
h1.csv,3330.44,3332.46,POS,NEG,NEG,NEG,NEG
h1.csv,3336.48,3337.76,POS,NEG,NEG,NEG,NEG
h1.csv,3336.48,3337.76,POS,NEG,NEG,NEG,NEG
h1.csv,3377.22,3379.26,POS,NEG,NEG,NEG,NEG
h1.csv,3377.22,3379.26,POS,NEG,NEG,NEG,NEG
h1.csv,3440.6,3442.04,POS,NEG,NEG,NEG,NEG
h1.csv,3440.6,3442.04,POS,NEG,NEG,NEG,NEG
h1.csv,3443.91,3445.53,POS,NEG,NEG,NEG,NEG
h1.csv,3443.91,3445.53,POS,NEG,NEG,NEG,NEG
h1.csv,3449.95,3451.85,POS,NEG,NEG,NEG,NEG
h1.csv,3449.95,3451.85,POS,NEG,NEG,NEG,NEG
h1.csv,3452.71,3453.86,POS,NEG,NEG,NEG,NEG
h1.csv,3452.71,3453.86,POS,NEG,NEG,NEG,NEG
h1.csv,3454.87,3456.52,POS,NEG,NEG,NEG,NEG
h1.csv,3454.87,3456.52,POS,NEG,NEG,NEG,NEG
h1.csv,3458.78,3460.24,POS,NEG,NEG,NEG,NEG
h1.csv,3458.78,3460.24,POS,NEG,NEG,NEG,NEG
h1.csv,3461.23,3462.68,POS,NEG,NEG,NEG,NEG
h1.csv,3461.23,3462.68,POS,NEG,NEG,NEG,NEG
h1.csv,3463.82,3464.96,POS,NEG,NEG,NEG,NEG
h1.csv,3463.82,3464.96,POS,NEG,NEG,NEG,NEG
h1.csv,3469.06,3470.69,POS,NEG,NEG,NEG,NEG
h1.csv,3469.06,3470.69,POS,NEG,NEG,NEG,NEG
