Audiofilename,Starttime,Endtime,WHP,RUM,GRN,GIG,SQT
n1.csv,1437.83,1438.56,UNK,UNK,UNK,UNK,UNK
n1.csv,2230.62,2231.74,NEG,POS,NEG,NEG,NEG
n1.csv,2232.29,2235.85,NEG,POS,NEG,NEG,NEG
n1.csv,2256.13,2256.71,UNK,UNK,UNK,UNK,UNK
n1.csv,2300.68,2301.79,UNK,UNK,UNK,UNK,UNK
n1.csv,2317.98,2320.15,UNK,UNK,UNK,UNK,UNK
n1.csv,2327.55,2329.24,NEG,POS,NEG,NEG,NEG
n1.csv,2330.32,2331.44,NEG,POS,NEG,NEG,NEG
n1.csv,2339.48,2340.75,UNK,UNK,UNK,UNK,UNK
n1.csv,2342.06,2342.53,UNK,UNK,UNK,UNK,UNK
n1.csv,2343.42,2345.16,NEG,POS,NEG,NEG,NEG
n1.csv,2363.37,2365.38,NEG,POS,NEG,NEG,NEG
n1.csv,2371.94,2372.63,NEG,POS,NEG,NEG,NEG
n1.csv,2382.71,2383.52,NEG,POS,NEG,NEG,NEG
n1.csv,2392.88,2395.11,NEG,POS,NEG,NEG,NEG
n1.csv,2415.68,2416.17,UNK,UNK,UNK,UNK,UNK
n1.csv,2422.8,2426.42,NEG,POS,NEG,NEG,NEG
n1.csv,2429.99,2431.26,UNK,UNK,UNK,UNK,UNK
n1.csv,2484.19,2485.68,NEG,POS,NEG,NEG,NEG
n1.csv,2600.78,2601.16,UNK,UNK,UNK,UNK,UNK
n1.csv,2603.89,2605.03,NEG,POS,NEG,NEG,NEG
n1.csv,2614,2615.285,NEG,POS,NEG,NEG,NEG
n1.csv,2615.768,2617.585,NEG,POS,NEG,NEG,NEG
n1.csv,2631.56,2633.44,NEG,POS,NEG,NEG,NEG
n1.csv,2643.08,2643.69,UNK,UNK,UNK,UNK,UNK
n1.csv,2645.85,2646.79,NEG,POS,NEG,NEG,NEG
n1.csv,2740.22,2742.09,UNK,UNK,UNK,UNK,UNK
n1.csv,2754.48,2756.12,NEG,POS,NEG,NEG,NEG
n1.csv,2764.23,2765.48,NEG,POS,NEG,NEG,NEG
n1.csv,2878.11,2879.46,NEG,POS,NEG,NEG,NEG
n1.csv,2883.59,2884.8,NEG,POS,NEG,NEG,NEG
n1.csv,3011.57,3012.41,UNK,UNK,UNK,UNK,UNK
n1.csv,3057.6,3059.71,NEG,POS,NEG,NEG,NEG
n1.csv,3063.67,3065.58,UNK,UNK,UNK,UNK,UNK
n1.csv,3133.43,3133.68,UNK,UNK,UNK,UNK,UNK
n1.csv,3219.08,3220.99,NEG,POS,NEG,NEG,NEG
n1.csv,3266.35,3267.35,NEG,POS,NEG,NEG,NEG
n1.csv,3303.49,3304.58,UNK,UNK,UNK,UNK,UNK
n1.csv,3317.47,3318.28,UNK,UNK,UNK,UNK,UNK
n1.csv,3559.18,3559.76,UNK,UNK,UNK,UNK,UNK