Audiofilename,Starttime,Endtime,GRN,GIG,SQT,RUM,WHP
y1.csv,53.87,54.6,UNK,UNK,UNK,UNK,UNK
y1.csv,297.91,298.31,NEG,POS,NEG,NEG,NEG
y1.csv,371.73,373.15,NEG,POS,NEG,NEG,NEG
y1.csv,1213.32,1214.22,POS,NEG,NEG,NEG,NEG
y1.csv,1215.68,1217.09,POS,NEG,NEG,NEG,NEG
y1.csv,1218.24,1219.5,POS,NEG,NEG,NEG,NEG
y1.csv,1220.5,1221.77,POS,NEG,NEG,NEG,NEG
y1.csv,1222.79,1224.58,POS,NEG,NEG,NEG,NEG
y1.csv,1232.61,1233.73,POS,NEG,NEG,NEG,NEG
y1.csv,1235.78,1239.62,POS,NEG,NEG,NEG,NEG
y1.csv,1236.32,1237.07,NEG,NEG,POS,NEG,NEG
y1.csv,1237.6,1238.92,UNK,UNK,UNK,UNK,UNK
y1.csv,1240.96,1242.08,POS,NEG,NEG,NEG,NEG
y1.csv,1241.2,1241.54,NEG,POS,NEG,NEG,NEG
y1.csv,1242.24,1242.57,NEG,POS,NEG,NEG,NEG
y1.csv,1242.36,1242.84,POS,NEG,NEG,NEG,NEG
y1.csv,1254.53,1256.06,NEG,NEG,POS,NEG,NEG
y1.csv,1258.15,1261.02,UNK,UNK,UNK,UNK,UNK
y1.csv,1259.6,1260.56,NEG,NEG,POS,NEG,NEG
y1.csv,1266.2,1267.29,POS,NEG,NEG,NEG,NEG
y1.csv,1289.44,1290.45,NEG,NEG,POS,NEG,NEG
y1.csv,1290.4,1294.42,NEG,POS,NEG,NEG,NEG
y1.csv,1290.55,1294.29,POS,NEG,NEG,NEG,NEG
y1.csv,1295.33,1302.74,POS,NEG,NEG,NEG,NEG
y1.csv,1296.33,1300.14,NEG,POS,NEG,NEG,NEG
y1.csv,1300.87,1306.63,NEG,POS,NEG,NEG,NEG
y1.csv,1306.38,1312.4,POS,NEG,NEG,NEG,NEG
y1.csv,1308.29,1310.17,NEG,POS,NEG,NEG,NEG
y1.csv,1311.33,1311.84,NEG,POS,NEG,NEG,NEG
y1.csv,1312.79,1316.7,UNK,UNK,UNK,UNK,UNK
y1.csv,1312.86,1316.35,NEG,POS,NEG,NEG,NEG
y1.csv,1318.73,1319.48,UNK,UNK,UNK,UNK,UNK
y1.csv,1323.69,1324.43,UNK,UNK,UNK,UNK,UNK
y1.csv,1329.97,1330.48,NEG,NEG,POS,NEG,NEG
y1.csv,1331.45,1332.65,NEG,NEG,POS,NEG,NEG
y1.csv,1332.91,1334.31,NEG,NEG,POS,NEG,NEG
y1.csv,1337.17,1338.0,NEG,NEG,POS,NEG,NEG
y1.csv,1338.39,1339.92,NEG,NEG,POS,NEG,NEG
y1.csv,1341.09,1341.61,NEG,NEG,POS,NEG,NEG
y1.csv,1344.75,1345.2,NEG,NEG,POS,NEG,NEG
y1.csv,1611.87,1612.3,UNK,UNK,UNK,UNK,UNK
y1.csv,1632.1,1633.98,UNK,UNK,UNK,UNK,UNK
y1.csv,1657.8,1658.48,NEG,UNK,UNK,UNK,UNK
y1.csv,1689.76,1692.24,NEG,NEG,POS,NEG,NEG
y1.csv,1694.71,1695.64,NEG,NEG,POS,NEG,NEG
y1.csv,1696.14,1698.39,NEG,NEG,POS,NEG,NEG
y1.csv,1700.77,1701.95,NEG,NEG,POS,NEG,NEG
y1.csv,1706.33,1708.53,POS,NEG,NEG,NEG,NEG
y1.csv,1709.62,1711.96,POS,NEG,NEG,NEG,NEG
y1.csv,1713.7,1716.0,POS,NEG,NEG,NEG,NEG
y1.csv,1790.98,1793.54,POS,NEG,NEG,NEG,NEG
y1.csv,1805.78,1807.4,POS,NEG,NEG,NEG,NEG
y1.csv,1812.72,1814.99,POS,NEG,NEG,NEG,NEG
y1.csv,1815.48,1816.57,POS,NEG,NEG,NEG,NEG
y1.csv,1820.19,1822.28,POS,NEG,NEG,NEG,NEG
y1.csv,1828.55,1830.22,POS,NEG,NEG,NEG,NEG
y1.csv,1841.26,1843.05,POS,NEG,NEG,NEG,NEG
y1.csv,1845.49,1847.96,POS,NEG,NEG,NEG,NEG
y1.csv,1849.43,1851.23,POS,NEG,NEG,NEG,NEG
y1.csv,1852.46,1854.23,POS,NEG,NEG,NEG,NEG
y1.csv,1856.5,1858.19,POS,NEG,NEG,NEG,NEG
y1.csv,1859.89,1862.43,POS,NEG,NEG,NEG,NEG
y1.csv,1865.46,1867.22,POS,NEG,NEG,NEG,NEG
y1.csv,1882.06,1883.54,POS,NEG,NEG,NEG,NEG
y1.csv,1894.23,1896.07,POS,NEG,NEG,NEG,NEG
y1.csv,1902.02,1904.37,POS,NEG,NEG,NEG,NEG
y1.csv,1920.54,1922.63,NEG,POS,NEG,NEG,NEG
y1.csv,1925.15,1925.96,NEG,POS,NEG,NEG,NEG
y1.csv,1928.09,1929.35,UNK,UNK,UNK,UNK,UNK
y1.csv,1934.08,1934.42,NEG,POS,NEG,NEG,NEG
y1.csv,1935.82,1936.38,NEG,POS,NEG,NEG,NEG
y1.csv,1944.97,1946.41,NEG,POS,NEG,NEG,NEG
y1.csv,1992.55,1993.48,UNK,UNK,UNK,UNK,UNK
y1.csv,2048.85,2049.31,NEG,POS,NEG,NEG,NEG
y1.csv,3420.85,3421.31,NEG,POS,NEG,NEG,NEG
y1.csv,3421.66,3422.96,NEG,POS,NEG,NEG,NEG
y1.csv,3518.15,3520.86,UNK,UNK,UNK,UNK,UNK
y1.csv,3562.26,3564.24,NEG,POS,NEG,NEG,NEG
y1.csv,3566.71,3568.8,NEG,POS,NEG,NEG,NEG
