Audiofilename,Starttime,Endtime,CHSP,GCTH,SAVS,SWTH,WTSP
2015-10-14_23-59-59_unit05.wav,59.501,59.651,UNK,UNK,UNK,UNK,UNK
2015-10-14_23-59-59_unit05.wav,98.846,98.996,UNK,NEG,UNK,NEG,UNK
2015-10-14_23-59-59_unit05.wav,117.617,117.767,UNK,NEG,UNK,NEG,UNK
2015-10-14_23-59-59_unit05.wav,140.845,140.995,UNK,UNK,UNK,UNK,UNK
2015-10-14_23-59-59_unit05.wav,141.378,141.528,POS,NEG,NEG,NEG,NEG
2015-10-14_23-59-59_unit05.wav,144.211,144.361,POS,NEG,NEG,NEG,NEG
2015-10-14_23-59-59_unit05.wav,153.107,153.257,NEG,NEG,NEG,NEG,POS
2015-10-14_23-59-59_unit05.wav,156.054,156.204,UNK,NEG,UNK,NEG,UNK
2015-10-14_23-59-59_unit05.wav,157.014,157.164,UNK,NEG,UNK,NEG,UNK
2015-10-14_23-59-59_unit05.wav,157.151,157.301,NEG,NEG,NEG,NEG,NEG
2015-10-14_23-59-59_unit05.wav,166.116,166.266,UNK,NEG,UNK,NEG,UNK
2015-10-14_23-59-59_unit05.wav,192.432,192.582,UNK,NEG,UNK,NEG,UNK
2015-10-14_23-59-59_unit05.wav,195.338,195.488,UNK,NEG,UNK,NEG,UNK
2015-10-14_23-59-59_unit05.wav,246.586,246.736,POS,NEG,NEG,NEG,NEG
2015-10-14_23-59-59_unit05.wav,279.772,279.922,NEG,NEG,NEG,NEG,POS
2015-10-14_23-59-59_unit05.wav,303.342,303.492,UNK,NEG,UNK,NEG,UNK
2015-10-14_23-59-59_unit05.wav,304.443,304.593,UNK,NEG,UNK,NEG,UNK
2015-10-14_23-59-59_unit05.wav,307.643,307.793,UNK,NEG,UNK,NEG,UNK
2015-10-14_23-59-59_unit05.wav,316.327,316.477,NEG,NEG,NEG,POS,NEG
2015-10-14_23-59-59_unit05.wav,324.981,325.131,UNK,UNK,UNK,UNK,UNK
2015-10-14_23-59-59_unit05.wav,348.338,348.488,UNK,UNK,UNK,UNK,UNK
2015-10-14_23-59-59_unit05.wav,388.865,389.015,NEG,NEG,POS,NEG,NEG
2015-10-14_23-59-59_unit05.wav,390.107,390.257,NEG,NEG,POS,NEG,NEG
2015-10-14_23-59-59_unit05.wav,393.246,393.396,NEG,NEG,POS,NEG,NEG
2015-10-14_23-59-59_unit05.wav,406.408,406.558,UNK,NEG,UNK,NEG,UNK
2015-10-14_23-59-59_unit05.wav,409.008,409.158,UNK,UNK,UNK,UNK,UNK
2015-10-14_23-59-59_unit05.wav,412.853,413.003,UNK,UNK,UNK,UNK,UNK
2015-10-14_23-59-59_unit05.wav,419.283,419.433,POS,NEG,NEG,NEG,NEG
2015-10-14_23-59-59_unit05.wav,420.829,420.979,POS,NEG,NEG,NEG,NEG
2015-10-14_23-59-59_unit05.wav,421.888,422.038,NEG,NEG,NEG,NEG,POS
2015-10-14_23-59-59_unit05.wav,426.496,426.646,NEG,NEG,NEG,NEG,POS
2015-10-14_23-59-59_unit05.wav,428.406,428.556,NEG,NEG,NEG,NEG,POS
2015-10-14_23-59-59_unit05.wav,434.018,434.168,POS,NEG,NEG,NEG,NEG
2015-10-14_23-59-59_unit05.wav,436.89,437.04,NEG,NEG,NEG,NEG,POS
2015-10-14_23-59-59_unit05.wav,526.761,526.911,UNK,NEG,UNK,NEG,UNK
2015-10-14_23-59-59_unit05.wav,529.241,529.391,UNK,UNK,UNK,UNK,UNK
2015-10-14_23-59-59_unit05.wav,542.658,542.808,NEG,NEG,NEG,NEG,POS
2015-10-14_23-59-59_unit05.wav,566.133,566.283,UNK,UNK,UNK,UNK,UNK
2015-10-14_23-59-59_unit05.wav,567.51,567.66,UNK,UNK,UNK,UNK,UNK
2015-10-14_23-59-59_unit05.wav,596.252,596.402,UNK,NEG,UNK,NEG,UNK
2015-10-14_23-59-59_unit05.wav,628.814,628.964,NEG,NEG,NEG,NEG,NEG
2015-10-14_23-59-59_unit05.wav,631.164,631.314,NEG,NEG,NEG,NEG,POS
2015-10-14_23-59-59_unit05.wav,632.855,633.005,UNK,UNK,UNK,UNK,UNK
2015-10-14_23-59-59_unit05.wav,648.878,649.028,POS,NEG,NEG,NEG,NEG
2015-10-14_23-59-59_unit05.wav,683.116,683.266,NEG,NEG,POS,NEG,NEG
2015-10-14_23-59-59_unit05.wav,689.661,689.811,NEG,NEG,POS,NEG,NEG
2015-10-14_23-59-59_unit05.wav,700.392,700.542,UNK,UNK,UNK,UNK,UNK
2015-10-14_23-59-59_unit05.wav,706.389,706.539,UNK,UNK,UNK,UNK,UNK
2015-10-14_23-59-59_unit05.wav,708.645,708.795,UNK,UNK,UNK,UNK,UNK
2015-10-14_23-59-59_unit05.wav,719.565,719.715,NEG,NEG,NEG,POS,NEG
2015-10-14_23-59-59_unit05.wav,723.62,723.77,NEG,NEG,NEG,NEG,POS
2015-10-14_23-59-59_unit05.wav,730.024,730.174,NEG,NEG,NEG,NEG,POS
2015-10-14_23-59-59_unit05.wav,732.799,732.949,NEG,NEG,NEG,NEG,POS
2015-10-14_23-59-59_unit05.wav,735.41,735.56,NEG,NEG,NEG,NEG,POS
2015-10-14_23-59-59_unit05.wav,745.67,745.82,UNK,UNK,UNK,UNK,UNK
2015-10-14_23-59-59_unit05.wav,751.309,751.459,UNK,NEG,UNK,NEG,UNK
2015-10-14_23-59-59_unit05.wav,753.964,754.114,UNK,UNK,UNK,UNK,UNK
2015-10-14_23-59-59_unit05.wav,754.528,754.678,UNK,UNK,UNK,UNK,UNK
2015-10-14_23-59-59_unit05.wav,755.535,755.685,NEG,NEG,NEG,NEG,POS
2015-10-14_23-59-59_unit05.wav,758.827,758.977,UNK,NEG,UNK,NEG,UNK
2015-10-14_23-59-59_unit05.wav,763.898,764.048,NEG,NEG,NEG,NEG,POS
2015-10-14_23-59-59_unit05.wav,766.667,766.817,UNK,UNK,UNK,UNK,UNK
2015-10-14_23-59-59_unit05.wav,768.055,768.205,UNK,NEG,UNK,NEG,UNK
2015-10-14_23-59-59_unit05.wav,772.335,772.485,UNK,NEG,UNK,NEG,UNK
2015-10-14_23-59-59_unit05.wav,776.888,777.038,UNK,NEG,UNK,NEG,UNK
2015-10-14_23-59-59_unit05.wav,782.678,782.828,NEG,NEG,NEG,NEG,POS
2015-10-14_23-59-59_unit05.wav,794.712,794.862,UNK,UNK,UNK,UNK,UNK
2015-10-14_23-59-59_unit05.wav,799.902,800.052,NEG,NEG,NEG,NEG,NEG
2015-10-14_23-59-59_unit05.wav,816.956,817.106,UNK,NEG,UNK,NEG,UNK
2015-10-14_23-59-59_unit05.wav,830.455,830.605,UNK,NEG,UNK,NEG,UNK
2015-10-14_23-59-59_unit05.wav,865.296,865.446,NEG,NEG,NEG,NEG,NEG
2015-10-14_23-59-59_unit05.wav,875.487,875.637,NEG,NEG,NEG,NEG,NEG
2015-10-14_23-59-59_unit05.wav,878.624,878.774,UNK,UNK,UNK,UNK,UNK
2015-10-14_23-59-59_unit05.wav,888.468,888.618,UNK,UNK,UNK,UNK,UNK
2015-10-14_23-59-59_unit05.wav,890.515,890.665,UNK,UNK,UNK,UNK,UNK
2015-10-14_23-59-59_unit05.wav,892.253,892.403,UNK,NEG,UNK,NEG,UNK
2015-10-14_23-59-59_unit05.wav,896.294,896.444,NEG,NEG,NEG,POS,NEG
2015-10-14_23-59-59_unit05.wav,896.947,897.097,UNK,UNK,UNK,UNK,UNK
2015-10-14_23-59-59_unit05.wav,899.188,899.338,UNK,UNK,UNK,UNK,UNK
2015-10-14_23-59-59_unit05.wav,899.826,899.976,UNK,UNK,UNK,UNK,UNK
2015-10-14_23-59-59_unit05.wav,900.358,900.508,UNK,UNK,UNK,UNK,UNK
2015-10-14_23-59-59_unit05.wav,901.083,901.233,NEG,NEG,POS,NEG,NEG
2015-10-14_23-59-59_unit05.wav,901.095,901.245,UNK,UNK,UNK,UNK,UNK
2015-10-14_23-59-59_unit05.wav,902.924,903.074,UNK,UNK,UNK,UNK,UNK
2015-10-14_23-59-59_unit05.wav,903.108,903.258,UNK,UNK,UNK,UNK,UNK
2015-10-14_23-59-59_unit05.wav,903.755,903.905,UNK,UNK,UNK,UNK,UNK
2015-10-14_23-59-59_unit05.wav,904.641,904.791,UNK,NEG,UNK,NEG,UNK
2015-10-14_23-59-59_unit05.wav,911.725,911.875,NEG,NEG,POS,NEG,NEG
2015-10-14_23-59-59_unit05.wav,915.786,915.936,UNK,UNK,UNK,UNK,UNK
2015-10-14_23-59-59_unit05.wav,920.87,921.02,UNK,UNK,UNK,UNK,UNK
2015-10-14_23-59-59_unit05.wav,926.231,926.381,NEG,NEG,NEG,NEG,POS
2015-10-14_23-59-59_unit05.wav,928.55,928.7,NEG,NEG,NEG,NEG,POS
2015-10-14_23-59-59_unit05.wav,928.988,929.138,UNK,UNK,UNK,UNK,UNK
2015-10-14_23-59-59_unit05.wav,932.531,932.681,UNK,NEG,UNK,NEG,UNK
2015-10-14_23-59-59_unit05.wav,933.695,933.845,UNK,NEG,UNK,NEG,UNK
2015-10-14_23-59-59_unit05.wav,940.243,940.393,NEG,NEG,NEG,NEG,POS
2015-10-14_23-59-59_unit05.wav,944.826,944.976,UNK,NEG,UNK,NEG,UNK
2015-10-14_23-59-59_unit05.wav,950.888,951.038,UNK,NEG,UNK,NEG,UNK
2015-10-14_23-59-59_unit05.wav,952.29,952.44,UNK,NEG,UNK,NEG,UNK
2015-10-14_23-59-59_unit05.wav,965.51,965.66,NEG,NEG,NEG,POS,NEG
2015-10-14_23-59-59_unit05.wav,969.499,969.649,UNK,UNK,UNK,UNK,UNK
2015-10-14_23-59-59_unit05.wav,977.97,978.12,UNK,NEG,UNK,NEG,UNK
2015-10-14_23-59-59_unit05.wav,982.216,982.366,UNK,UNK,UNK,UNK,UNK
2015-10-14_23-59-59_unit05.wav,982.572,982.722,UNK,NEG,UNK,NEG,UNK
2015-10-14_23-59-59_unit05.wav,997.787,997.937,NEG,NEG,NEG,POS,NEG
2015-10-14_23-59-59_unit05.wav,1009.759,1009.909,NEG,NEG,POS,NEG,NEG
2015-10-14_23-59-59_unit05.wav,1015.155,1015.305,UNK,NEG,UNK,NEG,UNK
2015-10-14_23-59-59_unit05.wav,1034.0,1034.15,UNK,NEG,UNK,NEG,UNK
2015-10-14_23-59-59_unit05.wav,1037.393,1037.543,UNK,NEG,UNK,NEG,UNK
2015-10-14_23-59-59_unit05.wav,1037.961,1038.111,UNK,NEG,UNK,NEG,UNK
2015-10-14_23-59-59_unit05.wav,1039.559,1039.709,NEG,NEG,NEG,NEG,POS
2015-10-14_23-59-59_unit05.wav,1040.285,1040.435,NEG,NEG,POS,NEG,NEG
2015-10-14_23-59-59_unit05.wav,1042.055,1042.205,NEG,NEG,NEG,NEG,POS
2015-10-14_23-59-59_unit05.wav,1042.622,1042.772,UNK,NEG,UNK,NEG,UNK
2015-10-14_23-59-59_unit05.wav,1043.04,1043.19,NEG,NEG,POS,NEG,NEG
2015-10-14_23-59-59_unit05.wav,1046.834,1046.984,NEG,NEG,POS,NEG,NEG
2015-10-14_23-59-59_unit05.wav,1047.036,1047.186,UNK,NEG,UNK,NEG,UNK
2015-10-14_23-59-59_unit05.wav,1047.268,1047.418,UNK,UNK,UNK,UNK,UNK
2015-10-14_23-59-59_unit05.wav,1048.088,1048.238,UNK,NEG,UNK,NEG,UNK
2015-10-14_23-59-59_unit05.wav,1048.515,1048.665,UNK,UNK,UNK,UNK,UNK
2015-10-14_23-59-59_unit05.wav,1048.531,1048.681,UNK,NEG,UNK,NEG,UNK
2015-10-14_23-59-59_unit05.wav,1049.02,1049.17,UNK,UNK,UNK,UNK,UNK
2015-10-14_23-59-59_unit05.wav,1050.047,1050.197,UNK,NEG,UNK,NEG,UNK
2015-10-14_23-59-59_unit05.wav,1051.636,1051.786,UNK,UNK,UNK,UNK,UNK
2015-10-14_23-59-59_unit05.wav,1052.068,1052.218,UNK,UNK,UNK,UNK,UNK
2015-10-14_23-59-59_unit05.wav,1054.19,1054.34,NEG,NEG,POS,NEG,NEG
2015-10-14_23-59-59_unit05.wav,1055.916,1056.066,UNK,UNK,UNK,UNK,UNK
2015-10-14_23-59-59_unit05.wav,1056.103,1056.253,NEG,NEG,NEG,NEG,POS
2015-10-14_23-59-59_unit05.wav,1057.574,1057.724,UNK,NEG,UNK,NEG,UNK
2015-10-14_23-59-59_unit05.wav,1059.774,1059.924,NEG,NEG,POS,NEG,NEG
2015-10-14_23-59-59_unit05.wav,1060.031,1060.181,UNK,NEG,UNK,NEG,UNK
2015-10-14_23-59-59_unit05.wav,1061.267,1061.417,UNK,NEG,UNK,NEG,UNK
2015-10-14_23-59-59_unit05.wav,1064.594,1064.744,NEG,NEG,NEG,NEG,POS
2015-10-14_23-59-59_unit05.wav,1066.483,1066.633,NEG,NEG,NEG,NEG,NEG
2015-10-14_23-59-59_unit05.wav,1079.868,1080.018,NEG,NEG,NEG,NEG,NEG
2015-10-14_23-59-59_unit05.wav,1080.083,1080.233,UNK,NEG,UNK,NEG,UNK
2015-10-14_23-59-59_unit05.wav,1087.527,1087.677,UNK,NEG,UNK,NEG,UNK
2015-10-14_23-59-59_unit05.wav,1094.051,1094.201,UNK,NEG,UNK,NEG,UNK
2015-10-14_23-59-59_unit05.wav,1095.627,1095.777,UNK,NEG,UNK,NEG,UNK
2015-10-14_23-59-59_unit05.wav,1113.14,1113.29,UNK,NEG,UNK,NEG,UNK
2015-10-14_23-59-59_unit05.wav,1116.463,1116.613,UNK,UNK,UNK,UNK,UNK
2015-10-14_23-59-59_unit05.wav,1118.777,1118.927,UNK,UNK,UNK,UNK,UNK
2015-10-14_23-59-59_unit05.wav,1122.404,1122.554,UNK,UNK,UNK,UNK,UNK
2015-10-14_23-59-59_unit05.wav,1123.067,1123.217,UNK,UNK,UNK,UNK,UNK
2015-10-14_23-59-59_unit05.wav,1124.806,1124.956,UNK,UNK,UNK,UNK,UNK
2015-10-14_23-59-59_unit05.wav,1125.804,1125.954,UNK,UNK,UNK,UNK,UNK
2015-10-14_23-59-59_unit05.wav,1137.804,1137.954,UNK,UNK,UNK,UNK,UNK
2015-10-14_23-59-59_unit05.wav,1140.206,1140.356,UNK,UNK,UNK,UNK,UNK
2015-10-14_23-59-59_unit05.wav,1140.572,1140.722,UNK,UNK,UNK,UNK,UNK
2015-10-14_23-59-59_unit05.wav,1143.481,1143.631,UNK,UNK,UNK,UNK,UNK
2015-10-14_23-59-59_unit05.wav,1143.681,1143.831,NEG,NEG,NEG,NEG,NEG
2015-10-14_23-59-59_unit05.wav,1143.991,1144.141,UNK,UNK,UNK,UNK,UNK
2015-10-14_23-59-59_unit05.wav,1150.674,1150.824,POS,NEG,NEG,NEG,NEG
2015-10-14_23-59-59_unit05.wav,1156.323,1156.473,NEG,NEG,NEG,NEG,NEG
2015-10-14_23-59-59_unit05.wav,1156.929,1157.079,UNK,UNK,UNK,UNK,UNK
2015-10-14_23-59-59_unit05.wav,1157.161,1157.311,UNK,UNK,UNK,UNK,UNK
2015-10-14_23-59-59_unit05.wav,1159.614,1159.764,UNK,UNK,UNK,UNK,UNK
2015-10-14_23-59-59_unit05.wav,1191.809,1191.959,NEG,NEG,NEG,POS,NEG
2015-10-14_23-59-59_unit05.wav,1192.11,1192.26,NEG,NEG,NEG,NEG,NEG
2015-10-14_23-59-59_unit05.wav,1192.189,1192.339,UNK,UNK,UNK,UNK,UNK
2015-10-14_23-59-59_unit05.wav,1192.96,1193.11,UNK,UNK,UNK,UNK,UNK
2015-10-14_23-59-59_unit05.wav,1193.176,1193.326,UNK,UNK,UNK,UNK,UNK
2015-10-14_23-59-59_unit05.wav,1193.841,1193.991,NEG,NEG,NEG,POS,NEG
2015-10-14_23-59-59_unit05.wav,1195.87,1196.02,UNK,NEG,UNK,NEG,UNK
2015-10-14_23-59-59_unit05.wav,1196.241,1196.391,NEG,NEG,NEG,NEG,NEG
2015-10-14_23-59-59_unit05.wav,1197.09,1197.24,UNK,NEG,UNK,NEG,UNK
2015-10-14_23-59-59_unit05.wav,1199.551,1199.701,NEG,NEG,NEG,NEG,NEG
2015-10-14_23-59-59_unit05.wav,1200.206,1200.356,UNK,UNK,UNK,UNK,UNK
2015-10-14_23-59-59_unit05.wav,1200.738,1200.888,UNK,UNK,UNK,UNK,UNK
2015-10-14_23-59-59_unit05.wav,1202.536,1202.686,NEG,NEG,NEG,NEG,NEG
2015-10-14_23-59-59_unit05.wav,1205.401,1205.551,UNK,NEG,UNK,NEG,UNK
2015-10-14_23-59-59_unit05.wav,1205.786,1205.936,NEG,NEG,NEG,NEG,NEG
2015-10-14_23-59-59_unit05.wav,1205.855,1206.005,UNK,UNK,UNK,UNK,UNK
2015-10-14_23-59-59_unit05.wav,1207.949,1208.099,NEG,NEG,NEG,NEG,NEG
2015-10-14_23-59-59_unit05.wav,1211.809,1211.959,UNK,NEG,UNK,NEG,UNK
2015-10-14_23-59-59_unit05.wav,1212.892,1213.042,NEG,NEG,NEG,NEG,NEG
2015-10-14_23-59-59_unit05.wav,1212.919,1213.069,UNK,UNK,UNK,UNK,UNK
2015-10-14_23-59-59_unit05.wav,1214.809,1214.959,NEG,NEG,NEG,NEG,NEG
2015-10-14_23-59-59_unit05.wav,1218.644,1218.794,NEG,NEG,NEG,NEG,NEG
2015-10-14_23-59-59_unit05.wav,1219.008,1219.158,NEG,NEG,NEG,NEG,NEG
2015-10-14_23-59-59_unit05.wav,1219.1,1219.25,UNK,UNK,UNK,UNK,UNK
2015-10-14_23-59-59_unit05.wav,1222.181,1222.331,NEG,NEG,NEG,NEG,NEG
2015-10-14_23-59-59_unit05.wav,1228.589,1228.739,UNK,UNK,UNK,UNK,UNK
2015-10-14_23-59-59_unit05.wav,1228.594,1228.744,NEG,NEG,NEG,NEG,NEG
2015-10-14_23-59-59_unit05.wav,1232.718,1232.868,NEG,NEG,NEG,NEG,NEG
2015-10-14_23-59-59_unit05.wav,1234.496,1234.646,UNK,UNK,UNK,UNK,UNK
2015-10-14_23-59-59_unit05.wav,1237.143,1237.293,UNK,UNK,UNK,UNK,UNK
2015-10-14_23-59-59_unit05.wav,1237.174,1237.324,NEG,NEG,NEG,NEG,NEG
2015-10-14_23-59-59_unit05.wav,1251.914,1252.064,NEG,NEG,NEG,NEG,NEG
2015-10-14_23-59-59_unit05.wav,1251.97,1252.12,UNK,UNK,UNK,UNK,UNK
2015-10-14_23-59-59_unit05.wav,1253.968,1254.118,NEG,NEG,NEG,NEG,NEG
2015-10-14_23-59-59_unit05.wav,1265.118,1265.268,NEG,NEG,NEG,NEG,NEG
2015-10-14_23-59-59_unit05.wav,1272.544,1272.694,UNK,UNK,UNK,UNK,UNK
2015-10-14_23-59-59_unit05.wav,1278.214,1278.364,NEG,NEG,NEG,NEG,NEG
2015-10-14_23-59-59_unit05.wav,1294.486,1294.636,NEG,NEG,NEG,NEG,NEG
2015-10-14_23-59-59_unit05.wav,1297.52,1297.67,UNK,NEG,UNK,NEG,UNK
2015-10-14_23-59-59_unit05.wav,1325.681,1325.831,NEG,NEG,NEG,NEG,POS
2015-10-14_23-59-59_unit05.wav,1326.879,1327.029,UNK,NEG,UNK,NEG,UNK
2015-10-14_23-59-59_unit05.wav,1328.306,1328.456,UNK,NEG,UNK,NEG,UNK
2015-10-14_23-59-59_unit05.wav,1351.469,1351.619,UNK,NEG,UNK,NEG,UNK
2015-10-14_23-59-59_unit05.wav,1354.018,1354.168,NEG,NEG,NEG,NEG,POS
2015-10-14_23-59-59_unit05.wav,1355.061,1355.211,NEG,NEG,NEG,POS,NEG
2015-10-14_23-59-59_unit05.wav,1368.458,1368.608,UNK,NEG,UNK,NEG,UNK
2015-10-14_23-59-59_unit05.wav,1368.711,1368.861,UNK,NEG,UNK,NEG,UNK
2015-10-14_23-59-59_unit05.wav,1379.329,1379.479,UNK,UNK,UNK,UNK,UNK
2015-10-14_23-59-59_unit05.wav,1381.179,1381.329,UNK,UNK,UNK,UNK,UNK
2015-10-14_23-59-59_unit05.wav,1388.596,1388.746,NEG,NEG,NEG,NEG,POS
2015-10-14_23-59-59_unit05.wav,1390.807,1390.957,NEG,NEG,NEG,NEG,POS
2015-10-14_23-59-59_unit05.wav,1393.713,1393.863,UNK,UNK,UNK,UNK,UNK
2015-10-14_23-59-59_unit05.wav,1394.678,1394.828,UNK,UNK,UNK,UNK,UNK
2015-10-14_23-59-59_unit05.wav,1404.119,1404.269,UNK,UNK,UNK,UNK,UNK
2015-10-14_23-59-59_unit05.wav,1404.659,1404.809,NEG,NEG,NEG,NEG,NEG
2015-10-14_23-59-59_unit05.wav,1405.194,1405.344,UNK,NEG,UNK,NEG,UNK
2015-10-14_23-59-59_unit05.wav,1407.355,1407.505,NEG,NEG,POS,NEG,NEG
2015-10-14_23-59-59_unit05.wav,1409.256,1409.406,UNK,UNK,UNK,UNK,UNK
2015-10-14_23-59-59_unit05.wav,1409.973,1410.123,UNK,UNK,UNK,UNK,UNK
2015-10-14_23-59-59_unit05.wav,1410.651,1410.801,UNK,UNK,UNK,UNK,UNK
2015-10-14_23-59-59_unit05.wav,1415.894,1416.044,UNK,NEG,UNK,NEG,UNK
2015-10-14_23-59-59_unit05.wav,1418.082,1418.232,UNK,NEG,UNK,NEG,UNK
2015-10-14_23-59-59_unit05.wav,1418.69,1418.84,UNK,UNK,UNK,UNK,UNK
2015-10-14_23-59-59_unit05.wav,1426.586,1426.736,UNK,NEG,UNK,NEG,UNK
2015-10-14_23-59-59_unit05.wav,1435.072,1435.222,NEG,NEG,NEG,NEG,POS
2015-10-14_23-59-59_unit05.wav,1437.304,1437.454,UNK,NEG,UNK,NEG,UNK
2015-10-14_23-59-59_unit05.wav,1441.647,1441.797,UNK,UNK,UNK,UNK,UNK
2015-10-14_23-59-59_unit05.wav,1444.028,1444.178,UNK,NEG,UNK,NEG,UNK
2015-10-14_23-59-59_unit05.wav,1446.86,1447.01,UNK,NEG,UNK,NEG,UNK
2015-10-14_23-59-59_unit05.wav,1455.274,1455.424,NEG,NEG,NEG,NEG,NEG
2015-10-14_23-59-59_unit05.wav,1456.367,1456.517,NEG,NEG,NEG,NEG,NEG
2015-10-14_23-59-59_unit05.wav,1456.886,1457.036,UNK,UNK,UNK,UNK,UNK
2015-10-14_23-59-59_unit05.wav,1462.891,1463.041,UNK,UNK,UNK,UNK,UNK
2015-10-14_23-59-59_unit05.wav,1466.326,1466.476,UNK,NEG,UNK,NEG,UNK
2015-10-14_23-59-59_unit05.wav,1466.649,1466.799,UNK,UNK,UNK,UNK,UNK
2015-10-14_23-59-59_unit05.wav,1467.571,1467.721,NEG,NEG,NEG,NEG,NEG
2015-10-14_23-59-59_unit05.wav,1468.104,1468.254,UNK,NEG,UNK,NEG,UNK
2015-10-14_23-59-59_unit05.wav,1470.256,1470.406,UNK,NEG,UNK,NEG,UNK
2015-10-14_23-59-59_unit05.wav,1470.663,1470.813,NEG,NEG,POS,NEG,NEG
2015-10-14_23-59-59_unit05.wav,1470.751,1470.901,UNK,NEG,UNK,NEG,UNK
2015-10-14_23-59-59_unit05.wav,1476.968,1477.118,NEG,NEG,NEG,NEG,POS
2015-10-14_23-59-59_unit05.wav,1477.608,1477.758,UNK,NEG,UNK,NEG,UNK
2015-10-14_23-59-59_unit05.wav,1478.46,1478.61,UNK,NEG,UNK,NEG,UNK
2015-10-14_23-59-59_unit05.wav,1479.592,1479.742,UNK,NEG,UNK,NEG,UNK
2015-10-14_23-59-59_unit05.wav,1479.961,1480.111,UNK,NEG,UNK,NEG,UNK
2015-10-14_23-59-59_unit05.wav,1482.55,1482.7,UNK,NEG,UNK,NEG,UNK
2015-10-14_23-59-59_unit05.wav,1490.558,1490.708,UNK,UNK,UNK,UNK,UNK
2015-10-14_23-59-59_unit05.wav,1492.9,1493.05,UNK,UNK,UNK,UNK,UNK
2015-10-14_23-59-59_unit05.wav,1504.933,1505.083,NEG,NEG,NEG,NEG,POS
2015-10-14_23-59-59_unit05.wav,1511.172,1511.322,UNK,NEG,UNK,NEG,UNK
2015-10-14_23-59-59_unit05.wav,1512.835,1512.985,UNK,NEG,UNK,NEG,UNK
2015-10-14_23-59-59_unit05.wav,1514.822,1514.972,UNK,UNK,UNK,UNK,UNK
2015-10-14_23-59-59_unit05.wav,1517.007,1517.157,NEG,NEG,NEG,NEG,POS
2015-10-14_23-59-59_unit05.wav,1522.931,1523.081,UNK,UNK,UNK,UNK,UNK
2015-10-14_23-59-59_unit05.wav,1527.788,1527.938,UNK,UNK,UNK,UNK,UNK
2015-10-14_23-59-59_unit05.wav,1530.644,1530.794,UNK,UNK,UNK,UNK,UNK
2015-10-14_23-59-59_unit05.wav,1536.396,1536.546,UNK,UNK,UNK,UNK,UNK
2015-10-14_23-59-59_unit05.wav,1537.832,1537.982,UNK,UNK,UNK,UNK,UNK
2015-10-14_23-59-59_unit05.wav,1538.926,1539.076,UNK,UNK,UNK,UNK,UNK
2015-10-14_23-59-59_unit05.wav,1539.038,1539.188,UNK,UNK,UNK,UNK,UNK
2015-10-14_23-59-59_unit05.wav,1539.483,1539.633,UNK,UNK,UNK,UNK,UNK
2015-10-14_23-59-59_unit05.wav,1543.132,1543.282,UNK,NEG,UNK,NEG,UNK
2015-10-14_23-59-59_unit05.wav,1543.916,1544.066,UNK,UNK,UNK,UNK,UNK
2015-10-14_23-59-59_unit05.wav,1548.245,1548.395,UNK,UNK,UNK,UNK,UNK
2015-10-14_23-59-59_unit05.wav,1551.735,1551.885,UNK,NEG,UNK,NEG,UNK
2015-10-14_23-59-59_unit05.wav,1554.82,1554.97,POS,NEG,NEG,NEG,NEG
2015-10-14_23-59-59_unit05.wav,1556.545,1556.695,UNK,UNK,UNK,UNK,UNK
2015-10-14_23-59-59_unit05.wav,1560.914,1561.064,UNK,UNK,UNK,UNK,UNK
2015-10-14_23-59-59_unit05.wav,1562.489,1562.639,UNK,NEG,UNK,NEG,UNK
2015-10-14_23-59-59_unit05.wav,1567.337,1567.487,NEG,NEG,NEG,NEG,POS
2015-10-14_23-59-59_unit05.wav,1568.077,1568.227,POS,NEG,NEG,NEG,NEG
2015-10-14_23-59-59_unit05.wav,1576.831,1576.981,NEG,NEG,NEG,NEG,POS
2015-10-14_23-59-59_unit05.wav,1583.823,1583.973,NEG,NEG,NEG,NEG,POS
2015-10-14_23-59-59_unit05.wav,1588.033,1588.183,NEG,NEG,NEG,NEG,POS
2015-10-14_23-59-59_unit05.wav,1592.419,1592.569,UNK,NEG,UNK,NEG,UNK
2015-10-14_23-59-59_unit05.wav,1597.025,1597.175,NEG,NEG,NEG,POS,NEG
2015-10-14_23-59-59_unit05.wav,1598.461,1598.611,UNK,NEG,UNK,NEG,UNK
2015-10-14_23-59-59_unit05.wav,1599.463,1599.613,UNK,UNK,UNK,UNK,UNK
2015-10-14_23-59-59_unit05.wav,1601.068,1601.218,UNK,UNK,UNK,UNK,UNK
2015-10-14_23-59-59_unit05.wav,1603.402,1603.552,UNK,NEG,UNK,NEG,UNK
2015-10-14_23-59-59_unit05.wav,1604.346,1604.496,UNK,UNK,UNK,UNK,UNK
2015-10-14_23-59-59_unit05.wav,1605.264,1605.414,POS,NEG,NEG,NEG,NEG
2015-10-14_23-59-59_unit05.wav,1605.676,1605.826,UNK,UNK,UNK,UNK,UNK
2015-10-14_23-59-59_unit05.wav,1608.747,1608.897,NEG,NEG,NEG,NEG,POS
2015-10-14_23-59-59_unit05.wav,1611.32,1611.47,NEG,NEG,NEG,POS,NEG
2015-10-14_23-59-59_unit05.wav,1613.227,1613.377,NEG,NEG,NEG,NEG,POS
2015-10-14_23-59-59_unit05.wav,1615.668,1615.818,POS,NEG,NEG,NEG,NEG
2015-10-14_23-59-59_unit05.wav,1620.164,1620.314,UNK,NEG,UNK,NEG,UNK
2015-10-14_23-59-59_unit05.wav,1620.214,1620.364,UNK,NEG,UNK,NEG,UNK
2015-10-14_23-59-59_unit05.wav,1621.547,1621.697,UNK,NEG,UNK,NEG,UNK
2015-10-14_23-59-59_unit05.wav,1622.318,1622.468,UNK,NEG,UNK,NEG,UNK
2015-10-14_23-59-59_unit05.wav,1624.368,1624.518,UNK,NEG,UNK,NEG,UNK
2015-10-14_23-59-59_unit05.wav,1624.669,1624.819,UNK,NEG,UNK,NEG,UNK
2015-10-14_23-59-59_unit05.wav,1626.404,1626.554,NEG,NEG,NEG,NEG,POS
2015-10-14_23-59-59_unit05.wav,1628.35,1628.5,UNK,NEG,UNK,NEG,UNK
2015-10-14_23-59-59_unit05.wav,1630.135,1630.285,UNK,UNK,UNK,UNK,UNK
2015-10-14_23-59-59_unit05.wav,1632.535,1632.685,UNK,NEG,UNK,NEG,UNK
2015-10-14_23-59-59_unit05.wav,1633.688,1633.838,NEG,NEG,NEG,NEG,POS
2015-10-14_23-59-59_unit05.wav,1636.191,1636.341,NEG,NEG,NEG,NEG,POS
2015-10-14_23-59-59_unit05.wav,1637.022,1637.172,NEG,NEG,NEG,POS,NEG
2015-10-14_23-59-59_unit05.wav,1639.154,1639.304,NEG,NEG,NEG,NEG,POS
2015-10-14_23-59-59_unit05.wav,1640.431,1640.581,UNK,NEG,UNK,NEG,UNK
2015-10-14_23-59-59_unit05.wav,1641.822,1641.972,NEG,NEG,NEG,NEG,POS
2015-10-14_23-59-59_unit05.wav,1644.392,1644.542,NEG,NEG,NEG,NEG,POS
2015-10-14_23-59-59_unit05.wav,1648.247,1648.397,NEG,NEG,NEG,NEG,POS
2015-10-14_23-59-59_unit05.wav,1649.068,1649.218,UNK,NEG,UNK,NEG,UNK
2015-10-14_23-59-59_unit05.wav,1649.436,1649.586,UNK,NEG,UNK,NEG,UNK
2015-10-14_23-59-59_unit05.wav,1650.764,1650.914,UNK,NEG,UNK,NEG,UNK
2015-10-14_23-59-59_unit05.wav,1651.402,1651.552,UNK,UNK,UNK,UNK,UNK
2015-10-14_23-59-59_unit05.wav,1653.007,1653.157,UNK,NEG,UNK,NEG,UNK
2015-10-14_23-59-59_unit05.wav,1656.768,1656.918,UNK,NEG,UNK,NEG,UNK
2015-10-14_23-59-59_unit05.wav,1659.037,1659.187,UNK,UNK,UNK,UNK,UNK
2015-10-14_23-59-59_unit05.wav,1660.633,1660.783,UNK,UNK,UNK,UNK,UNK
2015-10-14_23-59-59_unit05.wav,1661.751,1661.901,UNK,UNK,UNK,UNK,UNK
2015-10-14_23-59-59_unit05.wav,1663.944,1664.094,UNK,UNK,UNK,UNK,UNK
2015-10-14_23-59-59_unit05.wav,1664.472,1664.622,UNK,UNK,UNK,UNK,UNK
2015-10-14_23-59-59_unit05.wav,1668.281,1668.431,UNK,UNK,UNK,UNK,UNK
2015-10-14_23-59-59_unit05.wav,1669.007,1669.157,UNK,UNK,UNK,UNK,UNK
2015-10-14_23-59-59_unit05.wav,1669.244,1669.394,UNK,UNK,UNK,UNK,UNK
2015-10-14_23-59-59_unit05.wav,1673.554,1673.704,UNK,NEG,UNK,NEG,UNK
2015-10-14_23-59-59_unit05.wav,1674.586,1674.736,UNK,UNK,UNK,UNK,UNK
2015-10-14_23-59-59_unit05.wav,1682.052,1682.202,UNK,UNK,UNK,UNK,UNK
2015-10-14_23-59-59_unit05.wav,1692.738,1692.888,UNK,NEG,UNK,NEG,UNK
2015-10-14_23-59-59_unit05.wav,1692.826,1692.976,UNK,NEG,UNK,NEG,UNK
2015-10-14_23-59-59_unit05.wav,1697.027,1697.177,UNK,NEG,UNK,NEG,UNK
2015-10-14_23-59-59_unit05.wav,1698.699,1698.849,POS,NEG,NEG,NEG,NEG
2015-10-14_23-59-59_unit05.wav,1699.353,1699.503,POS,NEG,NEG,NEG,NEG
2015-10-14_23-59-59_unit05.wav,1699.402,1699.552,UNK,UNK,UNK,UNK,UNK
2015-10-14_23-59-59_unit05.wav,1700.047,1700.197,UNK,UNK,UNK,UNK,UNK
2015-10-14_23-59-59_unit05.wav,1700.888,1701.038,POS,NEG,NEG,NEG,NEG
2015-10-14_23-59-59_unit05.wav,1701.434,1701.584,UNK,NEG,UNK,NEG,UNK
2015-10-14_23-59-59_unit05.wav,1701.661,1701.811,UNK,NEG,UNK,NEG,UNK
2015-10-14_23-59-59_unit05.wav,1702.359,1702.509,NEG,NEG,NEG,NEG,POS
2015-10-14_23-59-59_unit05.wav,1702.763,1702.913,UNK,UNK,UNK,UNK,UNK
2015-10-14_23-59-59_unit05.wav,1703.255,1703.405,POS,NEG,NEG,NEG,NEG
2015-10-14_23-59-59_unit05.wav,1703.505,1703.655,POS,NEG,NEG,NEG,NEG
2015-10-14_23-59-59_unit05.wav,1704.1,1704.25,NEG,NEG,NEG,NEG,POS
2015-10-14_23-59-59_unit05.wav,1704.732,1704.882,POS,NEG,NEG,NEG,NEG
2015-10-14_23-59-59_unit05.wav,1705.231,1705.381,UNK,NEG,UNK,NEG,UNK
2015-10-14_23-59-59_unit05.wav,1705.846,1705.996,UNK,NEG,UNK,NEG,UNK
2015-10-14_23-59-59_unit05.wav,1705.992,1706.142,UNK,NEG,UNK,NEG,UNK
2015-10-14_23-59-59_unit05.wav,1706.752,1706.902,UNK,NEG,UNK,NEG,UNK
2015-10-14_23-59-59_unit05.wav,1706.898,1707.048,UNK,NEG,UNK,NEG,UNK
2015-10-14_23-59-59_unit05.wav,1708.197,1708.347,UNK,NEG,UNK,NEG,UNK
2015-10-14_23-59-59_unit05.wav,1709.031,1709.181,UNK,NEG,UNK,NEG,UNK
2015-10-14_23-59-59_unit05.wav,1710.755,1710.905,POS,NEG,NEG,NEG,NEG
2015-10-14_23-59-59_unit05.wav,1711.263,1711.413,UNK,NEG,UNK,NEG,UNK
2015-10-14_23-59-59_unit05.wav,1712.56,1712.71,NEG,NEG,NEG,NEG,NEG
2015-10-14_23-59-59_unit05.wav,1713.014,1713.164,NEG,NEG,NEG,NEG,NEG
2015-10-14_23-59-59_unit05.wav,1713.218,1713.368,UNK,UNK,UNK,UNK,UNK
2015-10-14_23-59-59_unit05.wav,1713.789,1713.939,UNK,NEG,UNK,NEG,UNK
2015-10-14_23-59-59_unit05.wav,1714.501,1714.651,UNK,NEG,UNK,NEG,UNK
2015-10-14_23-59-59_unit05.wav,1714.708,1714.858,UNK,NEG,UNK,NEG,UNK
2015-10-14_23-59-59_unit05.wav,1716.385,1716.535,UNK,NEG,UNK,NEG,UNK
2015-10-14_23-59-59_unit05.wav,1717.402,1717.552,UNK,UNK,UNK,UNK,UNK
2015-10-14_23-59-59_unit05.wav,1719.213,1719.363,UNK,NEG,UNK,NEG,UNK
2015-10-14_23-59-59_unit05.wav,1719.956,1720.106,UNK,UNK,UNK,UNK,UNK
2015-10-14_23-59-59_unit05.wav,1721.298,1721.448,UNK,UNK,UNK,UNK,UNK
2015-10-14_23-59-59_unit05.wav,1721.667,1721.817,UNK,UNK,UNK,UNK,UNK
2015-10-14_23-59-59_unit05.wav,1722.651,1722.801,UNK,UNK,UNK,UNK,UNK
2015-10-14_23-59-59_unit05.wav,1722.898,1723.048,UNK,NEG,UNK,NEG,UNK
2015-10-14_23-59-59_unit05.wav,1723.316,1723.466,UNK,NEG,UNK,NEG,UNK
2015-10-14_23-59-59_unit05.wav,1727.387,1727.537,UNK,NEG,UNK,NEG,UNK
2015-10-14_23-59-59_unit05.wav,1730.816,1730.966,UNK,NEG,UNK,NEG,UNK
2015-10-14_23-59-59_unit05.wav,1743.861,1744.011,NEG,NEG,NEG,NEG,POS
2015-10-14_23-59-59_unit05.wav,1759.389,1759.539,POS,NEG,NEG,NEG,NEG
2015-10-14_23-59-59_unit05.wav,1760.881,1761.031,NEG,NEG,NEG,NEG,POS
2015-10-14_23-59-59_unit05.wav,1768.498,1768.648,POS,NEG,NEG,NEG,NEG
2015-10-14_23-59-59_unit05.wav,1778.414,1778.564,UNK,NEG,UNK,NEG,UNK
2015-10-14_23-59-59_unit05.wav,1779.027,1779.177,POS,NEG,NEG,NEG,NEG
2015-10-14_23-59-59_unit05.wav,1779.544,1779.694,NEG,NEG,NEG,NEG,NEG
2015-10-14_23-59-59_unit05.wav,1783.703,1783.853,UNK,NEG,UNK,NEG,UNK
2015-10-14_23-59-59_unit05.wav,1784.233,1784.383,UNK,NEG,UNK,NEG,UNK
2015-10-14_23-59-59_unit05.wav,1784.855,1785.005,UNK,NEG,UNK,NEG,UNK
2015-10-14_23-59-59_unit05.wav,1786.107,1786.257,UNK,NEG,UNK,NEG,UNK
2015-10-14_23-59-59_unit05.wav,1787.258,1787.408,UNK,NEG,UNK,NEG,UNK
2015-10-14_23-59-59_unit05.wav,1791.441,1791.591,UNK,NEG,UNK,NEG,UNK
2015-10-14_23-59-59_unit05.wav,1797.007,1797.157,NEG,POS,NEG,NEG,NEG
2015-10-14_23-59-59_unit05.wav,1802.408,1802.558,UNK,UNK,UNK,UNK,UNK
2015-10-14_23-59-59_unit05.wav,1806.568,1806.718,UNK,NEG,UNK,NEG,UNK
2015-10-14_23-59-59_unit05.wav,1810.555,1810.705,NEG,NEG,NEG,NEG,POS
2015-10-14_23-59-59_unit05.wav,1814.38,1814.53,NEG,NEG,NEG,NEG,POS
2015-10-14_23-59-59_unit05.wav,1816.525,1816.675,NEG,NEG,POS,NEG,NEG
2015-10-14_23-59-59_unit05.wav,1817.729,1817.879,UNK,NEG,UNK,NEG,UNK
2015-10-14_23-59-59_unit05.wav,1818.172,1818.322,UNK,NEG,UNK,NEG,UNK
2015-10-14_23-59-59_unit05.wav,1829.901,1830.051,NEG,NEG,NEG,NEG,POS
2015-10-14_23-59-59_unit05.wav,1835.846,1835.996,NEG,POS,NEG,NEG,NEG
2015-10-14_23-59-59_unit05.wav,1851.183,1851.333,UNK,UNK,UNK,UNK,UNK
2015-10-14_23-59-59_unit05.wav,1863.346,1863.496,UNK,UNK,UNK,UNK,UNK
2015-10-14_23-59-59_unit05.wav,1868.401,1868.551,UNK,NEG,UNK,NEG,UNK
2015-10-14_23-59-59_unit05.wav,1871.714,1871.864,UNK,UNK,UNK,UNK,UNK
2015-10-14_23-59-59_unit05.wav,1884.273,1884.423,NEG,NEG,NEG,NEG,POS
2015-10-14_23-59-59_unit05.wav,1886.232,1886.382,NEG,NEG,NEG,NEG,POS
2015-10-14_23-59-59_unit05.wav,1886.972,1887.122,UNK,NEG,UNK,NEG,UNK
2015-10-14_23-59-59_unit05.wav,1895.16,1895.31,UNK,UNK,UNK,UNK,UNK
2015-10-14_23-59-59_unit05.wav,1896.02,1896.17,NEG,NEG,NEG,NEG,NEG
2015-10-14_23-59-59_unit05.wav,1896.736,1896.886,NEG,NEG,NEG,NEG,POS
2015-10-14_23-59-59_unit05.wav,1898.909,1899.059,NEG,NEG,NEG,NEG,NEG
2015-10-14_23-59-59_unit05.wav,1901.049,1901.199,NEG,NEG,NEG,NEG,NEG
2015-10-14_23-59-59_unit05.wav,1902.442,1902.592,UNK,UNK,UNK,UNK,UNK
2015-10-14_23-59-59_unit05.wav,1903.053,1903.203,UNK,UNK,UNK,UNK,UNK
2015-10-14_23-59-59_unit05.wav,1904.78,1904.93,UNK,UNK,UNK,UNK,UNK
2015-10-14_23-59-59_unit05.wav,1905.468,1905.618,UNK,UNK,UNK,UNK,UNK
2015-10-14_23-59-59_unit05.wav,1905.785,1905.935,UNK,UNK,UNK,UNK,UNK
2015-10-14_23-59-59_unit05.wav,1908.811,1908.961,UNK,UNK,UNK,UNK,UNK
2015-10-14_23-59-59_unit05.wav,1911.517,1911.667,UNK,UNK,UNK,UNK,UNK
2015-10-14_23-59-59_unit05.wav,1917.422,1917.572,UNK,UNK,UNK,UNK,UNK
2015-10-14_23-59-59_unit05.wav,1917.494,1917.644,UNK,UNK,UNK,UNK,UNK
2015-10-14_23-59-59_unit05.wav,1917.622,1917.772,UNK,UNK,UNK,UNK,UNK
2015-10-14_23-59-59_unit05.wav,1918.06,1918.21,UNK,UNK,UNK,UNK,UNK
2015-10-14_23-59-59_unit05.wav,1919.204,1919.354,UNK,NEG,UNK,NEG,UNK
2015-10-14_23-59-59_unit05.wav,1919.446,1919.596,UNK,NEG,UNK,NEG,UNK
2015-10-14_23-59-59_unit05.wav,1925.268,1925.418,UNK,UNK,UNK,UNK,UNK
2015-10-14_23-59-59_unit05.wav,1927.499,1927.649,NEG,POS,NEG,NEG,NEG
2015-10-14_23-59-59_unit05.wav,1928.301,1928.451,UNK,UNK,UNK,UNK,UNK
2015-10-14_23-59-59_unit05.wav,1934.819,1934.969,UNK,UNK,UNK,UNK,UNK
2015-10-14_23-59-59_unit05.wav,1935.064,1935.214,UNK,UNK,UNK,UNK,UNK
2015-10-14_23-59-59_unit05.wav,1938.272,1938.422,UNK,UNK,UNK,UNK,UNK
2015-10-14_23-59-59_unit05.wav,1943.182,1943.332,UNK,UNK,UNK,UNK,UNK
2015-10-14_23-59-59_unit05.wav,1943.708,1943.858,UNK,UNK,UNK,UNK,UNK
2015-10-14_23-59-59_unit05.wav,1945.9,1946.05,UNK,NEG,UNK,NEG,UNK
2015-10-14_23-59-59_unit05.wav,1949.415,1949.565,NEG,NEG,NEG,NEG,NEG
2015-10-14_23-59-59_unit05.wav,1950.051,1950.201,UNK,UNK,UNK,UNK,UNK
2015-10-14_23-59-59_unit05.wav,1950.408,1950.558,UNK,NEG,UNK,NEG,UNK
2015-10-14_23-59-59_unit05.wav,1950.941,1951.091,UNK,UNK,UNK,UNK,UNK
2015-10-14_23-59-59_unit05.wav,1953.679,1953.829,UNK,NEG,UNK,NEG,UNK
2015-10-14_23-59-59_unit05.wav,1954.088,1954.238,NEG,NEG,NEG,POS,NEG
2015-10-14_23-59-59_unit05.wav,1954.951,1955.101,UNK,NEG,UNK,NEG,UNK
2015-10-14_23-59-59_unit05.wav,1955.827,1955.977,UNK,UNK,UNK,UNK,UNK
2015-10-14_23-59-59_unit05.wav,1957.137,1957.287,UNK,NEG,UNK,NEG,UNK
2015-10-14_23-59-59_unit05.wav,1958.236,1958.386,UNK,NEG,UNK,NEG,UNK
2015-10-14_23-59-59_unit05.wav,1962.532,1962.682,UNK,UNK,UNK,UNK,UNK
2015-10-14_23-59-59_unit05.wav,1965.069,1965.219,UNK,UNK,UNK,UNK,UNK
2015-10-14_23-59-59_unit05.wav,1965.399,1965.549,UNK,UNK,UNK,UNK,UNK
2015-10-14_23-59-59_unit05.wav,1968.026,1968.176,UNK,NEG,UNK,NEG,UNK
2015-10-14_23-59-59_unit05.wav,1972.459,1972.609,UNK,NEG,UNK,NEG,UNK
2015-10-14_23-59-59_unit05.wav,1973.038,1973.188,UNK,NEG,UNK,NEG,UNK
2015-10-14_23-59-59_unit05.wav,1974.295,1974.445,UNK,UNK,UNK,UNK,UNK
2015-10-14_23-59-59_unit05.wav,1975.841,1975.991,POS,NEG,NEG,NEG,NEG
2015-10-14_23-59-59_unit05.wav,1977.388,1977.538,UNK,NEG,UNK,NEG,UNK
2015-10-14_23-59-59_unit05.wav,1979.658,1979.808,UNK,UNK,UNK,UNK,UNK
2015-10-14_23-59-59_unit05.wav,1981.491,1981.641,UNK,NEG,UNK,NEG,UNK
2015-10-14_23-59-59_unit05.wav,1981.819,1981.969,UNK,NEG,UNK,NEG,UNK
2015-10-14_23-59-59_unit05.wav,1982.129,1982.279,UNK,UNK,UNK,UNK,UNK
2015-10-14_23-59-59_unit05.wav,1984.702,1984.852,UNK,UNK,UNK,UNK,UNK
2015-10-14_23-59-59_unit05.wav,1986.16,1986.31,UNK,NEG,UNK,NEG,UNK
2015-10-14_23-59-59_unit05.wav,1990.951,1991.101,UNK,UNK,UNK,UNK,UNK
2015-10-14_23-59-59_unit05.wav,1992.717,1992.867,UNK,UNK,UNK,UNK,UNK
2015-10-14_23-59-59_unit05.wav,1998.408,1998.558,UNK,NEG,UNK,NEG,UNK
2015-10-14_23-59-59_unit05.wav,1999.615,1999.765,UNK,NEG,UNK,NEG,UNK
2015-10-14_23-59-59_unit05.wav,2002.881,2003.031,UNK,UNK,UNK,UNK,UNK
2015-10-14_23-59-59_unit05.wav,2006.376,2006.526,UNK,NEG,UNK,NEG,UNK
2015-10-14_23-59-59_unit05.wav,2020.07,2020.22,UNK,NEG,UNK,NEG,UNK
2015-10-14_23-59-59_unit05.wav,2022.092,2022.242,UNK,NEG,UNK,NEG,UNK
2015-10-14_23-59-59_unit05.wav,2072.144,2072.294,UNK,NEG,UNK,NEG,UNK
2015-10-14_23-59-59_unit05.wav,2072.681,2072.831,NEG,NEG,NEG,NEG,NEG
2015-10-14_23-59-59_unit05.wav,2073.832,2073.982,UNK,NEG,UNK,NEG,UNK
2015-10-14_23-59-59_unit05.wav,2095.887,2096.037,NEG,NEG,NEG,NEG,NEG
2015-10-14_23-59-59_unit05.wav,2097.064,2097.214,POS,NEG,NEG,NEG,NEG
2015-10-14_23-59-59_unit05.wav,2097.882,2098.032,UNK,UNK,UNK,UNK,UNK
2015-10-14_23-59-59_unit05.wav,2098.552,2098.702,NEG,NEG,NEG,NEG,NEG
2015-10-14_23-59-59_unit05.wav,2100.142,2100.292,NEG,NEG,NEG,NEG,NEG
2015-10-14_23-59-59_unit05.wav,2100.436,2100.586,UNK,NEG,UNK,NEG,UNK
2015-10-14_23-59-59_unit05.wav,2102.158,2102.308,UNK,NEG,UNK,NEG,UNK
2015-10-14_23-59-59_unit05.wav,2103.034,2103.184,UNK,NEG,UNK,NEG,UNK
2015-10-14_23-59-59_unit05.wav,2105.881,2106.031,UNK,NEG,UNK,NEG,UNK
2015-10-14_23-59-59_unit05.wav,2107.449,2107.599,NEG,NEG,NEG,NEG,POS
2015-10-14_23-59-59_unit05.wav,2109.269,2109.419,UNK,NEG,UNK,NEG,UNK
2015-10-14_23-59-59_unit05.wav,2109.462,2109.612,UNK,NEG,UNK,NEG,UNK
2015-10-14_23-59-59_unit05.wav,2114.253,2114.403,NEG,NEG,NEG,NEG,POS
2015-10-14_23-59-59_unit05.wav,2115.924,2116.074,UNK,NEG,UNK,NEG,UNK
2015-10-14_23-59-59_unit05.wav,2116.596,2116.746,UNK,NEG,UNK,NEG,UNK
2015-10-14_23-59-59_unit05.wav,2116.865,2117.015,UNK,NEG,UNK,NEG,UNK
2015-10-14_23-59-59_unit05.wav,2117.928,2118.078,UNK,NEG,UNK,NEG,UNK
2015-10-14_23-59-59_unit05.wav,2119.654,2119.804,NEG,NEG,NEG,NEG,POS
2015-10-14_23-59-59_unit05.wav,2120.367,2120.517,UNK,UNK,UNK,UNK,UNK
2015-10-14_23-59-59_unit05.wav,2122.609,2122.759,UNK,UNK,UNK,UNK,UNK
2015-10-14_23-59-59_unit05.wav,2126.105,2126.255,UNK,NEG,UNK,NEG,UNK
2015-10-14_23-59-59_unit05.wav,2128.783,2128.933,UNK,NEG,UNK,NEG,UNK
2015-10-14_23-59-59_unit05.wav,2131.706,2131.856,UNK,NEG,UNK,NEG,UNK
2015-10-14_23-59-59_unit05.wav,2132.277,2132.427,NEG,NEG,NEG,NEG,POS
2015-10-14_23-59-59_unit05.wav,2133.389,2133.539,UNK,NEG,UNK,NEG,UNK
2015-10-14_23-59-59_unit05.wav,2133.576,2133.726,UNK,NEG,UNK,NEG,UNK
2015-10-14_23-59-59_unit05.wav,2134.762,2134.912,UNK,NEG,UNK,NEG,UNK
2015-10-14_23-59-59_unit05.wav,2134.854,2135.004,UNK,NEG,UNK,NEG,UNK
2015-10-14_23-59-59_unit05.wav,2138.877,2139.027,UNK,NEG,UNK,NEG,UNK
2015-10-14_23-59-59_unit05.wav,2138.953,2139.103,UNK,NEG,UNK,NEG,UNK
2015-10-14_23-59-59_unit05.wav,2140.143,2140.293,UNK,NEG,UNK,NEG,UNK
2015-10-14_23-59-59_unit05.wav,2158.667,2158.817,UNK,NEG,UNK,NEG,UNK
2015-10-14_23-59-59_unit05.wav,2162.473,2162.623,UNK,NEG,UNK,NEG,UNK
2015-10-14_23-59-59_unit05.wav,2175.705,2175.855,UNK,NEG,UNK,NEG,UNK
2015-10-14_23-59-59_unit05.wav,2176.368,2176.518,UNK,UNK,UNK,UNK,UNK
2015-10-14_23-59-59_unit05.wav,2177.174,2177.324,UNK,NEG,UNK,NEG,UNK
2015-10-14_23-59-59_unit05.wav,2177.894,2178.044,UNK,NEG,UNK,NEG,UNK
2015-10-14_23-59-59_unit05.wav,2178.431,2178.581,UNK,NEG,UNK,NEG,UNK
2015-10-14_23-59-59_unit05.wav,2178.862,2179.012,UNK,NEG,UNK,NEG,UNK
2015-10-14_23-59-59_unit05.wav,2198.587,2198.737,UNK,NEG,UNK,NEG,UNK
2015-10-14_23-59-59_unit05.wav,2200.542,2200.692,UNK,NEG,UNK,NEG,UNK
2015-10-14_23-59-59_unit05.wav,2202.843,2202.993,UNK,NEG,UNK,NEG,UNK
2015-10-14_23-59-59_unit05.wav,2203.32,2203.47,UNK,NEG,UNK,NEG,UNK
2015-10-14_23-59-59_unit05.wav,2203.751,2203.901,UNK,NEG,UNK,NEG,UNK
2015-10-14_23-59-59_unit05.wav,2209.806,2209.956,UNK,UNK,UNK,UNK,UNK
2015-10-14_23-59-59_unit05.wav,2210.487,2210.637,UNK,UNK,UNK,UNK,UNK
2015-10-14_23-59-59_unit05.wav,2212.625,2212.775,UNK,UNK,UNK,UNK,UNK
2015-10-14_23-59-59_unit05.wav,2219.672,2219.822,UNK,UNK,UNK,UNK,UNK
2015-10-14_23-59-59_unit05.wav,2225.161,2225.311,UNK,UNK,UNK,UNK,UNK
2015-10-14_23-59-59_unit05.wav,2232.115,2232.265,UNK,UNK,UNK,UNK,UNK
2015-10-14_23-59-59_unit05.wav,2233.663,2233.813,UNK,NEG,UNK,NEG,UNK
2015-10-14_23-59-59_unit05.wav,2237.835,2237.985,UNK,NEG,UNK,NEG,UNK
2015-10-14_23-59-59_unit05.wav,2240.136,2240.286,UNK,UNK,UNK,UNK,UNK
2015-10-14_23-59-59_unit05.wav,2243.862,2244.012,UNK,NEG,UNK,NEG,UNK
2015-10-14_23-59-59_unit05.wav,2250.953,2251.103,UNK,NEG,UNK,NEG,UNK
2015-10-14_23-59-59_unit05.wav,2259.502,2259.652,UNK,NEG,UNK,NEG,UNK
2015-10-14_23-59-59_unit05.wav,2264.335,2264.485,NEG,NEG,NEG,POS,NEG
2015-10-14_23-59-59_unit05.wav,2271.669,2271.819,UNK,NEG,UNK,NEG,UNK
2015-10-14_23-59-59_unit05.wav,2271.779,2271.929,UNK,NEG,UNK,NEG,UNK
2015-10-14_23-59-59_unit05.wav,2275.46,2275.61,NEG,NEG,NEG,NEG,NEG
2015-10-14_23-59-59_unit05.wav,2276.624,2276.774,UNK,UNK,UNK,UNK,UNK
2015-10-14_23-59-59_unit05.wav,2281.243,2281.393,UNK,UNK,UNK,UNK,UNK
2015-10-14_23-59-59_unit05.wav,2286.959,2287.109,UNK,NEG,UNK,NEG,UNK
2015-10-14_23-59-59_unit05.wav,2288.698,2288.848,UNK,NEG,UNK,NEG,UNK
2015-10-14_23-59-59_unit05.wav,2292.044,2292.194,NEG,NEG,NEG,POS,NEG
2015-10-14_23-59-59_unit05.wav,2297.272,2297.422,NEG,NEG,NEG,POS,NEG
2015-10-14_23-59-59_unit05.wav,2298.144,2298.294,UNK,NEG,UNK,NEG,UNK
2015-10-14_23-59-59_unit05.wav,2299.874,2300.024,UNK,NEG,UNK,NEG,UNK
2015-10-14_23-59-59_unit05.wav,2300.936,2301.086,NEG,NEG,NEG,NEG,NEG
2015-10-14_23-59-59_unit05.wav,2302.103,2302.253,UNK,NEG,UNK,NEG,UNK
2015-10-14_23-59-59_unit05.wav,2308.606,2308.756,UNK,UNK,UNK,UNK,UNK
2015-10-14_23-59-59_unit05.wav,2313.623,2313.773,UNK,NEG,UNK,NEG,UNK
2015-10-14_23-59-59_unit05.wav,2315.142,2315.292,UNK,UNK,UNK,UNK,UNK
2015-10-14_23-59-59_unit05.wav,2317.941,2318.091,NEG,NEG,NEG,NEG,NEG
2015-10-14_23-59-59_unit05.wav,2318.444,2318.594,NEG,NEG,POS,NEG,NEG
2015-10-14_23-59-59_unit05.wav,2327.191,2327.341,UNK,UNK,UNK,UNK,UNK
2015-10-14_23-59-59_unit05.wav,2353.192,2353.342,UNK,NEG,UNK,NEG,UNK
2015-10-14_23-59-59_unit05.wav,2362.605,2362.755,UNK,UNK,UNK,UNK,UNK
2015-10-14_23-59-59_unit05.wav,2364.158,2364.308,UNK,NEG,UNK,NEG,UNK
2015-10-14_23-59-59_unit05.wav,2370.037,2370.187,UNK,UNK,UNK,UNK,UNK
2015-10-14_23-59-59_unit05.wav,2371.514,2371.664,UNK,NEG,UNK,NEG,UNK
2015-10-14_23-59-59_unit05.wav,2373.561,2373.711,UNK,NEG,UNK,NEG,UNK
2015-10-14_23-59-59_unit05.wav,2375.852,2376.002,UNK,NEG,UNK,NEG,UNK
2015-10-14_23-59-59_unit05.wav,2384.188,2384.338,UNK,UNK,UNK,UNK,UNK
2015-10-14_23-59-59_unit05.wav,2386.253,2386.403,NEG,NEG,NEG,NEG,POS
2015-10-14_23-59-59_unit05.wav,2386.936,2387.086,UNK,UNK,UNK,UNK,UNK
2015-10-14_23-59-59_unit05.wav,2388.586,2388.736,UNK,NEG,UNK,NEG,UNK
2015-10-14_23-59-59_unit05.wav,2390.865,2391.015,UNK,UNK,UNK,UNK,UNK
2015-10-14_23-59-59_unit05.wav,2414.529,2414.679,UNK,NEG,UNK,NEG,UNK
2015-10-14_23-59-59_unit05.wav,2418.586,2418.736,UNK,NEG,UNK,NEG,UNK
2015-10-14_23-59-59_unit05.wav,2420.763,2420.913,UNK,UNK,UNK,UNK,UNK
2015-10-14_23-59-59_unit05.wav,2429.861,2430.011,UNK,NEG,UNK,NEG,UNK
2015-10-14_23-59-59_unit05.wav,2430.876,2431.026,UNK,NEG,UNK,NEG,UNK
2015-10-14_23-59-59_unit05.wav,2453.058,2453.208,UNK,UNK,UNK,UNK,UNK
2015-10-14_23-59-59_unit05.wav,2455.528,2455.678,UNK,UNK,UNK,UNK,UNK
2015-10-14_23-59-59_unit05.wav,2456.245,2456.395,UNK,NEG,UNK,NEG,UNK
2015-10-14_23-59-59_unit05.wav,2474.892,2475.042,UNK,NEG,UNK,NEG,UNK
2015-10-14_23-59-59_unit05.wav,2478.382,2478.532,UNK,NEG,UNK,NEG,UNK
2015-10-14_23-59-59_unit05.wav,2489.829,2489.979,UNK,UNK,UNK,UNK,UNK
2015-10-14_23-59-59_unit05.wav,2500.503,2500.653,UNK,UNK,UNK,UNK,UNK
2015-10-14_23-59-59_unit05.wav,2506.31,2506.46,UNK,UNK,UNK,UNK,UNK
2015-10-14_23-59-59_unit05.wav,2514.327,2514.477,UNK,NEG,UNK,NEG,UNK
2015-10-14_23-59-59_unit05.wav,2515.669,2515.819,NEG,NEG,NEG,NEG,POS
2015-10-14_23-59-59_unit05.wav,2518.354,2518.504,UNK,NEG,UNK,NEG,UNK
2015-10-14_23-59-59_unit05.wav,2520.279,2520.429,NEG,NEG,NEG,NEG,POS
2015-10-14_23-59-59_unit05.wav,2522.065,2522.215,NEG,NEG,NEG,NEG,POS
2015-10-14_23-59-59_unit05.wav,2525.728,2525.878,NEG,NEG,NEG,NEG,POS
2015-10-14_23-59-59_unit05.wav,2531.168,2531.318,UNK,NEG,UNK,NEG,UNK
2015-10-14_23-59-59_unit05.wav,2536.394,2536.544,UNK,UNK,UNK,UNK,UNK
2015-10-14_23-59-59_unit05.wav,2536.51,2536.66,UNK,UNK,UNK,UNK,UNK
2015-10-14_23-59-59_unit05.wav,2540.798,2540.948,UNK,UNK,UNK,UNK,UNK
2015-10-14_23-59-59_unit05.wav,2543.906,2544.056,UNK,UNK,UNK,UNK,UNK
2015-10-14_23-59-59_unit05.wav,2546.282,2546.432,UNK,UNK,UNK,UNK,UNK
2015-10-14_23-59-59_unit05.wav,2546.512,2546.662,UNK,UNK,UNK,UNK,UNK
2015-10-14_23-59-59_unit05.wav,2561.109,2561.259,NEG,NEG,NEG,NEG,POS
2015-10-14_23-59-59_unit05.wav,2568.699,2568.849,NEG,NEG,NEG,NEG,POS
2015-10-14_23-59-59_unit05.wav,2576.956,2577.106,NEG,NEG,NEG,NEG,POS
2015-10-14_23-59-59_unit05.wav,2577.669,2577.819,UNK,UNK,UNK,UNK,UNK
2015-10-14_23-59-59_unit05.wav,2577.95,2578.1,UNK,UNK,UNK,UNK,UNK
2015-10-14_23-59-59_unit05.wav,2578.682,2578.832,UNK,NEG,UNK,NEG,UNK
2015-10-14_23-59-59_unit05.wav,2582.392,2582.542,UNK,NEG,UNK,NEG,UNK
2015-10-14_23-59-59_unit05.wav,2583.543,2583.693,UNK,UNK,UNK,UNK,UNK
2015-10-14_23-59-59_unit05.wav,2593.649,2593.799,NEG,NEG,NEG,NEG,POS
2015-10-14_23-59-59_unit05.wav,2597.523,2597.673,NEG,NEG,NEG,NEG,POS
2015-10-14_23-59-59_unit05.wav,2603.29,2603.44,NEG,NEG,NEG,NEG,POS
2015-10-14_23-59-59_unit05.wav,2606.272,2606.422,UNK,NEG,UNK,NEG,UNK
2015-10-14_23-59-59_unit05.wav,2614.828,2614.978,UNK,UNK,UNK,UNK,UNK
2015-10-14_23-59-59_unit05.wav,2618.578,2618.728,UNK,NEG,UNK,NEG,UNK
2015-10-14_23-59-59_unit05.wav,2621.495,2621.645,UNK,UNK,UNK,UNK,UNK
2015-10-14_23-59-59_unit05.wav,2624.265,2624.415,NEG,NEG,NEG,NEG,POS
2015-10-14_23-59-59_unit05.wav,2629.004,2629.154,UNK,NEG,UNK,NEG,UNK
2015-10-14_23-59-59_unit05.wav,2629.314,2629.464,UNK,NEG,UNK,NEG,UNK
2015-10-14_23-59-59_unit05.wav,2633.537,2633.687,NEG,NEG,NEG,NEG,POS
2015-10-14_23-59-59_unit05.wav,2634.322,2634.472,NEG,NEG,NEG,NEG,POS
2015-10-14_23-59-59_unit05.wav,2637.025,2637.175,UNK,NEG,UNK,NEG,UNK
2015-10-14_23-59-59_unit05.wav,2646.458,2646.608,UNK,NEG,UNK,NEG,UNK
2015-10-14_23-59-59_unit05.wav,2649.345,2649.495,UNK,NEG,UNK,NEG,UNK
2015-10-14_23-59-59_unit05.wav,2657.205,2657.355,UNK,NEG,UNK,NEG,UNK
2015-10-14_23-59-59_unit05.wav,2661.559,2661.709,UNK,NEG,UNK,NEG,UNK
2015-10-14_23-59-59_unit05.wav,2662.345,2662.495,UNK,NEG,UNK,NEG,UNK
2015-10-14_23-59-59_unit05.wav,2662.633,2662.783,UNK,NEG,UNK,NEG,UNK
2015-10-14_23-59-59_unit05.wav,2663.336,2663.486,UNK,NEG,UNK,NEG,UNK
2015-10-14_23-59-59_unit05.wav,2666.083,2666.233,NEG,NEG,NEG,NEG,POS
2015-10-14_23-59-59_unit05.wav,2696.451,2696.601,UNK,UNK,UNK,UNK,UNK
2015-10-14_23-59-59_unit05.wav,2704.456,2704.606,UNK,NEG,UNK,NEG,UNK
2015-10-14_23-59-59_unit05.wav,2710.028,2710.178,UNK,NEG,UNK,NEG,UNK
2015-10-14_23-59-59_unit05.wav,2724.61,2724.76,UNK,UNK,UNK,UNK,UNK
2015-10-14_23-59-59_unit05.wav,2726.417,2726.567,UNK,NEG,UNK,NEG,UNK
2015-10-14_23-59-59_unit05.wav,2728.887,2729.037,NEG,NEG,NEG,NEG,POS
2015-10-14_23-59-59_unit05.wav,2731.059,2731.209,NEG,NEG,NEG,NEG,POS
2015-10-14_23-59-59_unit05.wav,2731.881,2732.031,UNK,NEG,UNK,NEG,UNK
2015-10-14_23-59-59_unit05.wav,2733.27,2733.42,UNK,UNK,UNK,UNK,UNK
2015-10-14_23-59-59_unit05.wav,2734.526,2734.676,UNK,UNK,UNK,UNK,UNK
2015-10-14_23-59-59_unit05.wav,2734.708,2734.858,UNK,UNK,UNK,UNK,UNK
2015-10-14_23-59-59_unit05.wav,2735.151,2735.301,UNK,NEG,UNK,NEG,UNK
2015-10-14_23-59-59_unit05.wav,2736.063,2736.213,UNK,NEG,UNK,NEG,UNK
2015-10-14_23-59-59_unit05.wav,2736.634,2736.784,UNK,NEG,UNK,NEG,UNK
2015-10-14_23-59-59_unit05.wav,2738.649,2738.799,UNK,NEG,UNK,NEG,UNK
2015-10-14_23-59-59_unit05.wav,2739.599,2739.749,UNK,NEG,UNK,NEG,UNK
2015-10-14_23-59-59_unit05.wav,2741.136,2741.286,NEG,NEG,POS,NEG,NEG
2015-10-14_23-59-59_unit05.wav,2742.554,2742.704,UNK,NEG,UNK,NEG,UNK
2015-10-14_23-59-59_unit05.wav,2743.662,2743.812,UNK,NEG,UNK,NEG,UNK
2015-10-14_23-59-59_unit05.wav,2743.941,2744.091,UNK,NEG,UNK,NEG,UNK
2015-10-14_23-59-59_unit05.wav,2745.307,2745.457,NEG,NEG,NEG,NEG,NEG
2015-10-14_23-59-59_unit05.wav,2748.546,2748.696,UNK,UNK,UNK,UNK,UNK
2015-10-14_23-59-59_unit05.wav,2751.847,2751.997,UNK,UNK,UNK,UNK,UNK
2015-10-14_23-59-59_unit05.wav,2752.699,2752.849,UNK,NEG,UNK,NEG,UNK
2015-10-14_23-59-59_unit05.wav,2754.056,2754.206,UNK,UNK,UNK,UNK,UNK
2015-10-14_23-59-59_unit05.wav,2756.332,2756.482,UNK,UNK,UNK,UNK,UNK
2015-10-14_23-59-59_unit05.wav,2757.024,2757.174,UNK,NEG,UNK,NEG,UNK
2015-10-14_23-59-59_unit05.wav,2757.642,2757.792,NEG,NEG,NEG,NEG,NEG
2015-10-14_23-59-59_unit05.wav,2758.251,2758.401,UNK,NEG,UNK,NEG,UNK
2015-10-14_23-59-59_unit05.wav,2761.747,2761.897,UNK,UNK,UNK,UNK,UNK
2015-10-14_23-59-59_unit05.wav,2764.674,2764.824,NEG,NEG,NEG,NEG,NEG
2015-10-14_23-59-59_unit05.wav,2766.34,2766.49,NEG,NEG,NEG,NEG,POS
2015-10-14_23-59-59_unit05.wav,2774.43,2774.58,UNK,UNK,UNK,UNK,UNK
2015-10-14_23-59-59_unit05.wav,2774.648,2774.798,NEG,NEG,NEG,NEG,POS
2015-10-14_23-59-59_unit05.wav,2779.629,2779.779,UNK,NEG,UNK,NEG,UNK
2015-10-14_23-59-59_unit05.wav,2787.087,2787.237,UNK,NEG,UNK,NEG,UNK
2015-10-14_23-59-59_unit05.wav,2802.142,2802.292,UNK,UNK,UNK,UNK,UNK
2015-10-14_23-59-59_unit05.wav,2813.624,2813.774,NEG,NEG,NEG,NEG,POS
2015-10-14_23-59-59_unit05.wav,2818.92,2819.07,NEG,NEG,NEG,NEG,POS
2015-10-14_23-59-59_unit05.wav,2820.753,2820.903,UNK,NEG,UNK,NEG,UNK
2015-10-14_23-59-59_unit05.wav,2828.07,2828.22,NEG,NEG,NEG,NEG,POS
2015-10-14_23-59-59_unit05.wav,2832.457,2832.607,UNK,NEG,UNK,NEG,UNK
2015-10-14_23-59-59_unit05.wav,2837.423,2837.573,UNK,NEG,UNK,NEG,UNK
2015-10-14_23-59-59_unit05.wav,2843.496,2843.646,UNK,NEG,UNK,NEG,UNK
2015-10-14_23-59-59_unit05.wav,2865.89,2866.04,UNK,UNK,UNK,UNK,UNK
2015-10-14_23-59-59_unit05.wav,2878.523,2878.673,UNK,UNK,UNK,UNK,UNK
2015-10-14_23-59-59_unit05.wav,2883.021,2883.171,NEG,NEG,NEG,NEG,NEG
2015-10-14_23-59-59_unit05.wav,2884.066,2884.216,UNK,NEG,UNK,NEG,UNK
2015-10-14_23-59-59_unit05.wav,2884.827,2884.977,UNK,NEG,UNK,NEG,UNK
2015-10-14_23-59-59_unit05.wav,2887.507,2887.657,UNK,UNK,UNK,UNK,UNK
2015-10-14_23-59-59_unit05.wav,2887.809,2887.959,UNK,UNK,UNK,UNK,UNK
2015-10-14_23-59-59_unit05.wav,2888.416,2888.566,NEG,POS,NEG,NEG,NEG
2015-10-14_23-59-59_unit05.wav,2892.722,2892.872,UNK,UNK,UNK,UNK,UNK
2015-10-14_23-59-59_unit05.wav,2896.605,2896.755,NEG,NEG,NEG,NEG,NEG
2015-10-14_23-59-59_unit05.wav,2897.974,2898.124,NEG,NEG,NEG,NEG,POS
2015-10-14_23-59-59_unit05.wav,2898.252,2898.402,NEG,NEG,NEG,NEG,POS
2015-10-14_23-59-59_unit05.wav,2901.179,2901.329,UNK,NEG,UNK,NEG,UNK
2015-10-14_23-59-59_unit05.wav,2904.387,2904.537,UNK,NEG,UNK,NEG,UNK
2015-10-14_23-59-59_unit05.wav,2904.923,2905.073,UNK,NEG,UNK,NEG,UNK
2015-10-14_23-59-59_unit05.wav,2905.214,2905.364,UNK,NEG,UNK,NEG,UNK
2015-10-14_23-59-59_unit05.wav,2907.965,2908.115,NEG,NEG,NEG,NEG,POS
2015-10-14_23-59-59_unit05.wav,2910.819,2910.969,POS,NEG,NEG,NEG,NEG
2015-10-14_23-59-59_unit05.wav,2911.67,2911.82,NEG,NEG,NEG,NEG,POS
2015-10-14_23-59-59_unit05.wav,2916.603,2916.753,UNK,UNK,UNK,UNK,UNK
2015-10-14_23-59-59_unit05.wav,2918.257,2918.407,UNK,NEG,UNK,NEG,UNK
2015-10-14_23-59-59_unit05.wav,2936.655,2936.805,UNK,NEG,UNK,NEG,UNK
2015-10-14_23-59-59_unit05.wav,2958.943,2959.093,UNK,NEG,UNK,NEG,UNK
2015-10-14_23-59-59_unit05.wav,2961.049,2961.199,NEG,NEG,NEG,NEG,POS
2015-10-14_23-59-59_unit05.wav,2963.577,2963.727,UNK,NEG,UNK,NEG,UNK
2015-10-14_23-59-59_unit05.wav,2965.966,2966.116,NEG,NEG,NEG,NEG,POS
2015-10-14_23-59-59_unit05.wav,2975.997,2976.147,NEG,NEG,NEG,NEG,POS
2015-10-14_23-59-59_unit05.wav,2978.747,2978.897,NEG,NEG,POS,NEG,NEG
2015-10-14_23-59-59_unit05.wav,2981.875,2982.025,UNK,NEG,UNK,NEG,UNK
2015-10-14_23-59-59_unit05.wav,2982.746,2982.896,UNK,NEG,UNK,NEG,UNK
2015-10-14_23-59-59_unit05.wav,3022.412,3022.562,NEG,NEG,NEG,NEG,POS
2015-10-14_23-59-59_unit05.wav,3023.879,3024.029,UNK,NEG,UNK,NEG,UNK
2015-10-14_23-59-59_unit05.wav,3027.288,3027.438,UNK,NEG,UNK,NEG,UNK
2015-10-14_23-59-59_unit05.wav,3029.301,3029.451,NEG,NEG,NEG,NEG,POS
2015-10-14_23-59-59_unit05.wav,3029.933,3030.083,UNK,NEG,UNK,NEG,UNK
2015-10-14_23-59-59_unit05.wav,3030.857,3031.007,UNK,NEG,UNK,NEG,UNK
2015-10-14_23-59-59_unit05.wav,3034.316,3034.466,NEG,NEG,NEG,NEG,POS
2015-10-14_23-59-59_unit05.wav,3037.611,3037.761,UNK,NEG,UNK,NEG,UNK
2015-10-14_23-59-59_unit05.wav,3039.647,3039.797,UNK,NEG,UNK,NEG,UNK
2015-10-14_23-59-59_unit05.wav,3039.963,3040.113,UNK,NEG,UNK,NEG,UNK
2015-10-14_23-59-59_unit05.wav,3043.053,3043.203,UNK,NEG,UNK,NEG,UNK
2015-10-14_23-59-59_unit05.wav,3045.243,3045.393,NEG,NEG,NEG,NEG,POS
2015-10-14_23-59-59_unit05.wav,3046.959,3047.109,UNK,NEG,UNK,NEG,UNK
2015-10-14_23-59-59_unit05.wav,3048.751,3048.901,UNK,UNK,UNK,UNK,UNK
2015-10-14_23-59-59_unit05.wav,3049.759,3049.909,UNK,NEG,UNK,NEG,UNK
2015-10-14_23-59-59_unit05.wav,3050.379,3050.529,NEG,NEG,NEG,NEG,POS
2015-10-14_23-59-59_unit05.wav,3059.086,3059.236,UNK,UNK,UNK,UNK,UNK
2015-10-14_23-59-59_unit05.wav,3060.158,3060.308,NEG,NEG,NEG,NEG,POS
2015-10-14_23-59-59_unit05.wav,3061.115,3061.265,UNK,NEG,UNK,NEG,UNK
2015-10-14_23-59-59_unit05.wav,3062.822,3062.972,UNK,UNK,UNK,UNK,UNK
2015-10-14_23-59-59_unit05.wav,3096.316,3096.466,UNK,NEG,UNK,NEG,UNK
2015-10-14_23-59-59_unit05.wav,3128.218,3128.368,NEG,NEG,NEG,NEG,NEG
2015-10-14_23-59-59_unit05.wav,3140.244,3140.394,NEG,NEG,NEG,NEG,POS
2015-10-14_23-59-59_unit05.wav,3148.382,3148.532,POS,NEG,NEG,NEG,NEG
2015-10-14_23-59-59_unit05.wav,3155.63,3155.78,UNK,NEG,UNK,NEG,UNK
2015-10-14_23-59-59_unit05.wav,3158.05,3158.2,NEG,NEG,NEG,NEG,POS
2015-10-14_23-59-59_unit05.wav,3158.612,3158.762,UNK,UNK,UNK,UNK,UNK
2015-10-14_23-59-59_unit05.wav,3160.792,3160.942,UNK,NEG,UNK,NEG,UNK
2015-10-14_23-59-59_unit05.wav,3164.443,3164.593,NEG,NEG,POS,NEG,NEG
2015-10-14_23-59-59_unit05.wav,3177.113,3177.263,NEG,NEG,NEG,NEG,NEG
2015-10-14_23-59-59_unit05.wav,3197.851,3198.001,UNK,NEG,UNK,NEG,UNK
2015-10-14_23-59-59_unit05.wav,3209.807,3209.957,UNK,UNK,UNK,UNK,UNK
2015-10-14_23-59-59_unit05.wav,3216.676,3216.826,UNK,UNK,UNK,UNK,UNK
2015-10-14_23-59-59_unit05.wav,3220.957,3221.107,UNK,NEG,UNK,NEG,UNK
2015-10-14_23-59-59_unit05.wav,3230.121,3230.271,UNK,UNK,UNK,UNK,UNK
2015-10-14_23-59-59_unit05.wav,3342.55,3342.7,NEG,POS,NEG,NEG,NEG
2015-10-14_23-59-59_unit05.wav,3419.84,3419.99,UNK,UNK,UNK,UNK,UNK
2015-10-14_23-59-59_unit05.wav,3457.13,3457.28,UNK,UNK,UNK,UNK,UNK
2015-10-14_23-59-59_unit05.wav,3464.851,3465.001,UNK,UNK,UNK,UNK,UNK
2015-10-14_23-59-59_unit05.wav,3482.456,3482.606,NEG,NEG,NEG,POS,NEG
2015-10-14_23-59-59_unit05.wav,3496.779,3496.929,UNK,UNK,UNK,UNK,UNK
2015-10-14_23-59-59_unit05.wav,3514.435,3514.585,NEG,NEG,NEG,NEG,POS
2015-10-14_23-59-59_unit05.wav,3525.197,3525.347,UNK,UNK,UNK,UNK,UNK
2015-10-14_23-59-59_unit05.wav,3578.694,3578.844,UNK,NEG,UNK,NEG,UNK
2015-10-14_23-59-59_unit05.wav,3636.835,3636.985,UNK,NEG,UNK,NEG,UNK
2015-10-14_23-59-59_unit05.wav,3640.721,3640.871,UNK,NEG,UNK,NEG,UNK
2015-10-14_23-59-59_unit05.wav,3642.453,3642.603,UNK,NEG,UNK,NEG,UNK
2015-10-14_23-59-59_unit05.wav,3646.229,3646.379,UNK,NEG,UNK,NEG,UNK
2015-10-14_23-59-59_unit05.wav,3648.146,3648.296,UNK,NEG,UNK,NEG,UNK
2015-10-14_23-59-59_unit05.wav,3655.706,3655.856,UNK,NEG,UNK,NEG,UNK
2015-10-14_23-59-59_unit05.wav,3660.779,3660.929,UNK,NEG,UNK,NEG,UNK
2015-10-14_23-59-59_unit05.wav,3674.747,3674.897,UNK,NEG,UNK,NEG,UNK
2015-10-14_23-59-59_unit05.wav,3677.44,3677.59,UNK,NEG,UNK,NEG,UNK
2015-10-14_23-59-59_unit05.wav,3679.179,3679.329,UNK,NEG,UNK,NEG,UNK
2015-10-14_23-59-59_unit05.wav,3679.835,3679.985,NEG,NEG,NEG,NEG,POS
2015-10-14_23-59-59_unit05.wav,3682.582,3682.732,NEG,NEG,NEG,NEG,POS
2015-10-14_23-59-59_unit05.wav,3731.566,3731.716,UNK,NEG,UNK,NEG,UNK
2015-10-14_23-59-59_unit05.wav,3733.097,3733.247,UNK,NEG,UNK,NEG,UNK
2015-10-14_23-59-59_unit05.wav,3736.276,3736.426,UNK,NEG,UNK,NEG,UNK
2015-10-14_23-59-59_unit05.wav,3737.019,3737.169,UNK,NEG,UNK,NEG,UNK
2015-10-14_23-59-59_unit05.wav,3741.704,3741.854,UNK,NEG,UNK,NEG,UNK
2015-10-14_23-59-59_unit05.wav,3790.437,3790.587,POS,NEG,NEG,NEG,NEG
2015-10-14_23-59-59_unit05.wav,3791.134,3791.284,UNK,NEG,UNK,NEG,UNK
2015-10-14_23-59-59_unit05.wav,3792.457,3792.607,UNK,NEG,UNK,NEG,UNK
2015-10-14_23-59-59_unit05.wav,3793.443,3793.593,NEG,NEG,NEG,NEG,POS
2015-10-14_23-59-59_unit05.wav,3797.194,3797.344,UNK,NEG,UNK,NEG,UNK
2015-10-14_23-59-59_unit05.wav,3802.512,3802.662,UNK,NEG,UNK,NEG,UNK
2015-10-14_23-59-59_unit05.wav,3956.676,3956.826,UNK,NEG,UNK,NEG,UNK
2015-10-14_23-59-59_unit05.wav,4421.257,4421.407,UNK,NEG,UNK,NEG,UNK
2015-10-14_23-59-59_unit05.wav,4436.719,4436.869,UNK,NEG,UNK,NEG,UNK
2015-10-14_23-59-59_unit05.wav,4441.326,4441.476,UNK,NEG,UNK,NEG,UNK
2015-10-14_23-59-59_unit05.wav,4523.401,4523.551,NEG,NEG,NEG,NEG,POS
2015-10-14_23-59-59_unit05.wav,4524.627,4524.777,UNK,NEG,UNK,NEG,UNK
2015-10-14_23-59-59_unit05.wav,4538.683,4538.833,NEG,NEG,NEG,NEG,NEG
2015-10-14_23-59-59_unit05.wav,4542.182,4542.332,NEG,NEG,NEG,NEG,NEG
2015-10-14_23-59-59_unit05.wav,4578.722,4578.872,UNK,UNK,UNK,UNK,UNK
2015-10-14_23-59-59_unit05.wav,4845.956,4846.106,NEG,NEG,NEG,POS,NEG
2015-10-14_23-59-59_unit05.wav,4941.501,4941.651,UNK,UNK,UNK,UNK,UNK
2015-10-14_23-59-59_unit05.wav,5030.643,5030.793,UNK,UNK,UNK,UNK,UNK
2015-10-14_23-59-59_unit05.wav,5034.866,5035.016,UNK,UNK,UNK,UNK,UNK
2015-10-14_23-59-59_unit05.wav,5058.18,5058.33,UNK,UNK,UNK,UNK,UNK
2015-10-14_23-59-59_unit05.wav,5070.038,5070.188,NEG,NEG,NEG,NEG,NEG
2015-10-14_23-59-59_unit05.wav,5079.687,5079.837,NEG,NEG,NEG,NEG,NEG
2015-10-14_23-59-59_unit05.wav,5085.373,5085.523,NEG,NEG,NEG,NEG,NEG
2015-10-14_23-59-59_unit05.wav,5233.455,5233.605,UNK,UNK,UNK,UNK,UNK
2015-10-14_23-59-59_unit05.wav,5256.248,5256.398,UNK,UNK,UNK,UNK,UNK
2015-10-14_23-59-59_unit05.wav,5331.484,5331.634,UNK,UNK,UNK,UNK,UNK
2015-10-14_23-59-59_unit05.wav,5436.46,5436.61,UNK,UNK,UNK,UNK,UNK
2015-10-14_23-59-59_unit05.wav,5438.156,5438.306,UNK,UNK,UNK,UNK,UNK
2015-10-14_23-59-59_unit05.wav,5438.352,5438.502,UNK,UNK,UNK,UNK,UNK
2015-10-14_23-59-59_unit05.wav,5439.749,5439.899,UNK,UNK,UNK,UNK,UNK
2015-10-14_23-59-59_unit05.wav,5443.194,5443.344,UNK,UNK,UNK,UNK,UNK
2015-10-14_23-59-59_unit05.wav,5445.021,5445.171,UNK,UNK,UNK,UNK,UNK
2015-10-14_23-59-59_unit05.wav,5448.382,5448.532,NEG,NEG,NEG,NEG,POS
2015-10-14_23-59-59_unit05.wav,5452.915,5453.065,UNK,UNK,UNK,UNK,UNK
2015-10-14_23-59-59_unit05.wav,5453.22,5453.37,UNK,UNK,UNK,UNK,UNK
2015-10-14_23-59-59_unit05.wav,5457.865,5458.015,UNK,UNK,UNK,UNK,UNK
2015-10-14_23-59-59_unit05.wav,5484.237,5484.387,UNK,UNK,UNK,UNK,UNK
2015-10-14_23-59-59_unit05.wav,5488.805,5488.955,NEG,NEG,NEG,NEG,POS
2015-10-14_23-59-59_unit05.wav,5491.417,5491.567,UNK,NEG,UNK,NEG,UNK
2015-10-14_23-59-59_unit05.wav,5668.124,5668.274,UNK,NEG,UNK,NEG,UNK
2015-10-14_23-59-59_unit05.wav,5669.999,5670.149,UNK,NEG,UNK,NEG,UNK
2015-10-14_23-59-59_unit05.wav,5672.52,5672.67,UNK,NEG,UNK,NEG,UNK
2015-10-14_23-59-59_unit05.wav,5715.7,5715.85,NEG,NEG,POS,NEG,NEG
2015-10-14_23-59-59_unit05.wav,5719.851,5720.001,UNK,NEG,UNK,NEG,UNK
2015-10-14_23-59-59_unit05.wav,5735.173,5735.323,NEG,UNK,NEG,UNK,NEG
2015-10-14_23-59-59_unit05.wav,5760.544,5760.694,UNK,NEG,UNK,NEG,UNK
2015-10-14_23-59-59_unit05.wav,5777.874,5778.024,UNK,NEG,UNK,NEG,UNK
2015-10-14_23-59-59_unit05.wav,5789.919,5790.069,UNK,NEG,UNK,NEG,UNK
2015-10-14_23-59-59_unit05.wav,5863.527,5863.677,UNK,NEG,UNK,NEG,UNK
2015-10-14_23-59-59_unit05.wav,5865.078,5865.228,UNK,NEG,UNK,NEG,UNK
2015-10-14_23-59-59_unit05.wav,5867.564,5867.714,NEG,NEG,POS,NEG,NEG
2015-10-14_23-59-59_unit05.wav,5878.922,5879.072,UNK,NEG,UNK,NEG,UNK
2015-10-14_23-59-59_unit05.wav,5901.894,5902.044,UNK,NEG,UNK,NEG,UNK
2015-10-14_23-59-59_unit05.wav,5906.445,5906.595,UNK,NEG,UNK,NEG,UNK
2015-10-14_23-59-59_unit05.wav,5934.091,5934.241,NEG,NEG,NEG,NEG,NEG
2015-10-14_23-59-59_unit05.wav,6150.495,6150.645,NEG,NEG,NEG,NEG,NEG
2015-10-14_23-59-59_unit05.wav,6164.346,6164.496,UNK,NEG,UNK,NEG,UNK
2015-10-14_23-59-59_unit05.wav,6214.018,6214.168,UNK,NEG,UNK,NEG,UNK
2015-10-14_23-59-59_unit05.wav,6225.343,6225.493,UNK,NEG,UNK,NEG,UNK
2015-10-14_23-59-59_unit05.wav,6227.187,6227.337,UNK,UNK,UNK,UNK,UNK
2015-10-14_23-59-59_unit05.wav,6228.333,6228.483,UNK,NEG,UNK,NEG,UNK
2015-10-14_23-59-59_unit05.wav,6232.701,6232.851,UNK,NEG,UNK,NEG,UNK
2015-10-14_23-59-59_unit05.wav,6232.937,6233.087,NEG,NEG,NEG,NEG,NEG
2015-10-14_23-59-59_unit05.wav,6234.257,6234.407,NEG,NEG,NEG,NEG,POS
2015-10-14_23-59-59_unit05.wav,6235.838,6235.988,NEG,NEG,NEG,NEG,POS
2015-10-14_23-59-59_unit05.wav,6237.667,6237.817,UNK,NEG,UNK,NEG,UNK
2015-10-14_23-59-59_unit05.wav,6240.923,6241.073,UNK,UNK,UNK,UNK,UNK
2015-10-14_23-59-59_unit05.wav,6312.437,6312.587,UNK,NEG,UNK,NEG,UNK
2015-10-14_23-59-59_unit05.wav,6318.016,6318.166,UNK,NEG,UNK,NEG,UNK
2015-10-14_23-59-59_unit05.wav,6345.49,6345.64,UNK,NEG,UNK,NEG,UNK
2015-10-14_23-59-59_unit05.wav,6347.535,6347.685,NEG,NEG,NEG,NEG,POS
2015-10-14_23-59-59_unit05.wav,6350.449,6350.599,NEG,NEG,NEG,NEG,POS
2015-10-14_23-59-59_unit05.wav,6352.827,6352.977,NEG,NEG,NEG,NEG,POS
2015-10-14_23-59-59_unit05.wav,6353.398,6353.548,NEG,NEG,NEG,NEG,POS
2015-10-14_23-59-59_unit05.wav,6359.63,6359.78,UNK,NEG,UNK,NEG,UNK
2015-10-14_23-59-59_unit05.wav,6361.585,6361.735,UNK,NEG,UNK,NEG,UNK
2015-10-14_23-59-59_unit05.wav,6362.172,6362.322,UNK,NEG,UNK,NEG,UNK
2015-10-14_23-59-59_unit05.wav,6364.199,6364.349,UNK,NEG,UNK,NEG,UNK
2015-10-14_23-59-59_unit05.wav,6365.162,6365.312,UNK,NEG,UNK,NEG,UNK
2015-10-14_23-59-59_unit05.wav,6372.693,6372.843,UNK,NEG,UNK,NEG,UNK
2015-10-14_23-59-59_unit05.wav,6383.597,6383.747,UNK,NEG,UNK,NEG,UNK
2015-10-14_23-59-59_unit05.wav,6384.041,6384.191,UNK,NEG,UNK,NEG,UNK
2015-10-14_23-59-59_unit05.wav,6391.309,6391.459,UNK,NEG,UNK,NEG,UNK
2015-10-14_23-59-59_unit05.wav,6393.168,6393.318,UNK,NEG,UNK,NEG,UNK
2015-10-14_23-59-59_unit05.wav,6395.754,6395.904,UNK,NEG,UNK,NEG,UNK
2015-10-14_23-59-59_unit05.wav,6398.215,6398.365,UNK,NEG,UNK,NEG,UNK
2015-10-14_23-59-59_unit05.wav,6420.916,6421.066,NEG,NEG,NEG,NEG,POS
2015-10-14_23-59-59_unit05.wav,6427.472,6427.622,UNK,NEG,UNK,NEG,UNK
2015-10-14_23-59-59_unit05.wav,6431.862,6432.012,UNK,NEG,UNK,NEG,UNK
2015-10-14_23-59-59_unit05.wav,6476.259,6476.409,UNK,NEG,UNK,NEG,UNK
2015-10-14_23-59-59_unit05.wav,6481.115,6481.265,UNK,NEG,UNK,NEG,UNK
2015-10-14_23-59-59_unit05.wav,6485.638,6485.788,UNK,NEG,UNK,NEG,UNK
2015-10-14_23-59-59_unit05.wav,6533.205,6533.355,UNK,NEG,UNK,NEG,UNK
2015-10-14_23-59-59_unit05.wav,6537.881,6538.031,UNK,NEG,UNK,NEG,UNK
2015-10-14_23-59-59_unit05.wav,6538.183,6538.333,UNK,NEG,UNK,NEG,UNK
2015-10-14_23-59-59_unit05.wav,6540.215,6540.365,UNK,UNK,UNK,UNK,UNK
2015-10-14_23-59-59_unit05.wav,6540.779,6540.929,UNK,NEG,UNK,NEG,UNK
2015-10-14_23-59-59_unit05.wav,6544.397,6544.547,UNK,NEG,UNK,NEG,UNK
2015-10-14_23-59-59_unit05.wav,6545.944,6546.094,UNK,UNK,UNK,UNK,UNK
2015-10-14_23-59-59_unit05.wav,6547.042,6547.192,UNK,NEG,UNK,NEG,UNK
2015-10-14_23-59-59_unit05.wav,6547.47,6547.62,UNK,NEG,UNK,NEG,UNK
2015-10-14_23-59-59_unit05.wav,6548.602,6548.752,UNK,NEG,UNK,NEG,UNK
2015-10-14_23-59-59_unit05.wav,6552.155,6552.305,UNK,NEG,UNK,NEG,UNK
2015-10-14_23-59-59_unit05.wav,6552.956,6553.106,UNK,NEG,UNK,NEG,UNK
2015-10-14_23-59-59_unit05.wav,6555.561,6555.711,UNK,NEG,UNK,NEG,UNK
2015-10-14_23-59-59_unit05.wav,6558.81,6558.96,NEG,NEG,NEG,NEG,POS
2015-10-14_23-59-59_unit05.wav,6564.007,6564.157,UNK,UNK,UNK,UNK,UNK
2015-10-14_23-59-59_unit05.wav,6567.127,6567.277,UNK,NEG,UNK,NEG,UNK
2015-10-14_23-59-59_unit05.wav,6575.041,6575.191,UNK,UNK,UNK,UNK,UNK
2015-10-14_23-59-59_unit05.wav,6650.893,6651.043,UNK,NEG,UNK,NEG,UNK
2015-10-14_23-59-59_unit05.wav,6656.944,6657.094,UNK,UNK,UNK,UNK,UNK
2015-10-14_23-59-59_unit05.wav,6657.173,6657.323,UNK,NEG,UNK,NEG,UNK
2015-10-14_23-59-59_unit05.wav,6673.772,6673.922,UNK,NEG,UNK,NEG,UNK
2015-10-14_23-59-59_unit05.wav,6677.846,6677.996,UNK,UNK,UNK,UNK,UNK
2015-10-14_23-59-59_unit05.wav,6710.507,6710.657,UNK,NEG,UNK,NEG,UNK
2015-10-14_23-59-59_unit05.wav,6755.381,6755.531,UNK,NEG,UNK,NEG,UNK
2015-10-14_23-59-59_unit05.wav,6762.133,6762.283,UNK,UNK,UNK,UNK,UNK
2015-10-14_23-59-59_unit05.wav,6764.732,6764.882,UNK,UNK,UNK,UNK,UNK
2015-10-14_23-59-59_unit05.wav,6771.243,6771.393,UNK,NEG,UNK,NEG,UNK
2015-10-14_23-59-59_unit05.wav,6777.426,6777.576,UNK,NEG,UNK,NEG,UNK
2015-10-14_23-59-59_unit05.wav,6831.232,6831.382,NEG,NEG,NEG,NEG,NEG
2015-10-14_23-59-59_unit05.wav,6857.332,6857.482,UNK,NEG,UNK,NEG,UNK
2015-10-14_23-59-59_unit05.wav,6872.665,6872.815,UNK,NEG,UNK,NEG,UNK
2015-10-14_23-59-59_unit05.wav,6927.043,6927.193,NEG,NEG,NEG,NEG,NEG
2015-10-14_23-59-59_unit05.wav,6985.887,6986.037,UNK,UNK,UNK,UNK,UNK
2015-10-14_23-59-59_unit05.wav,7002.309,7002.459,POS,NEG,NEG,NEG,NEG
2015-10-14_23-59-59_unit05.wav,7010.323,7010.473,NEG,NEG,NEG,NEG,POS
2015-10-14_23-59-59_unit05.wav,7011.316,7011.466,UNK,NEG,UNK,NEG,UNK
2015-10-14_23-59-59_unit05.wav,7014.393,7014.543,NEG,NEG,NEG,NEG,POS
2015-10-14_23-59-59_unit05.wav,7016.248,7016.398,NEG,NEG,POS,NEG,NEG
2015-10-14_23-59-59_unit05.wav,7016.746,7016.896,NEG,POS,NEG,NEG,NEG
2015-10-14_23-59-59_unit05.wav,7018.112,7018.262,UNK,NEG,UNK,NEG,UNK
2015-10-14_23-59-59_unit05.wav,7020.219,7020.369,NEG,NEG,NEG,NEG,POS
2015-10-14_23-59-59_unit05.wav,7022.781,7022.931,UNK,NEG,UNK,NEG,UNK
2015-10-14_23-59-59_unit05.wav,7025.915,7026.065,UNK,NEG,UNK,NEG,UNK
2015-10-14_23-59-59_unit05.wav,7028.023,7028.173,NEG,NEG,NEG,NEG,POS
2015-10-14_23-59-59_unit05.wav,7029.892,7030.042,NEG,NEG,NEG,NEG,POS
2015-10-14_23-59-59_unit05.wav,7032.885,7033.035,NEG,NEG,NEG,NEG,POS
2015-10-14_23-59-59_unit05.wav,7033.373,7033.523,UNK,NEG,UNK,NEG,UNK
2015-10-14_23-59-59_unit05.wav,7038.713,7038.863,UNK,NEG,UNK,NEG,UNK
2015-10-14_23-59-59_unit05.wav,7045.801,7045.951,NEG,NEG,NEG,NEG,POS
2015-10-14_23-59-59_unit05.wav,7052.628,7052.778,UNK,NEG,UNK,NEG,UNK
2015-10-14_23-59-59_unit05.wav,7059.559,7059.709,NEG,NEG,NEG,NEG,POS
2015-10-14_23-59-59_unit05.wav,7063.247,7063.397,NEG,NEG,NEG,NEG,POS
2015-10-14_23-59-59_unit05.wav,7065.663,7065.813,UNK,NEG,UNK,NEG,UNK
2015-10-14_23-59-59_unit05.wav,7066.033,7066.183,UNK,NEG,UNK,NEG,UNK
2015-10-14_23-59-59_unit05.wav,7066.123,7066.273,NEG,NEG,NEG,NEG,POS
2015-10-14_23-59-59_unit05.wav,7067.344,7067.494,UNK,NEG,UNK,NEG,UNK
2015-10-14_23-59-59_unit05.wav,7068.757,7068.907,NEG,NEG,NEG,NEG,POS
2015-10-14_23-59-59_unit05.wav,7069.653,7069.803,UNK,NEG,UNK,NEG,UNK
2015-10-14_23-59-59_unit05.wav,7070.906,7071.056,UNK,NEG,UNK,NEG,UNK
2015-10-14_23-59-59_unit05.wav,7073.071,7073.221,UNK,NEG,UNK,NEG,UNK
2015-10-14_23-59-59_unit05.wav,7073.837,7073.987,UNK,NEG,UNK,NEG,UNK
2015-10-14_23-59-59_unit05.wav,7076.707,7076.857,UNK,NEG,UNK,NEG,UNK
2015-10-14_23-59-59_unit05.wav,7079.076,7079.226,UNK,NEG,UNK,NEG,UNK
2015-10-14_23-59-59_unit05.wav,7083.283,7083.433,UNK,NEG,UNK,NEG,UNK
2015-10-14_23-59-59_unit05.wav,7088.661,7088.811,UNK,NEG,UNK,NEG,UNK
2015-10-14_23-59-59_unit05.wav,7088.774,7088.924,UNK,NEG,UNK,NEG,UNK
2015-10-14_23-59-59_unit05.wav,7090.69,7090.84,UNK,NEG,UNK,NEG,UNK
2015-10-14_23-59-59_unit05.wav,7092.894,7093.044,UNK,NEG,UNK,NEG,UNK
2015-10-14_23-59-59_unit05.wav,7114.644,7114.794,NEG,NEG,NEG,NEG,NEG
2015-10-14_23-59-59_unit05.wav,7116.678,7116.828,UNK,UNK,UNK,UNK,UNK
2015-10-14_23-59-59_unit05.wav,7129.009,7129.159,UNK,NEG,UNK,NEG,UNK
2015-10-14_23-59-59_unit05.wav,7132.104,7132.254,UNK,NEG,UNK,NEG,UNK
2015-10-14_23-59-59_unit05.wav,7132.918,7133.068,UNK,NEG,UNK,NEG,UNK
2015-10-14_23-59-59_unit05.wav,7133.275,7133.425,UNK,NEG,UNK,NEG,UNK
2015-10-14_23-59-59_unit05.wav,7134.812,7134.962,UNK,NEG,UNK,NEG,UNK
2015-10-14_23-59-59_unit05.wav,7147.157,7147.307,UNK,NEG,UNK,NEG,UNK
2015-10-14_23-59-59_unit05.wav,7149.363,7149.513,UNK,NEG,UNK,NEG,UNK
2015-10-14_23-59-59_unit05.wav,7151.035,7151.185,NEG,NEG,NEG,NEG,NEG
2015-10-14_23-59-59_unit05.wav,7181.057,7181.207,NEG,NEG,NEG,NEG,POS
2015-10-14_23-59-59_unit05.wav,7182.563,7182.713,UNK,NEG,UNK,NEG,UNK
2015-10-14_23-59-59_unit05.wav,7184.408,7184.558,UNK,NEG,UNK,NEG,UNK
2015-10-14_23-59-59_unit05.wav,7184.542,7184.692,NEG,NEG,NEG,NEG,POS
2015-10-14_23-59-59_unit05.wav,7185.44,7185.59,UNK,NEG,UNK,NEG,UNK
2015-10-14_23-59-59_unit05.wav,7185.64,7185.79,UNK,NEG,UNK,NEG,UNK
2015-10-14_23-59-59_unit05.wav,7186.011,7186.161,UNK,NEG,UNK,NEG,UNK
2015-10-14_23-59-59_unit05.wav,7188.929,7189.079,UNK,NEG,UNK,NEG,UNK
2015-10-14_23-59-59_unit05.wav,7190.233,7190.383,NEG,NEG,NEG,NEG,POS
2015-10-14_23-59-59_unit05.wav,7191.089,7191.239,UNK,NEG,UNK,NEG,UNK
2015-10-14_23-59-59_unit05.wav,7191.857,7192.007,UNK,NEG,UNK,NEG,UNK
2015-10-14_23-59-59_unit05.wav,7192.66,7192.81,NEG,NEG,NEG,NEG,POS
2015-10-14_23-59-59_unit05.wav,7193.2,7193.35,UNK,NEG,UNK,NEG,UNK
2015-10-14_23-59-59_unit05.wav,7193.482,7193.632,UNK,NEG,UNK,NEG,UNK
2015-10-14_23-59-59_unit05.wav,7198.782,7198.932,UNK,NEG,UNK,NEG,UNK
2015-10-14_23-59-59_unit05.wav,7199.217,7199.367,UNK,NEG,UNK,NEG,UNK
