Audiofilename,Starttime,Endtime,AMRE,COYE,GCTH,OVEN,RBGR,SWTH
2015-09-11_06-00-00_unit07.wav,0.546,0.696,NEG,NEG,NEG,POS,NEG,NEG
2015-09-11_06-00-00_unit07.wav,1.699,1.849,NEG,NEG,NEG,NEG,NEG,POS
2015-09-11_06-00-00_unit07.wav,2.572,2.722,NEG,NEG,UNK,NEG,NEG,UNK
2015-09-11_06-00-00_unit07.wav,7.843,7.993,NEG,NEG,UNK,NEG,NEG,UNK
2015-09-11_06-00-00_unit07.wav,8.416,8.566,NEG,NEG,NEG,NEG,POS,NEG
2015-09-11_06-00-00_unit07.wav,8.938,9.088,POS,NEG,NEG,NEG,NEG,NEG
2015-09-11_06-00-00_unit07.wav,9.631,9.781,NEG,NEG,NEG,NEG,NEG,POS
2015-09-11_06-00-00_unit07.wav,10.986,11.136,NEG,NEG,NEG,NEG,NEG,POS
2015-09-11_06-00-00_unit07.wav,11.196,11.346,NEG,NEG,UNK,NEG,NEG,UNK
2015-09-11_06-00-00_unit07.wav,16.976,17.126,NEG,NEG,UNK,NEG,NEG,UNK
2015-09-11_06-00-00_unit07.wav,19.839,19.989,NEG,NEG,POS,NEG,NEG,NEG
2015-09-11_06-00-00_unit07.wav,20.926,21.076,UNK,UNK,NEG,UNK,NEG,NEG
2015-09-11_06-00-00_unit07.wav,23.363,23.513,NEG,NEG,NEG,NEG,POS,NEG
2015-09-11_06-00-00_unit07.wav,23.538,23.688,NEG,NEG,NEG,NEG,POS,NEG
2015-09-11_06-00-00_unit07.wav,23.833,23.983,NEG,NEG,NEG,NEG,NEG,POS
2015-09-11_06-00-00_unit07.wav,27.063,27.213,NEG,NEG,NEG,NEG,NEG,NEG
2015-09-11_06-00-00_unit07.wav,27.303,27.453,NEG,NEG,UNK,NEG,NEG,UNK
2015-09-11_06-00-00_unit07.wav,27.41,27.56,NEG,NEG,NEG,NEG,NEG,POS
2015-09-11_06-00-00_unit07.wav,30.853,31.003,NEG,NEG,NEG,NEG,POS,NEG
2015-09-11_06-00-00_unit07.wav,31.714,31.864,NEG,NEG,UNK,NEG,NEG,UNK
2015-09-11_06-00-00_unit07.wav,33.249,33.399,NEG,NEG,NEG,NEG,NEG,POS
2015-09-11_06-00-00_unit07.wav,33.296,33.446,NEG,NEG,NEG,NEG,NEG,POS
2015-09-11_06-00-00_unit07.wav,34.563,34.713,NEG,NEG,NEG,NEG,NEG,POS
2015-09-11_06-00-00_unit07.wav,36.196,36.346,NEG,NEG,NEG,NEG,NEG,POS
2015-09-11_06-00-00_unit07.wav,37.627,37.777,NEG,NEG,UNK,NEG,NEG,UNK
2015-09-11_06-00-00_unit07.wav,38.189,38.339,NEG,NEG,UNK,NEG,NEG,UNK
2015-09-11_06-00-00_unit07.wav,42.389,42.539,NEG,NEG,UNK,NEG,NEG,UNK
2015-09-11_06-00-00_unit07.wav,44.287,44.437,NEG,NEG,UNK,NEG,NEG,UNK
2015-09-11_06-00-00_unit07.wav,46.468,46.618,NEG,NEG,UNK,NEG,NEG,UNK
2015-09-11_06-00-00_unit07.wav,68.228,68.378,UNK,UNK,UNK,UNK,UNK,UNK
2015-09-11_06-00-00_unit07.wav,70.162,70.312,UNK,UNK,UNK,UNK,UNK,UNK
2015-09-11_06-00-00_unit07.wav,71.837,71.987,UNK,UNK,UNK,UNK,UNK,UNK
2015-09-11_06-00-00_unit07.wav,78.668,78.818,UNK,UNK,UNK,UNK,UNK,UNK
2015-09-11_06-00-00_unit07.wav,83.102,83.252,NEG,NEG,NEG,NEG,NEG,POS
2015-09-11_06-00-00_unit07.wav,84.908,85.058,NEG,NEG,UNK,NEG,NEG,UNK
2015-09-11_06-00-00_unit07.wav,91.172,91.322,NEG,NEG,NEG,NEG,NEG,NEG
2015-09-11_06-00-00_unit07.wav,96.464,96.614,UNK,UNK,UNK,UNK,UNK,UNK
2015-09-11_06-00-00_unit07.wav,96.987,97.137,UNK,UNK,UNK,UNK,UNK,UNK
2015-09-11_06-00-00_unit07.wav,98.808,98.958,NEG,NEG,NEG,NEG,NEG,POS
2015-09-11_06-00-00_unit07.wav,101.225,101.375,NEG,NEG,NEG,NEG,NEG,POS
2015-09-11_06-00-00_unit07.wav,103.438,103.588,UNK,UNK,NEG,UNK,NEG,NEG
2015-09-11_06-00-00_unit07.wav,103.832,103.982,UNK,UNK,NEG,UNK,NEG,NEG
2015-09-11_06-00-00_unit07.wav,104.169,104.319,NEG,NEG,UNK,NEG,NEG,UNK
2015-09-11_06-00-00_unit07.wav,104.491,104.641,NEG,NEG,NEG,NEG,NEG,POS
2015-09-11_06-00-00_unit07.wav,104.552,104.702,NEG,NEG,NEG,NEG,POS,NEG
2015-09-11_06-00-00_unit07.wav,105.065,105.215,UNK,UNK,UNK,UNK,UNK,UNK
2015-09-11_06-00-00_unit07.wav,106.702,106.852,UNK,UNK,UNK,UNK,UNK,UNK
2015-09-11_06-00-00_unit07.wav,107.15,107.3,NEG,NEG,UNK,NEG,NEG,UNK
2015-09-11_06-00-00_unit07.wav,107.888,108.038,UNK,UNK,NEG,UNK,NEG,NEG
2015-09-11_06-00-00_unit07.wav,108.619,108.769,NEG,NEG,NEG,NEG,NEG,NEG
2015-09-11_06-00-00_unit07.wav,109.647,109.797,UNK,UNK,UNK,UNK,UNK,UNK
2015-09-11_06-00-00_unit07.wav,109.804,109.954,UNK,UNK,UNK,UNK,UNK,UNK
2015-09-11_06-00-00_unit07.wav,111.895,112.045,NEG,NEG,NEG,NEG,NEG,POS
2015-09-11_06-00-00_unit07.wav,115.245,115.395,UNK,UNK,NEG,UNK,NEG,NEG
2015-09-11_06-00-00_unit07.wav,215.54,215.69,NEG,NEG,NEG,NEG,NEG,POS
2015-09-11_06-00-00_unit07.wav,215.658,215.808,UNK,UNK,UNK,UNK,UNK,UNK
2015-09-11_06-00-00_unit07.wav,218.207,218.357,NEG,NEG,NEG,NEG,POS,NEG
2015-09-11_06-00-00_unit07.wav,220.453,220.603,NEG,NEG,UNK,NEG,NEG,UNK
2015-09-11_06-00-00_unit07.wav,220.489,220.639,UNK,UNK,UNK,UNK,UNK,UNK
2015-09-11_06-00-00_unit07.wav,220.814,220.964,UNK,UNK,UNK,UNK,UNK,UNK
2015-09-11_06-00-00_unit07.wav,221.669,221.819,NEG,NEG,UNK,NEG,NEG,UNK
2015-09-11_06-00-00_unit07.wav,227.335,227.485,NEG,NEG,NEG,NEG,POS,NEG
2015-09-11_06-00-00_unit07.wav,229.231,229.381,NEG,NEG,NEG,NEG,NEG,POS
2015-09-11_06-00-00_unit07.wav,232.082,232.232,NEG,NEG,NEG,NEG,NEG,NEG
2015-09-11_06-00-00_unit07.wav,232.624,232.774,NEG,NEG,NEG,NEG,NEG,NEG
2015-09-11_06-00-00_unit07.wav,235.91,236.06,UNK,UNK,UNK,UNK,UNK,UNK
2015-09-11_06-00-00_unit07.wav,237.641,237.791,UNK,UNK,UNK,UNK,UNK,UNK
2015-09-11_06-00-00_unit07.wav,238.794,238.944,UNK,UNK,UNK,UNK,UNK,UNK
2015-09-11_06-00-00_unit07.wav,262.397,262.547,UNK,UNK,UNK,UNK,UNK,UNK
2015-09-11_06-00-00_unit07.wav,274.768,274.918,UNK,UNK,UNK,UNK,UNK,UNK
2015-09-11_06-00-00_unit07.wav,279.394,279.544,NEG,NEG,NEG,NEG,NEG,NEG
2015-09-11_06-00-00_unit07.wav,280.067,280.217,NEG,NEG,UNK,NEG,NEG,UNK
2015-09-11_06-00-00_unit07.wav,282.036,282.186,NEG,NEG,NEG,NEG,NEG,POS
2015-09-11_06-00-00_unit07.wav,282.278,282.428,UNK,UNK,UNK,UNK,UNK,UNK
2015-09-11_06-00-00_unit07.wav,286.594,286.744,NEG,NEG,NEG,NEG,NEG,NEG
2015-09-11_06-00-00_unit07.wav,298.936,299.086,UNK,UNK,UNK,UNK,UNK,UNK
2015-09-11_06-00-00_unit07.wav,299.861,300.011,UNK,UNK,NEG,UNK,NEG,NEG
2015-09-11_06-00-00_unit07.wav,300.459,300.609,NEG,NEG,NEG,NEG,POS,NEG
2015-09-11_06-00-00_unit07.wav,303.324,303.474,UNK,UNK,NEG,UNK,NEG,NEG
2015-09-11_06-00-00_unit07.wav,304.278,304.428,NEG,NEG,NEG,NEG,NEG,NEG
2015-09-11_06-00-00_unit07.wav,306.303,306.453,NEG,NEG,UNK,NEG,NEG,UNK
2015-09-11_06-00-00_unit07.wav,308.87,309.02,NEG,NEG,NEG,NEG,NEG,NEG
2015-09-11_06-00-00_unit07.wav,309.115,309.265,NEG,NEG,UNK,NEG,NEG,UNK
2015-09-11_06-00-00_unit07.wav,310.198,310.348,NEG,NEG,NEG,NEG,NEG,POS
2015-09-11_06-00-00_unit07.wav,310.962,311.112,NEG,POS,NEG,NEG,NEG,NEG
2015-09-11_06-00-00_unit07.wav,342.947,343.097,UNK,UNK,UNK,UNK,UNK,UNK
2015-09-11_06-00-00_unit07.wav,343.096,343.246,UNK,UNK,UNK,UNK,UNK,UNK
2015-09-11_06-00-00_unit07.wav,343.682,343.832,UNK,UNK,UNK,UNK,UNK,UNK
2015-09-11_06-00-00_unit07.wav,355.289,355.439,UNK,UNK,UNK,UNK,UNK,UNK
2015-09-11_06-00-00_unit07.wav,358.228,358.378,UNK,UNK,UNK,UNK,UNK,UNK
2015-09-11_06-00-00_unit07.wav,380.024,380.174,UNK,UNK,UNK,UNK,UNK,UNK
2015-09-11_06-00-00_unit07.wav,383.717,383.867,NEG,NEG,NEG,NEG,NEG,NEG
2015-09-11_06-00-00_unit07.wav,386.355,386.505,UNK,UNK,NEG,UNK,NEG,NEG
2015-09-11_06-00-00_unit07.wav,392.508,392.658,NEG,NEG,NEG,POS,NEG,NEG
2015-09-11_06-00-00_unit07.wav,398.857,399.007,NEG,NEG,UNK,NEG,NEG,UNK
2015-09-11_06-00-00_unit07.wav,399.077,399.227,NEG,NEG,NEG,POS,NEG,NEG
2015-09-11_06-00-00_unit07.wav,399.785,399.935,NEG,NEG,UNK,NEG,NEG,UNK
2015-09-11_06-00-00_unit07.wav,471.999,472.149,UNK,UNK,UNK,UNK,UNK,UNK
2015-09-11_06-00-00_unit07.wav,476.328,476.478,NEG,NEG,UNK,NEG,NEG,UNK
2015-09-11_06-00-00_unit07.wav,476.817,476.967,NEG,NEG,NEG,NEG,NEG,POS
2015-09-11_06-00-00_unit07.wav,478.739,478.889,NEG,NEG,NEG,NEG,NEG,POS
2015-09-11_06-00-00_unit07.wav,480.869,481.019,UNK,UNK,UNK,UNK,UNK,UNK
2015-09-11_06-00-00_unit07.wav,481.525,481.675,UNK,UNK,UNK,UNK,UNK,UNK
2015-09-11_06-00-00_unit07.wav,482.042,482.192,UNK,UNK,UNK,UNK,UNK,UNK
2015-09-11_06-00-00_unit07.wav,501.996,502.146,NEG,NEG,NEG,NEG,NEG,POS
2015-09-11_06-00-00_unit07.wav,504.51,504.66,NEG,NEG,NEG,NEG,NEG,POS
2015-09-11_06-00-00_unit07.wav,537.378,537.528,NEG,NEG,UNK,NEG,NEG,UNK
2015-09-11_06-00-00_unit07.wav,537.948,538.098,NEG,NEG,NEG,NEG,POS,NEG
2015-09-11_06-00-00_unit07.wav,539.319,539.469,NEG,NEG,NEG,NEG,NEG,POS
2015-09-11_06-00-00_unit07.wav,541.185,541.335,NEG,NEG,NEG,NEG,POS,NEG
2015-09-11_06-00-00_unit07.wav,544.099,544.249,NEG,POS,NEG,NEG,NEG,NEG
2015-09-11_06-00-00_unit07.wav,544.892,545.042,NEG,NEG,NEG,NEG,NEG,NEG
2015-09-11_06-00-00_unit07.wav,548.82,548.97,NEG,NEG,NEG,NEG,POS,NEG
2015-09-11_06-00-00_unit07.wav,550.091,550.241,NEG,NEG,NEG,NEG,NEG,NEG
2015-09-11_06-00-00_unit07.wav,550.94,551.09,UNK,UNK,UNK,UNK,UNK,UNK
2015-09-11_06-00-00_unit07.wav,551.343,551.493,NEG,POS,NEG,NEG,NEG,NEG
2015-09-11_06-00-00_unit07.wav,552.746,552.896,NEG,POS,NEG,NEG,NEG,NEG
2015-09-11_06-00-00_unit07.wav,555.427,555.577,NEG,NEG,UNK,NEG,NEG,UNK
2015-09-11_06-00-00_unit07.wav,556.11,556.26,NEG,NEG,NEG,NEG,NEG,NEG
2015-09-11_06-00-00_unit07.wav,557.135,557.285,NEG,NEG,UNK,NEG,NEG,UNK
2015-09-11_06-00-00_unit07.wav,558.287,558.437,NEG,NEG,UNK,NEG,NEG,UNK
2015-09-11_06-00-00_unit07.wav,562.668,562.818,UNK,UNK,UNK,UNK,UNK,UNK
2015-09-11_06-00-00_unit07.wav,563.14,563.29,NEG,POS,NEG,NEG,NEG,NEG
2015-09-11_06-00-00_unit07.wav,564.563,564.713,NEG,POS,NEG,NEG,NEG,NEG
2015-09-11_06-00-00_unit07.wav,565.693,565.843,NEG,NEG,NEG,NEG,NEG,NEG
2015-09-11_06-00-00_unit07.wav,572.499,572.649,NEG,NEG,NEG,NEG,NEG,POS
2015-09-11_06-00-00_unit07.wav,575.824,575.974,NEG,NEG,NEG,NEG,NEG,POS
2015-09-11_06-00-00_unit07.wav,576.617,576.767,NEG,NEG,NEG,POS,NEG,NEG
2015-09-11_06-00-00_unit07.wav,578.846,578.996,UNK,UNK,UNK,UNK,UNK,UNK
2015-09-11_06-00-00_unit07.wav,579.117,579.267,UNK,UNK,UNK,UNK,UNK,UNK
2015-09-11_06-00-00_unit07.wav,579.812,579.962,NEG,NEG,UNK,NEG,NEG,UNK
2015-09-11_06-00-00_unit07.wav,586.639,586.789,NEG,NEG,UNK,NEG,NEG,UNK
2015-09-11_06-00-00_unit07.wav,587.541,587.691,UNK,UNK,UNK,UNK,UNK,UNK
2015-09-11_06-00-00_unit07.wav,593.864,594.014,NEG,NEG,NEG,NEG,POS,NEG
2015-09-11_06-00-00_unit07.wav,629.782,629.932,NEG,NEG,NEG,NEG,NEG,NEG
2015-09-11_06-00-00_unit07.wav,631.486,631.636,NEG,NEG,NEG,NEG,NEG,NEG
2015-09-11_06-00-00_unit07.wav,657.024,657.174,UNK,UNK,UNK,UNK,UNK,UNK
2015-09-11_06-00-00_unit07.wav,658.428,658.578,NEG,NEG,NEG,NEG,POS,NEG
2015-09-11_06-00-00_unit07.wav,660.083,660.233,UNK,UNK,UNK,UNK,UNK,UNK
2015-09-11_06-00-00_unit07.wav,661.53,661.68,NEG,NEG,NEG,NEG,POS,NEG
2015-09-11_06-00-00_unit07.wav,674.58,674.73,NEG,NEG,NEG,NEG,POS,NEG
2015-09-11_06-00-00_unit07.wav,677.107,677.257,NEG,NEG,NEG,NEG,POS,NEG
2015-09-11_06-00-00_unit07.wav,679.918,680.068,UNK,UNK,NEG,UNK,NEG,NEG
2015-09-11_06-00-00_unit07.wav,681.685,681.835,NEG,NEG,NEG,NEG,POS,NEG
2015-09-11_06-00-00_unit07.wav,767.348,767.498,NEG,NEG,NEG,NEG,NEG,POS
2015-09-11_06-00-00_unit07.wav,771.567,771.717,NEG,NEG,UNK,NEG,NEG,UNK
2015-09-11_06-00-00_unit07.wav,782.304,782.454,UNK,UNK,NEG,UNK,NEG,NEG
2015-09-11_06-00-00_unit07.wav,785.735,785.885,UNK,UNK,NEG,UNK,NEG,NEG
2015-09-11_06-00-00_unit07.wav,792.593,792.743,UNK,UNK,UNK,UNK,UNK,UNK
2015-09-11_06-00-00_unit07.wav,809.371,809.521,NEG,NEG,NEG,NEG,NEG,NEG
2015-09-11_06-00-00_unit07.wav,820.229,820.379,NEG,NEG,UNK,NEG,NEG,UNK
2015-09-11_06-00-00_unit07.wav,822.11,822.26,NEG,NEG,NEG,NEG,NEG,POS
2015-09-11_06-00-00_unit07.wav,824.574,824.724,NEG,NEG,UNK,NEG,NEG,UNK
2015-09-11_06-00-00_unit07.wav,836.722,836.872,UNK,UNK,NEG,UNK,NEG,NEG
2015-09-11_06-00-00_unit07.wav,842.956,843.106,NEG,NEG,UNK,NEG,NEG,UNK
2015-09-11_06-00-00_unit07.wav,845.886,846.036,NEG,NEG,NEG,NEG,NEG,POS
2015-09-11_06-00-00_unit07.wav,847.722,847.872,NEG,NEG,UNK,NEG,NEG,UNK
2015-09-11_06-00-00_unit07.wav,851.449,851.599,NEG,NEG,NEG,NEG,NEG,POS
2015-09-11_06-00-00_unit07.wav,852.722,852.872,NEG,NEG,NEG,NEG,NEG,POS
2015-09-11_06-00-00_unit07.wav,853.182,853.332,UNK,UNK,NEG,UNK,NEG,NEG
2015-09-11_06-00-00_unit07.wav,853.888,854.038,NEG,NEG,NEG,NEG,NEG,POS
2015-09-11_06-00-00_unit07.wav,856.275,856.425,NEG,NEG,UNK,NEG,NEG,UNK
2015-09-11_06-00-00_unit07.wav,856.394,856.544,UNK,UNK,UNK,UNK,UNK,UNK
2015-09-11_06-00-00_unit07.wav,857.526,857.676,UNK,UNK,NEG,UNK,NEG,NEG
2015-09-11_06-00-00_unit07.wav,857.574,857.724,UNK,UNK,UNK,UNK,UNK,UNK
2015-09-11_06-00-00_unit07.wav,861.165,861.315,NEG,NEG,NEG,NEG,NEG,NEG
2015-09-11_06-00-00_unit07.wav,861.322,861.472,NEG,NEG,NEG,NEG,NEG,POS
2015-09-11_06-00-00_unit07.wav,861.578,861.728,UNK,UNK,UNK,UNK,UNK,UNK
2015-09-11_06-00-00_unit07.wav,865.752,865.902,NEG,NEG,NEG,NEG,NEG,POS
2015-09-11_06-00-00_unit07.wav,868.847,868.997,NEG,NEG,NEG,NEG,NEG,POS
2015-09-11_06-00-00_unit07.wav,874.252,874.402,NEG,NEG,NEG,NEG,NEG,POS
2015-09-11_06-00-00_unit07.wav,877.853,878.003,NEG,NEG,NEG,POS,NEG,NEG
2015-09-11_06-00-00_unit07.wav,889.356,889.506,NEG,NEG,NEG,POS,NEG,NEG
2015-09-11_06-00-00_unit07.wav,896.448,896.598,UNK,UNK,UNK,UNK,UNK,UNK
2015-09-11_06-00-00_unit07.wav,896.799,896.949,UNK,UNK,UNK,UNK,UNK,UNK
2015-09-11_06-00-00_unit07.wav,903.363,903.513,UNK,UNK,UNK,UNK,UNK,UNK
2015-09-11_06-00-00_unit07.wav,912.009,912.159,NEG,NEG,NEG,NEG,NEG,NEG
2015-09-11_06-00-00_unit07.wav,914.966,915.116,NEG,NEG,NEG,POS,NEG,NEG
2015-09-11_06-00-00_unit07.wav,915.332,915.482,NEG,NEG,NEG,NEG,NEG,POS
2015-09-11_06-00-00_unit07.wav,918.251,918.401,UNK,UNK,UNK,UNK,UNK,UNK
2015-09-11_06-00-00_unit07.wav,918.875,919.025,UNK,UNK,UNK,UNK,UNK,UNK
2015-09-11_06-00-00_unit07.wav,923.039,923.189,NEG,NEG,UNK,NEG,NEG,UNK
2015-09-11_06-00-00_unit07.wav,925.624,925.774,NEG,NEG,NEG,NEG,NEG,POS
2015-09-11_06-00-00_unit07.wav,925.629,925.779,UNK,UNK,UNK,UNK,UNK,UNK
2015-09-11_06-00-00_unit07.wav,925.816,925.966,UNK,UNK,NEG,UNK,NEG,NEG
2015-09-11_06-00-00_unit07.wav,928.224,928.374,POS,NEG,NEG,NEG,NEG,NEG
2015-09-11_06-00-00_unit07.wav,930.586,930.736,UNK,UNK,UNK,UNK,UNK,UNK
2015-09-11_06-00-00_unit07.wav,932.299,932.449,NEG,NEG,NEG,NEG,NEG,POS
2015-09-11_06-00-00_unit07.wav,932.501,932.651,UNK,UNK,UNK,UNK,UNK,UNK
2015-09-11_06-00-00_unit07.wav,937.79,937.94,NEG,NEG,UNK,NEG,NEG,UNK
2015-09-11_06-00-00_unit07.wav,940.566,940.716,POS,NEG,NEG,NEG,NEG,NEG
2015-09-11_06-00-00_unit07.wav,942.579,942.729,NEG,NEG,UNK,NEG,NEG,UNK
2015-09-11_06-00-00_unit07.wav,965.414,965.564,UNK,UNK,UNK,UNK,UNK,UNK
2015-09-11_06-00-00_unit07.wav,969.766,969.916,NEG,NEG,UNK,NEG,NEG,UNK
2015-09-11_06-00-00_unit07.wav,994.334,994.484,UNK,UNK,UNK,UNK,UNK,UNK
2015-09-11_06-00-00_unit07.wav,998.459,998.609,UNK,UNK,UNK,UNK,UNK,UNK
2015-09-11_06-00-00_unit07.wav,1015.856,1016.006,NEG,NEG,NEG,NEG,NEG,NEG
2015-09-11_06-00-00_unit07.wav,1017.183,1017.333,NEG,NEG,NEG,NEG,NEG,POS
2015-09-11_06-00-00_unit07.wav,1021.723,1021.873,UNK,UNK,UNK,UNK,UNK,UNK
2015-09-11_06-00-00_unit07.wav,1028.459,1028.609,UNK,UNK,UNK,UNK,UNK,UNK
2015-09-11_06-00-00_unit07.wav,1035.446,1035.596,NEG,NEG,NEG,NEG,NEG,POS
2015-09-11_06-00-00_unit07.wav,1035.601,1035.751,NEG,NEG,NEG,POS,NEG,NEG
2015-09-11_06-00-00_unit07.wav,1037.471,1037.621,NEG,NEG,NEG,NEG,NEG,POS
2015-09-11_06-00-00_unit07.wav,1037.841,1037.991,UNK,UNK,UNK,UNK,UNK,UNK
2015-09-11_06-00-00_unit07.wav,1044.748,1044.898,NEG,NEG,NEG,NEG,NEG,NEG
2015-09-11_06-00-00_unit07.wav,1048.433,1048.583,NEG,NEG,UNK,NEG,NEG,UNK
2015-09-11_06-00-00_unit07.wav,1049.653,1049.803,NEG,POS,NEG,NEG,NEG,NEG
2015-09-11_06-00-00_unit07.wav,1059.495,1059.645,NEG,NEG,NEG,NEG,NEG,POS
2015-09-11_06-00-00_unit07.wav,1060.484,1060.634,NEG,NEG,NEG,NEG,NEG,NEG
2015-09-11_06-00-00_unit07.wav,1064.149,1064.299,NEG,NEG,NEG,NEG,NEG,POS
2015-09-11_06-00-00_unit07.wav,1071.924,1072.074,NEG,NEG,NEG,POS,NEG,NEG
2015-09-11_06-00-00_unit07.wav,1071.929,1072.079,NEG,NEG,NEG,NEG,NEG,NEG
2015-09-11_06-00-00_unit07.wav,1075.903,1076.053,NEG,NEG,NEG,NEG,NEG,POS
2015-09-11_06-00-00_unit07.wav,1077.027,1077.177,NEG,NEG,NEG,POS,NEG,NEG
2015-09-11_06-00-00_unit07.wav,1077.207,1077.357,NEG,NEG,NEG,NEG,NEG,POS
2015-09-11_06-00-00_unit07.wav,1107.495,1107.645,NEG,POS,NEG,NEG,NEG,NEG
2015-09-11_06-00-00_unit07.wav,1110.569,1110.719,NEG,NEG,NEG,NEG,NEG,POS
2015-09-11_06-00-00_unit07.wav,1116.1,1116.25,UNK,UNK,UNK,UNK,UNK,UNK
2015-09-11_06-00-00_unit07.wav,1118.755,1118.905,NEG,NEG,UNK,NEG,NEG,UNK
2015-09-11_06-00-00_unit07.wav,1121.934,1122.084,UNK,UNK,NEG,UNK,NEG,NEG
2015-09-11_06-00-00_unit07.wav,1122.845,1122.995,NEG,NEG,POS,NEG,NEG,NEG
2015-09-11_06-00-00_unit07.wav,1136.742,1136.892,NEG,NEG,UNK,NEG,NEG,UNK
2015-09-11_06-00-00_unit07.wav,1140.737,1140.887,UNK,UNK,UNK,UNK,UNK,UNK
2015-09-11_06-00-00_unit07.wav,1142.541,1142.691,UNK,UNK,UNK,UNK,UNK,UNK
2015-09-11_06-00-00_unit07.wav,1143.146,1143.296,NEG,NEG,UNK,NEG,NEG,UNK
2015-09-11_06-00-00_unit07.wav,1145.671,1145.821,UNK,UNK,UNK,UNK,UNK,UNK
2015-09-11_06-00-00_unit07.wav,1146.392,1146.542,NEG,NEG,NEG,NEG,POS,NEG
2015-09-11_06-00-00_unit07.wav,1157.47,1157.62,UNK,UNK,NEG,UNK,NEG,NEG
2015-09-11_06-00-00_unit07.wav,1157.933,1158.083,NEG,NEG,UNK,NEG,NEG,UNK
2015-09-11_06-00-00_unit07.wav,1159.078,1159.228,NEG,POS,NEG,NEG,NEG,NEG
2015-09-11_06-00-00_unit07.wav,1160.959,1161.109,UNK,UNK,UNK,UNK,UNK,UNK
2015-09-11_06-00-00_unit07.wav,1161.977,1162.127,NEG,NEG,UNK,NEG,NEG,UNK
2015-09-11_06-00-00_unit07.wav,1162.205,1162.355,NEG,NEG,UNK,NEG,NEG,UNK
2015-09-11_06-00-00_unit07.wav,1165.085,1165.235,UNK,UNK,NEG,UNK,NEG,NEG
2015-09-11_06-00-00_unit07.wav,1174.544,1174.694,NEG,NEG,NEG,NEG,NEG,NEG
2015-09-11_06-00-00_unit07.wav,1176.571,1176.721,NEG,NEG,UNK,NEG,NEG,UNK
2015-09-11_06-00-00_unit07.wav,1181.621,1181.771,NEG,NEG,UNK,NEG,NEG,UNK
2015-09-11_06-00-00_unit07.wav,1185.879,1186.029,UNK,UNK,UNK,UNK,UNK,UNK
2015-09-11_06-00-00_unit07.wav,1186.56,1186.71,NEG,POS,NEG,NEG,NEG,NEG
2015-09-11_06-00-00_unit07.wav,1191.351,1191.501,NEG,NEG,UNK,NEG,NEG,UNK
2015-09-11_06-00-00_unit07.wav,1193.775,1193.925,UNK,UNK,UNK,UNK,UNK,UNK
2015-09-11_06-00-00_unit07.wav,1194.048,1194.198,UNK,UNK,UNK,UNK,UNK,UNK
2015-09-11_06-00-00_unit07.wav,1194.308,1194.458,NEG,NEG,UNK,NEG,NEG,UNK
2015-09-11_06-00-00_unit07.wav,1197.156,1197.306,NEG,NEG,NEG,NEG,NEG,NEG
2015-09-11_06-00-00_unit07.wav,1198.466,1198.616,NEG,NEG,UNK,NEG,NEG,UNK
2015-09-11_06-00-00_unit07.wav,1202.911,1203.061,NEG,NEG,NEG,NEG,NEG,NEG
2015-09-11_06-00-00_unit07.wav,1204.59,1204.74,UNK,UNK,UNK,UNK,UNK,UNK
2015-09-11_06-00-00_unit07.wav,1205.221,1205.371,UNK,UNK,UNK,UNK,UNK,UNK
2015-09-11_06-00-00_unit07.wav,1205.585,1205.735,NEG,NEG,UNK,NEG,NEG,UNK
2015-09-11_06-00-00_unit07.wav,1221.49,1221.64,UNK,UNK,NEG,UNK,NEG,NEG
2015-09-11_06-00-00_unit07.wav,1224.706,1224.856,UNK,UNK,UNK,UNK,UNK,UNK
2015-09-11_06-00-00_unit07.wav,1226.804,1226.954,UNK,UNK,UNK,UNK,UNK,UNK
2015-09-11_06-00-00_unit07.wav,1248.376,1248.526,UNK,UNK,NEG,UNK,NEG,NEG
2015-09-11_06-00-00_unit07.wav,1251.56,1251.71,UNK,UNK,NEG,UNK,NEG,NEG
2015-09-11_06-00-00_unit07.wav,1255.606,1255.756,NEG,POS,NEG,NEG,NEG,NEG
2015-09-11_06-00-00_unit07.wav,1275.15,1275.3,UNK,UNK,UNK,UNK,UNK,UNK
2015-09-11_06-00-00_unit07.wav,1275.723,1275.873,NEG,NEG,NEG,NEG,NEG,POS
2015-09-11_06-00-00_unit07.wav,1276.873,1277.023,NEG,NEG,NEG,NEG,NEG,NEG
2015-09-11_06-00-00_unit07.wav,1277.738,1277.888,NEG,NEG,UNK,NEG,NEG,UNK
2015-09-11_06-00-00_unit07.wav,1278.171,1278.321,NEG,NEG,UNK,NEG,NEG,UNK
2015-09-11_06-00-00_unit07.wav,1284.573,1284.723,NEG,NEG,NEG,NEG,POS,NEG
2015-09-11_06-00-00_unit07.wav,1284.823,1284.973,NEG,NEG,UNK,NEG,NEG,UNK
2015-09-11_06-00-00_unit07.wav,1286.166,1286.316,NEG,NEG,UNK,NEG,NEG,UNK
2015-09-11_06-00-00_unit07.wav,1287.796,1287.946,UNK,UNK,UNK,UNK,UNK,UNK
2015-09-11_06-00-00_unit07.wav,1288.218,1288.368,NEG,NEG,UNK,NEG,NEG,UNK
2015-09-11_06-00-00_unit07.wav,1288.245,1288.395,UNK,UNK,UNK,UNK,UNK,UNK
2015-09-11_06-00-00_unit07.wav,1291.412,1291.562,NEG,NEG,UNK,NEG,NEG,UNK
2015-09-11_06-00-00_unit07.wav,1292.157,1292.307,NEG,NEG,NEG,NEG,NEG,NEG
2015-09-11_06-00-00_unit07.wav,1295.812,1295.962,NEG,NEG,NEG,NEG,NEG,POS
2015-09-11_06-00-00_unit07.wav,1296.377,1296.527,NEG,NEG,NEG,NEG,NEG,POS
2015-09-11_06-00-00_unit07.wav,1296.587,1296.737,NEG,NEG,NEG,NEG,NEG,POS
2015-09-11_06-00-00_unit07.wav,1296.875,1297.025,NEG,NEG,NEG,NEG,NEG,POS
2015-09-11_06-00-00_unit07.wav,1305.275,1305.425,NEG,NEG,NEG,NEG,POS,NEG
2015-09-11_06-00-00_unit07.wav,1306.931,1307.081,NEG,NEG,UNK,NEG,NEG,UNK
2015-09-11_06-00-00_unit07.wav,1311.954,1312.104,NEG,NEG,NEG,NEG,NEG,POS
2015-09-11_06-00-00_unit07.wav,1314.705,1314.855,NEG,NEG,UNK,NEG,NEG,UNK
2015-09-11_06-00-00_unit07.wav,1354.252,1354.402,NEG,NEG,NEG,NEG,NEG,POS
2015-09-11_06-00-00_unit07.wav,1359.313,1359.463,NEG,POS,NEG,NEG,NEG,NEG
2015-09-11_06-00-00_unit07.wav,1365.428,1365.578,UNK,UNK,UNK,UNK,UNK,UNK
2015-09-11_06-00-00_unit07.wav,1419.983,1420.133,NEG,NEG,NEG,NEG,POS,NEG
2015-09-11_06-00-00_unit07.wav,1441.342,1441.492,UNK,UNK,UNK,UNK,UNK,UNK
2015-09-11_06-00-00_unit07.wav,1444.458,1444.608,NEG,NEG,UNK,NEG,NEG,UNK
2015-09-11_06-00-00_unit07.wav,1482.915,1483.065,UNK,UNK,NEG,UNK,NEG,NEG
2015-09-11_06-00-00_unit07.wav,1506.485,1506.635,POS,NEG,NEG,NEG,NEG,NEG
2015-09-11_06-00-00_unit07.wav,1538.599,1538.749,UNK,UNK,NEG,UNK,NEG,NEG
2015-09-11_06-00-00_unit07.wav,1539.163,1539.313,NEG,NEG,NEG,NEG,NEG,POS
2015-09-11_06-00-00_unit07.wav,1542.413,1542.563,UNK,UNK,UNK,UNK,UNK,UNK
2015-09-11_06-00-00_unit07.wav,1549.619,1549.769,UNK,UNK,NEG,UNK,NEG,NEG
2015-09-11_06-00-00_unit07.wav,1551.97,1552.12,NEG,NEG,NEG,POS,NEG,NEG
2015-09-11_06-00-00_unit07.wav,1556.876,1557.026,NEG,NEG,NEG,POS,NEG,NEG
2015-09-11_06-00-00_unit07.wav,1560.864,1561.014,UNK,UNK,UNK,UNK,UNK,UNK
2015-09-11_06-00-00_unit07.wav,1566.32,1566.47,NEG,NEG,UNK,NEG,NEG,UNK
2015-09-11_06-00-00_unit07.wav,1578.847,1578.997,NEG,NEG,NEG,NEG,NEG,POS
2015-09-11_06-00-00_unit07.wav,1584.511,1584.661,UNK,UNK,UNK,UNK,UNK,UNK
2015-09-11_06-00-00_unit07.wav,1585.086,1585.236,NEG,NEG,NEG,NEG,NEG,POS
2015-09-11_06-00-00_unit07.wav,1587.831,1587.981,NEG,NEG,NEG,NEG,NEG,POS
2015-09-11_06-00-00_unit07.wav,1594.069,1594.219,NEG,NEG,NEG,NEG,NEG,POS
2015-09-11_06-00-00_unit07.wav,1595.948,1596.098,UNK,UNK,UNK,UNK,UNK,UNK
2015-09-11_06-00-00_unit07.wav,1597.091,1597.241,UNK,UNK,UNK,UNK,UNK,UNK
2015-09-11_06-00-00_unit07.wav,1603.532,1603.682,NEG,NEG,NEG,NEG,NEG,POS
2015-09-11_06-00-00_unit07.wav,1614.186,1614.336,UNK,UNK,UNK,UNK,UNK,UNK
2015-09-11_06-00-00_unit07.wav,1615.78,1615.93,NEG,NEG,UNK,NEG,NEG,UNK
2015-09-11_06-00-00_unit07.wav,1618.768,1618.918,UNK,UNK,NEG,UNK,NEG,NEG
2015-09-11_06-00-00_unit07.wav,1619.736,1619.886,NEG,NEG,UNK,NEG,NEG,UNK
2015-09-11_06-00-00_unit07.wav,1621.88,1622.03,NEG,NEG,UNK,NEG,NEG,UNK
2015-09-11_06-00-00_unit07.wav,1626.139,1626.289,NEG,POS,NEG,NEG,NEG,NEG
2015-09-11_06-00-00_unit07.wav,1627.923,1628.073,UNK,UNK,UNK,UNK,UNK,UNK
2015-09-11_06-00-00_unit07.wav,1629.337,1629.487,NEG,NEG,NEG,NEG,NEG,NEG
2015-09-11_06-00-00_unit07.wav,1634.161,1634.311,NEG,NEG,UNK,NEG,NEG,UNK
2015-09-11_06-00-00_unit07.wav,1634.626,1634.776,UNK,UNK,UNK,UNK,UNK,UNK
2015-09-11_06-00-00_unit07.wav,1643.264,1643.414,NEG,NEG,UNK,NEG,NEG,UNK
2015-09-11_06-00-00_unit07.wav,1645.716,1645.866,UNK,UNK,UNK,UNK,UNK,UNK
2015-09-11_06-00-00_unit07.wav,1664.344,1664.494,NEG,NEG,NEG,POS,NEG,NEG
2015-09-11_06-00-00_unit07.wav,1664.648,1664.798,UNK,UNK,UNK,UNK,UNK,UNK
2015-09-11_06-00-00_unit07.wav,1666.285,1666.435,UNK,UNK,UNK,UNK,UNK,UNK
2015-09-11_06-00-00_unit07.wav,1666.663,1666.813,NEG,NEG,NEG,NEG,POS,NEG
2015-09-11_06-00-00_unit07.wav,1669.892,1670.042,NEG,NEG,UNK,NEG,NEG,UNK
2015-09-11_06-00-00_unit07.wav,1670.941,1671.091,NEG,NEG,UNK,NEG,NEG,UNK
2015-09-11_06-00-00_unit07.wav,1671.51,1671.66,NEG,NEG,UNK,NEG,NEG,UNK
2015-09-11_06-00-00_unit07.wav,1673.817,1673.967,UNK,UNK,UNK,UNK,UNK,UNK
2015-09-11_06-00-00_unit07.wav,1678.641,1678.791,UNK,UNK,UNK,UNK,UNK,UNK
2015-09-11_06-00-00_unit07.wav,1693.56,1693.71,NEG,NEG,NEG,NEG,NEG,POS
2015-09-11_06-00-00_unit07.wav,1694.574,1694.724,UNK,UNK,UNK,UNK,UNK,UNK
2015-09-11_06-00-00_unit07.wav,1696.209,1696.359,UNK,UNK,NEG,UNK,NEG,NEG
2015-09-11_06-00-00_unit07.wav,1703.635,1703.785,UNK,UNK,UNK,UNK,UNK,UNK
2015-09-11_06-00-00_unit07.wav,1704.568,1704.718,NEG,POS,NEG,NEG,NEG,NEG
2015-09-11_06-00-00_unit07.wav,1705.635,1705.785,NEG,NEG,UNK,NEG,NEG,UNK
2015-09-11_06-00-00_unit07.wav,1727.606,1727.756,NEG,POS,NEG,NEG,NEG,NEG
2015-09-11_06-00-00_unit07.wav,1729.487,1729.637,NEG,NEG,UNK,NEG,NEG,UNK
2015-09-11_06-00-00_unit07.wav,1729.809,1729.959,NEG,POS,NEG,NEG,NEG,NEG
2015-09-11_06-00-00_unit07.wav,1732.765,1732.915,UNK,UNK,UNK,UNK,UNK,UNK
2015-09-11_06-00-00_unit07.wav,1733.182,1733.332,UNK,UNK,UNK,UNK,UNK,UNK
2015-09-11_06-00-00_unit07.wav,1743.14,1743.29,NEG,NEG,NEG,NEG,NEG,POS
2015-09-11_06-00-00_unit07.wav,1746.108,1746.258,NEG,NEG,UNK,NEG,NEG,UNK
2015-09-11_06-00-00_unit07.wav,1755.286,1755.436,UNK,UNK,NEG,UNK,NEG,NEG
2015-09-11_06-00-00_unit07.wav,1780.73,1780.88,NEG,NEG,NEG,NEG,NEG,NEG
2015-09-11_06-00-00_unit07.wav,1782.516,1782.666,NEG,NEG,UNK,NEG,NEG,UNK
2015-09-11_06-00-00_unit07.wav,1785.348,1785.498,NEG,NEG,UNK,NEG,NEG,UNK
2015-09-11_06-00-00_unit07.wav,1787.438,1787.588,NEG,NEG,NEG,NEG,POS,NEG
2015-09-11_06-00-00_unit07.wav,1790.099,1790.249,NEG,NEG,UNK,NEG,NEG,UNK
2015-09-11_06-00-00_unit07.wav,1790.664,1790.814,NEG,NEG,NEG,NEG,POS,NEG
2015-09-11_06-00-00_unit07.wav,1800.343,1800.493,NEG,NEG,NEG,NEG,POS,NEG
2015-09-11_06-00-00_unit07.wav,1802.3,1802.45,NEG,NEG,NEG,NEG,POS,NEG
2015-09-11_06-00-00_unit07.wav,1805.15,1805.3,NEG,NEG,UNK,NEG,NEG,UNK
2015-09-11_06-00-00_unit07.wav,1805.987,1806.137,UNK,UNK,NEG,UNK,NEG,NEG
2015-09-11_06-00-00_unit07.wav,1806.905,1807.055,NEG,NEG,UNK,NEG,NEG,UNK
2015-09-11_06-00-00_unit07.wav,1807.718,1807.868,NEG,NEG,UNK,NEG,NEG,UNK
2015-09-11_06-00-00_unit07.wav,1810.752,1810.902,NEG,NEG,NEG,NEG,POS,NEG
2015-09-11_06-00-00_unit07.wav,1815.23,1815.38,NEG,NEG,NEG,NEG,POS,NEG
2015-09-11_06-00-00_unit07.wav,1817.891,1818.041,NEG,NEG,NEG,NEG,POS,NEG
2015-09-11_06-00-00_unit07.wav,1823.223,1823.373,NEG,NEG,NEG,NEG,POS,NEG
2015-09-11_06-00-00_unit07.wav,1827.408,1827.558,UNK,UNK,NEG,UNK,NEG,NEG
2015-09-11_06-00-00_unit07.wav,1829.65,1829.8,NEG,NEG,NEG,NEG,POS,NEG
2015-09-11_06-00-00_unit07.wav,1833.008,1833.158,NEG,NEG,NEG,NEG,POS,NEG
2015-09-11_06-00-00_unit07.wav,1838.164,1838.314,NEG,NEG,NEG,NEG,POS,NEG
2015-09-11_06-00-00_unit07.wav,1838.63,1838.78,NEG,NEG,NEG,NEG,POS,NEG
2015-09-11_06-00-00_unit07.wav,1889.433,1889.583,UNK,UNK,UNK,UNK,UNK,UNK
2015-09-11_06-00-00_unit07.wav,1890.331,1890.481,NEG,NEG,UNK,NEG,NEG,UNK
2015-09-11_06-00-00_unit07.wav,1890.756,1890.906,NEG,NEG,UNK,NEG,NEG,UNK
2015-09-11_06-00-00_unit07.wav,1934.302,1934.452,NEG,NEG,NEG,NEG,POS,NEG
2015-09-11_06-00-00_unit07.wav,1936.709,1936.859,NEG,NEG,UNK,NEG,NEG,UNK
2015-09-11_06-00-00_unit07.wav,1941.976,1942.126,NEG,NEG,NEG,NEG,NEG,NEG
2015-09-11_06-00-00_unit07.wav,1945.83,1945.98,NEG,NEG,UNK,NEG,NEG,UNK
2015-09-11_06-00-00_unit07.wav,1951.923,1952.073,NEG,NEG,UNK,NEG,NEG,UNK
2015-09-11_06-00-00_unit07.wav,1987.785,1987.935,UNK,UNK,UNK,UNK,UNK,UNK
2015-09-11_06-00-00_unit07.wav,2022.625,2022.775,UNK,UNK,NEG,UNK,NEG,NEG
2015-09-11_06-00-00_unit07.wav,2026.638,2026.788,UNK,UNK,NEG,UNK,NEG,NEG
2015-09-11_06-00-00_unit07.wav,2026.947,2027.097,UNK,UNK,NEG,UNK,NEG,NEG
2015-09-11_06-00-00_unit07.wav,2028.422,2028.572,UNK,UNK,UNK,UNK,UNK,UNK
2015-09-11_06-00-00_unit07.wav,2032.144,2032.294,NEG,NEG,NEG,NEG,NEG,POS
2015-09-11_06-00-00_unit07.wav,2059.584,2059.734,NEG,NEG,NEG,NEG,NEG,POS
2015-09-11_06-00-00_unit07.wav,2060.592,2060.742,UNK,UNK,UNK,UNK,UNK,UNK
2015-09-11_06-00-00_unit07.wav,2064.189,2064.339,NEG,NEG,UNK,NEG,NEG,UNK
2015-09-11_06-00-00_unit07.wav,2070.696,2070.846,UNK,UNK,UNK,UNK,UNK,UNK
2015-09-11_06-00-00_unit07.wav,2077.821,2077.971,UNK,UNK,UNK,UNK,UNK,UNK
2015-09-11_06-00-00_unit07.wav,2078.081,2078.231,NEG,NEG,NEG,NEG,NEG,POS
2015-09-11_06-00-00_unit07.wav,2078.466,2078.616,UNK,UNK,UNK,UNK,UNK,UNK
2015-09-11_06-00-00_unit07.wav,2080.009,2080.159,UNK,UNK,UNK,UNK,UNK,UNK
2015-09-11_06-00-00_unit07.wav,2088.365,2088.515,UNK,UNK,NEG,UNK,NEG,NEG
2015-09-11_06-00-00_unit07.wav,2092.26,2092.41,NEG,NEG,NEG,POS,NEG,NEG
2015-09-11_06-00-00_unit07.wav,2109.049,2109.199,NEG,NEG,NEG,POS,NEG,NEG
2015-09-11_06-00-00_unit07.wav,2111.514,2111.664,NEG,NEG,NEG,POS,NEG,NEG
2015-09-11_06-00-00_unit07.wav,2115.232,2115.382,UNK,UNK,UNK,UNK,UNK,UNK
2015-09-11_06-00-00_unit07.wav,2117.734,2117.884,UNK,UNK,UNK,UNK,UNK,UNK
2015-09-11_06-00-00_unit07.wav,2118.363,2118.513,NEG,NEG,NEG,NEG,NEG,POS
2015-09-11_06-00-00_unit07.wav,2124.976,2125.126,UNK,UNK,UNK,UNK,UNK,UNK
2015-09-11_06-00-00_unit07.wav,2128.909,2129.059,UNK,UNK,UNK,UNK,UNK,UNK
2015-09-11_06-00-00_unit07.wav,2139.06,2139.21,UNK,UNK,UNK,UNK,UNK,UNK
2015-09-11_06-00-00_unit07.wav,2140.214,2140.364,UNK,UNK,UNK,UNK,UNK,UNK
2015-09-11_06-00-00_unit07.wav,2141.402,2141.552,UNK,UNK,UNK,UNK,UNK,UNK
2015-09-11_06-00-00_unit07.wav,2142.451,2142.601,UNK,UNK,NEG,UNK,NEG,NEG
2015-09-11_06-00-00_unit07.wav,2199.23,2199.38,NEG,POS,NEG,NEG,NEG,NEG
2015-09-11_06-00-00_unit07.wav,2202.823,2202.973,UNK,UNK,NEG,UNK,NEG,NEG
2015-09-11_06-00-00_unit07.wav,2203.393,2203.543,UNK,UNK,NEG,UNK,NEG,NEG
2015-09-11_06-00-00_unit07.wav,2203.946,2204.096,NEG,NEG,NEG,NEG,NEG,POS
2015-09-11_06-00-00_unit07.wav,2204.877,2205.027,NEG,NEG,NEG,NEG,NEG,POS
2015-09-11_06-00-00_unit07.wav,2292.19,2292.34,NEG,NEG,UNK,NEG,NEG,UNK
2015-09-11_06-00-00_unit07.wav,2292.748,2292.898,UNK,UNK,UNK,UNK,UNK,UNK
2015-09-11_06-00-00_unit07.wav,2296.268,2296.418,NEG,NEG,UNK,NEG,NEG,UNK
2015-09-11_06-00-00_unit07.wav,2318.491,2318.641,NEG,NEG,NEG,NEG,NEG,POS
2015-09-11_06-00-00_unit07.wav,2327.32,2327.47,NEG,NEG,NEG,NEG,NEG,POS
2015-09-11_06-00-00_unit07.wav,2334.529,2334.679,UNK,UNK,NEG,UNK,NEG,NEG
2015-09-11_06-00-00_unit07.wav,2338.396,2338.546,NEG,NEG,NEG,POS,NEG,NEG
2015-09-11_06-00-00_unit07.wav,2339.283,2339.433,NEG,NEG,NEG,NEG,NEG,POS
2015-09-11_06-00-00_unit07.wav,2340.336,2340.486,UNK,UNK,UNK,UNK,UNK,UNK
2015-09-11_06-00-00_unit07.wav,2341.994,2342.144,NEG,NEG,NEG,NEG,NEG,POS
2015-09-11_06-00-00_unit07.wav,2354.043,2354.193,NEG,NEG,UNK,NEG,NEG,UNK
2015-09-11_06-00-00_unit07.wav,2355.847,2355.997,UNK,UNK,UNK,UNK,UNK,UNK
2015-09-11_06-00-00_unit07.wav,2358.725,2358.875,UNK,UNK,UNK,UNK,UNK,UNK
2015-09-11_06-00-00_unit07.wav,2360.462,2360.612,UNK,UNK,UNK,UNK,UNK,UNK
2015-09-11_06-00-00_unit07.wav,2363.256,2363.406,UNK,UNK,UNK,UNK,UNK,UNK
2015-09-11_06-00-00_unit07.wav,2410.363,2410.513,NEG,NEG,NEG,NEG,NEG,POS
2015-09-11_06-00-00_unit07.wav,2412.014,2412.164,UNK,UNK,UNK,UNK,UNK,UNK
2015-09-11_06-00-00_unit07.wav,2480.306,2480.456,UNK,UNK,NEG,UNK,NEG,NEG
2015-09-11_06-00-00_unit07.wav,2492.748,2492.898,NEG,NEG,NEG,POS,NEG,NEG
2015-09-11_06-00-00_unit07.wav,2496.341,2496.491,UNK,UNK,UNK,UNK,UNK,UNK
2015-09-11_06-00-00_unit07.wav,2499.98,2500.13,UNK,UNK,NEG,UNK,NEG,NEG
2015-09-11_06-00-00_unit07.wav,2502.703,2502.853,UNK,UNK,UNK,UNK,UNK,UNK
2015-09-11_06-00-00_unit07.wav,2502.706,2502.856,NEG,NEG,NEG,NEG,POS,NEG
2015-09-11_06-00-00_unit07.wav,2506.635,2506.785,NEG,NEG,UNK,NEG,NEG,UNK
2015-09-11_06-00-00_unit07.wav,2548.988,2549.138,UNK,UNK,UNK,UNK,UNK,UNK
2015-09-11_06-00-00_unit07.wav,2554.917,2555.067,NEG,NEG,NEG,NEG,NEG,NEG
2015-09-11_06-00-00_unit07.wav,2596.94,2597.09,NEG,NEG,NEG,NEG,NEG,NEG
2015-09-11_06-00-00_unit07.wav,2597.906,2598.056,NEG,NEG,NEG,NEG,NEG,POS
2015-09-11_06-00-00_unit07.wav,2605.132,2605.282,UNK,UNK,UNK,UNK,UNK,UNK
2015-09-11_06-00-00_unit07.wav,2607.852,2608.002,UNK,UNK,UNK,UNK,UNK,UNK
2015-09-11_06-00-00_unit07.wav,2610.232,2610.382,UNK,UNK,UNK,UNK,UNK,UNK
2015-09-11_06-00-00_unit07.wav,2610.431,2610.581,UNK,UNK,UNK,UNK,UNK,UNK
2015-09-11_06-00-00_unit07.wav,2628.253,2628.403,NEG,NEG,NEG,NEG,NEG,POS
2015-09-11_06-00-00_unit07.wav,2629.758,2629.908,NEG,NEG,UNK,NEG,NEG,UNK
2015-09-11_06-00-00_unit07.wav,2631.302,2631.452,NEG,NEG,NEG,NEG,NEG,POS
2015-09-11_06-00-00_unit07.wav,2653.653,2653.803,NEG,NEG,NEG,NEG,NEG,POS
2015-09-11_06-00-00_unit07.wav,2659.03,2659.18,NEG,NEG,UNK,NEG,NEG,UNK
2015-09-11_06-00-00_unit07.wav,2659.521,2659.671,NEG,NEG,NEG,NEG,NEG,NEG
2015-09-11_06-00-00_unit07.wav,2660.411,2660.561,NEG,NEG,UNK,NEG,NEG,UNK
2015-09-11_06-00-00_unit07.wav,2660.979,2661.129,NEG,NEG,UNK,NEG,NEG,UNK
2015-09-11_06-00-00_unit07.wav,2664.407,2664.557,NEG,POS,NEG,NEG,NEG,NEG
2015-09-11_06-00-00_unit07.wav,2666.299,2666.449,NEG,NEG,UNK,NEG,NEG,UNK
2015-09-11_06-00-00_unit07.wav,2667.527,2667.677,NEG,NEG,UNK,NEG,NEG,UNK
2015-09-11_06-00-00_unit07.wav,2668.144,2668.294,POS,NEG,NEG,NEG,NEG,NEG
2015-09-11_06-00-00_unit07.wav,2669.615,2669.765,NEG,NEG,UNK,NEG,NEG,UNK
2015-09-11_06-00-00_unit07.wav,2669.89,2670.04,UNK,UNK,UNK,UNK,UNK,UNK
2015-09-11_06-00-00_unit07.wav,2673.386,2673.536,NEG,NEG,NEG,NEG,NEG,POS
2015-09-11_06-00-00_unit07.wav,2674.629,2674.779,UNK,UNK,UNK,UNK,UNK,UNK
2015-09-11_06-00-00_unit07.wav,2675.691,2675.841,NEG,NEG,UNK,NEG,NEG,UNK
2015-09-11_06-00-00_unit07.wav,2675.757,2675.907,UNK,UNK,UNK,UNK,UNK,UNK
2015-09-11_06-00-00_unit07.wav,2675.893,2676.043,NEG,NEG,UNK,NEG,NEG,UNK
2015-09-11_06-00-00_unit07.wav,2677.565,2677.715,NEG,NEG,NEG,NEG,NEG,POS
2015-09-11_06-00-00_unit07.wav,2678.396,2678.546,NEG,NEG,UNK,NEG,NEG,UNK
2015-09-11_06-00-00_unit07.wav,2681.227,2681.377,NEG,NEG,NEG,NEG,NEG,POS
2015-09-11_06-00-00_unit07.wav,2684.32,2684.47,NEG,NEG,UNK,NEG,NEG,UNK
2015-09-11_06-00-00_unit07.wav,2687.605,2687.755,NEG,NEG,UNK,NEG,NEG,UNK
2015-09-11_06-00-00_unit07.wav,2689.074,2689.224,NEG,NEG,NEG,NEG,NEG,POS
2015-09-11_06-00-00_unit07.wav,2690.329,2690.479,NEG,NEG,NEG,NEG,NEG,NEG
2015-09-11_06-00-00_unit07.wav,2692.563,2692.713,UNK,UNK,UNK,UNK,UNK,UNK
2015-09-11_06-00-00_unit07.wav,2714.485,2714.635,NEG,NEG,UNK,NEG,NEG,UNK
2015-09-11_06-00-00_unit07.wav,2715.198,2715.348,NEG,POS,NEG,NEG,NEG,NEG
2015-09-11_06-00-00_unit07.wav,2718.435,2718.585,UNK,UNK,UNK,UNK,UNK,UNK
2015-09-11_06-00-00_unit07.wav,2720.971,2721.121,NEG,NEG,UNK,NEG,NEG,UNK
2015-09-11_06-00-00_unit07.wav,2722.196,2722.346,NEG,NEG,NEG,NEG,NEG,NEG
2015-09-11_06-00-00_unit07.wav,2731.461,2731.611,NEG,NEG,NEG,NEG,POS,NEG
2015-09-11_06-00-00_unit07.wav,2732.893,2733.043,UNK,UNK,NEG,UNK,NEG,NEG
2015-09-11_06-00-00_unit07.wav,2733.163,2733.313,NEG,NEG,UNK,NEG,NEG,UNK
2015-09-11_06-00-00_unit07.wav,2733.68,2733.83,UNK,UNK,UNK,UNK,UNK,UNK
2015-09-11_06-00-00_unit07.wav,2734.625,2734.775,UNK,UNK,UNK,UNK,UNK,UNK
2015-09-11_06-00-00_unit07.wav,2735.654,2735.804,NEG,NEG,NEG,NEG,POS,NEG
2015-09-11_06-00-00_unit07.wav,2736.827,2736.977,NEG,NEG,NEG,NEG,NEG,POS
2015-09-11_06-00-00_unit07.wav,2739.302,2739.452,NEG,NEG,UNK,NEG,NEG,UNK
2015-09-11_06-00-00_unit07.wav,2740.483,2740.633,NEG,NEG,UNK,NEG,NEG,UNK
2015-09-11_06-00-00_unit07.wav,2743.721,2743.871,NEG,NEG,NEG,NEG,NEG,NEG
2015-09-11_06-00-00_unit07.wav,2744.601,2744.751,NEG,NEG,UNK,NEG,NEG,UNK
2015-09-11_06-00-00_unit07.wav,2747.275,2747.425,NEG,NEG,NEG,NEG,NEG,NEG
2015-09-11_06-00-00_unit07.wav,2749.78,2749.93,NEG,NEG,UNK,NEG,NEG,UNK
2015-09-11_06-00-00_unit07.wav,2750.067,2750.217,NEG,NEG,UNK,NEG,NEG,UNK
2015-09-11_06-00-00_unit07.wav,2750.718,2750.868,NEG,NEG,UNK,NEG,NEG,UNK
2015-09-11_06-00-00_unit07.wav,2751.763,2751.913,NEG,NEG,NEG,NEG,NEG,NEG
2015-09-11_06-00-00_unit07.wav,2754.69,2754.84,NEG,NEG,NEG,NEG,NEG,POS
2015-09-11_06-00-00_unit07.wav,2755.254,2755.404,NEG,NEG,NEG,NEG,NEG,POS
2015-09-11_06-00-00_unit07.wav,2760.903,2761.053,NEG,NEG,NEG,NEG,NEG,POS
2015-09-11_06-00-00_unit07.wav,2762.341,2762.491,NEG,NEG,NEG,NEG,NEG,POS
2015-09-11_06-00-00_unit07.wav,2764.136,2764.286,NEG,NEG,UNK,NEG,NEG,UNK
2015-09-11_06-00-00_unit07.wav,2764.181,2764.331,NEG,NEG,NEG,NEG,NEG,POS
2015-09-11_06-00-00_unit07.wav,2765.101,2765.251,NEG,NEG,NEG,NEG,NEG,NEG
2015-09-11_06-00-00_unit07.wav,2767.222,2767.372,NEG,NEG,NEG,NEG,POS,NEG
2015-09-11_06-00-00_unit07.wav,2769.874,2770.024,NEG,NEG,NEG,NEG,NEG,NEG
2015-09-11_06-00-00_unit07.wav,2773.422,2773.572,NEG,NEG,NEG,NEG,NEG,POS
2015-09-11_06-00-00_unit07.wav,2773.534,2773.684,NEG,NEG,POS,NEG,NEG,NEG
2015-09-11_06-00-00_unit07.wav,2777.541,2777.691,NEG,NEG,UNK,NEG,NEG,UNK
2015-09-11_06-00-00_unit07.wav,2780.703,2780.853,NEG,NEG,NEG,NEG,NEG,NEG
2015-09-11_06-00-00_unit07.wav,2780.756,2780.906,NEG,NEG,UNK,NEG,NEG,UNK
2015-09-11_06-00-00_unit07.wav,2783.236,2783.386,UNK,UNK,UNK,UNK,UNK,UNK
2015-09-11_06-00-00_unit07.wav,2786.963,2787.113,NEG,NEG,UNK,NEG,NEG,UNK
2015-09-11_06-00-00_unit07.wav,2788.21,2788.36,NEG,NEG,UNK,NEG,NEG,UNK
2015-09-11_06-00-00_unit07.wav,2790.156,2790.306,NEG,NEG,POS,NEG,NEG,NEG
2015-09-11_06-00-00_unit07.wav,2791.304,2791.454,NEG,NEG,POS,NEG,NEG,NEG
2015-09-11_06-00-00_unit07.wav,2795.06,2795.21,NEG,NEG,UNK,NEG,NEG,UNK
2015-09-11_06-00-00_unit07.wav,2795.452,2795.602,NEG,NEG,NEG,NEG,NEG,POS
2015-09-11_06-00-00_unit07.wav,2802.708,2802.858,NEG,NEG,NEG,NEG,NEG,NEG
2015-09-11_06-00-00_unit07.wav,2822.506,2822.656,NEG,NEG,UNK,NEG,NEG,UNK
2015-09-11_06-00-00_unit07.wav,2824.749,2824.899,NEG,NEG,UNK,NEG,NEG,UNK
2015-09-11_06-00-00_unit07.wav,2826.426,2826.576,NEG,NEG,UNK,NEG,NEG,UNK
2015-09-11_06-00-00_unit07.wav,2826.967,2827.117,NEG,NEG,UNK,NEG,NEG,UNK
2015-09-11_06-00-00_unit07.wav,2830.03,2830.18,UNK,UNK,UNK,UNK,UNK,UNK
2015-09-11_06-00-00_unit07.wav,2831.532,2831.682,NEG,NEG,UNK,NEG,NEG,UNK
2015-09-11_06-00-00_unit07.wav,2832.45,2832.6,NEG,NEG,NEG,POS,NEG,NEG
2015-09-11_06-00-00_unit07.wav,2832.474,2832.624,NEG,NEG,UNK,NEG,NEG,UNK
2015-09-11_06-00-00_unit07.wav,2836.605,2836.755,NEG,NEG,NEG,NEG,NEG,POS
2015-09-11_06-00-00_unit07.wav,2837.663,2837.813,UNK,UNK,UNK,UNK,UNK,UNK
2015-09-11_06-00-00_unit07.wav,2841.032,2841.182,NEG,NEG,UNK,NEG,NEG,UNK
2015-09-11_06-00-00_unit07.wav,2841.164,2841.314,NEG,NEG,UNK,NEG,NEG,UNK
2015-09-11_06-00-00_unit07.wav,2843.483,2843.633,NEG,NEG,NEG,NEG,NEG,POS
2015-09-11_06-00-00_unit07.wav,2845.612,2845.762,UNK,UNK,UNK,UNK,UNK,UNK
2015-09-11_06-00-00_unit07.wav,2852.525,2852.675,NEG,NEG,NEG,NEG,NEG,POS
2015-09-11_06-00-00_unit07.wav,2853.66,2853.81,UNK,UNK,UNK,UNK,UNK,UNK
2015-09-11_06-00-00_unit07.wav,2861.85,2862.0,NEG,NEG,UNK,NEG,NEG,UNK
2015-09-11_06-00-00_unit07.wav,2874.23,2874.38,UNK,UNK,UNK,UNK,UNK,UNK
2015-09-11_06-00-00_unit07.wav,2874.76,2874.91,NEG,NEG,UNK,NEG,NEG,UNK
2015-09-11_06-00-00_unit07.wav,2875.155,2875.305,NEG,NEG,NEG,NEG,NEG,POS
2015-09-11_06-00-00_unit07.wav,2878.621,2878.771,NEG,NEG,UNK,NEG,NEG,UNK
2015-09-11_06-00-00_unit07.wav,2885.433,2885.583,NEG,NEG,NEG,NEG,POS,NEG
2015-09-11_06-00-00_unit07.wav,2886.039,2886.189,UNK,UNK,UNK,UNK,UNK,UNK
2015-09-11_06-00-00_unit07.wav,2888.531,2888.681,UNK,UNK,UNK,UNK,UNK,UNK
2015-09-11_06-00-00_unit07.wav,2889.082,2889.232,NEG,NEG,NEG,NEG,NEG,POS
2015-09-11_06-00-00_unit07.wav,2890.836,2890.986,NEG,NEG,UNK,NEG,NEG,UNK
2015-09-11_06-00-00_unit07.wav,2898.466,2898.616,NEG,NEG,NEG,NEG,POS,NEG
2015-09-11_06-00-00_unit07.wav,2900.843,2900.993,NEG,NEG,UNK,NEG,NEG,UNK
2015-09-11_06-00-00_unit07.wav,2902.051,2902.201,NEG,NEG,NEG,POS,NEG,NEG
2015-09-11_06-00-00_unit07.wav,2903.024,2903.174,NEG,NEG,UNK,NEG,NEG,UNK
2015-09-11_06-00-00_unit07.wav,2904.324,2904.474,NEG,NEG,UNK,NEG,NEG,UNK
2015-09-11_06-00-00_unit07.wav,2906.376,2906.526,UNK,UNK,UNK,UNK,UNK,UNK
2015-09-11_06-00-00_unit07.wav,2915.732,2915.882,NEG,NEG,UNK,NEG,NEG,UNK
2015-09-11_06-00-00_unit07.wav,2917.669,2917.819,UNK,UNK,UNK,UNK,UNK,UNK
2015-09-11_06-00-00_unit07.wav,2917.947,2918.097,NEG,NEG,NEG,NEG,NEG,NEG
2015-09-11_06-00-00_unit07.wav,2918.767,2918.917,NEG,NEG,UNK,NEG,NEG,UNK
2015-09-11_06-00-00_unit07.wav,2921.357,2921.507,NEG,NEG,NEG,NEG,NEG,POS
2015-09-11_06-00-00_unit07.wav,2926.083,2926.233,NEG,NEG,UNK,NEG,NEG,UNK
2015-09-11_06-00-00_unit07.wav,2928.994,2929.144,NEG,NEG,NEG,NEG,NEG,NEG
2015-09-11_06-00-00_unit07.wav,2932.661,2932.811,NEG,NEG,NEG,NEG,NEG,NEG
2015-09-11_06-00-00_unit07.wav,2939.367,2939.517,NEG,NEG,UNK,NEG,NEG,UNK
2015-09-11_06-00-00_unit07.wav,2942.945,2943.095,NEG,NEG,UNK,NEG,NEG,UNK
2015-09-11_06-00-00_unit07.wav,2954.339,2954.489,UNK,UNK,UNK,UNK,UNK,UNK
2015-09-11_06-00-00_unit07.wav,2956.815,2956.965,UNK,UNK,UNK,UNK,UNK,UNK
2015-09-11_06-00-00_unit07.wav,2959.737,2959.887,UNK,UNK,UNK,UNK,UNK,UNK
2015-09-11_06-00-00_unit07.wav,2960.361,2960.511,NEG,POS,NEG,NEG,NEG,NEG
2015-09-11_06-00-00_unit07.wav,2963.53,2963.68,NEG,NEG,NEG,NEG,NEG,NEG
2015-09-11_06-00-00_unit07.wav,2965.157,2965.307,NEG,NEG,NEG,NEG,NEG,POS
2015-09-11_06-00-00_unit07.wav,2966.373,2966.523,NEG,POS,NEG,NEG,NEG,NEG
2015-09-11_06-00-00_unit07.wav,2968.425,2968.575,NEG,NEG,UNK,NEG,NEG,UNK
2015-09-11_06-00-00_unit07.wav,2968.901,2969.051,NEG,NEG,UNK,NEG,NEG,UNK
2015-09-11_06-00-00_unit07.wav,2969.691,2969.841,NEG,NEG,UNK,NEG,NEG,UNK
2015-09-11_06-00-00_unit07.wav,2971.453,2971.603,NEG,NEG,UNK,NEG,NEG,UNK
2015-09-11_06-00-00_unit07.wav,2971.506,2971.656,NEG,NEG,UNK,NEG,NEG,UNK
2015-09-11_06-00-00_unit07.wav,2973.36,2973.51,UNK,UNK,UNK,UNK,UNK,UNK
2015-09-11_06-00-00_unit07.wav,2973.792,2973.942,NEG,NEG,NEG,NEG,NEG,NEG
2015-09-11_06-00-00_unit07.wav,2976.282,2976.432,UNK,UNK,UNK,UNK,UNK,UNK
2015-09-11_06-00-00_unit07.wav,2977.904,2978.054,NEG,NEG,NEG,NEG,NEG,NEG
2015-09-11_06-00-00_unit07.wav,2984.389,2984.539,NEG,NEG,UNK,NEG,NEG,UNK
2015-09-11_06-00-00_unit07.wav,2985.622,2985.772,UNK,UNK,UNK,UNK,UNK,UNK
2015-09-11_06-00-00_unit07.wav,2993.434,2993.584,NEG,NEG,NEG,NEG,NEG,NEG
2015-09-11_06-00-00_unit07.wav,3013.305,3013.455,NEG,NEG,NEG,POS,NEG,NEG
2015-09-11_06-00-00_unit07.wav,3019.671,3019.821,UNK,UNK,UNK,UNK,UNK,UNK
2015-09-11_06-00-00_unit07.wav,3058.406,3058.556,UNK,UNK,UNK,UNK,UNK,UNK
2015-09-11_06-00-00_unit07.wav,3060.657,3060.807,UNK,UNK,UNK,UNK,UNK,UNK
2015-09-11_06-00-00_unit07.wav,3061.573,3061.723,NEG,NEG,UNK,NEG,NEG,UNK
2015-09-11_06-00-00_unit07.wav,3063.808,3063.958,UNK,UNK,UNK,UNK,UNK,UNK
2015-09-11_06-00-00_unit07.wav,3083.565,3083.715,NEG,NEG,NEG,NEG,NEG,POS
2015-09-11_06-00-00_unit07.wav,3085.338,3085.488,NEG,NEG,UNK,NEG,NEG,UNK
2015-09-11_06-00-00_unit07.wav,3087.821,3087.971,NEG,NEG,UNK,NEG,NEG,UNK
2015-09-11_06-00-00_unit07.wav,3092.446,3092.596,NEG,NEG,NEG,NEG,NEG,POS
2015-09-11_06-00-00_unit07.wav,3096.478,3096.628,NEG,NEG,NEG,NEG,NEG,POS
2015-09-11_06-00-00_unit07.wav,3099.723,3099.873,NEG,NEG,UNK,NEG,NEG,UNK
2015-09-11_06-00-00_unit07.wav,3100.135,3100.285,NEG,NEG,NEG,NEG,NEG,POS
2015-09-11_06-00-00_unit07.wav,3103.541,3103.691,NEG,NEG,UNK,NEG,NEG,UNK
2015-09-11_06-00-00_unit07.wav,3105.932,3106.082,NEG,NEG,UNK,NEG,NEG,UNK
2015-09-11_06-00-00_unit07.wav,3106.343,3106.493,NEG,NEG,NEG,NEG,NEG,POS
2015-09-11_06-00-00_unit07.wav,3108.56,3108.71,NEG,NEG,UNK,NEG,NEG,UNK
2015-09-11_06-00-00_unit07.wav,3110.404,3110.554,NEG,NEG,UNK,NEG,NEG,UNK
2015-09-11_06-00-00_unit07.wav,3123.147,3123.297,NEG,NEG,UNK,NEG,NEG,UNK
2015-09-11_06-00-00_unit07.wav,3125.857,3126.007,UNK,UNK,UNK,UNK,UNK,UNK
2015-09-11_06-00-00_unit07.wav,3126.94,3127.09,NEG,NEG,UNK,NEG,NEG,UNK
2015-09-11_06-00-00_unit07.wav,3129.639,3129.789,NEG,NEG,NEG,NEG,NEG,POS
2015-09-11_06-00-00_unit07.wav,3130.043,3130.193,NEG,NEG,NEG,POS,NEG,NEG
2015-09-11_06-00-00_unit07.wav,3130.863,3131.013,NEG,NEG,NEG,NEG,NEG,POS
2015-09-11_06-00-00_unit07.wav,3132.438,3132.588,NEG,NEG,NEG,NEG,NEG,POS
2015-09-11_06-00-00_unit07.wav,3133.174,3133.324,NEG,NEG,NEG,NEG,NEG,POS
2015-09-11_06-00-00_unit07.wav,3135.012,3135.162,NEG,NEG,NEG,POS,NEG,NEG
2015-09-11_06-00-00_unit07.wav,3136.592,3136.742,NEG,NEG,UNK,NEG,NEG,UNK
2015-09-11_06-00-00_unit07.wav,3138.003,3138.153,NEG,NEG,UNK,NEG,NEG,UNK
2015-09-11_06-00-00_unit07.wav,3145.246,3145.396,NEG,NEG,NEG,NEG,NEG,POS
2015-09-11_06-00-00_unit07.wav,3147.883,3148.033,NEG,NEG,NEG,NEG,NEG,POS
2015-09-11_06-00-00_unit07.wav,3149.458,3149.608,NEG,NEG,UNK,NEG,NEG,UNK
2015-09-11_06-00-00_unit07.wav,3155.534,3155.684,NEG,NEG,UNK,NEG,NEG,UNK
2015-09-11_06-00-00_unit07.wav,3202.106,3202.256,UNK,UNK,NEG,UNK,NEG,NEG
2015-09-11_06-00-00_unit07.wav,3202.587,3202.737,NEG,NEG,UNK,NEG,NEG,UNK
2015-09-11_06-00-00_unit07.wav,3204.261,3204.411,UNK,UNK,NEG,UNK,NEG,NEG
2015-09-11_06-00-00_unit07.wav,3204.417,3204.567,NEG,NEG,UNK,NEG,NEG,UNK
2015-09-11_06-00-00_unit07.wav,3252.202,3252.352,UNK,UNK,UNK,UNK,UNK,UNK
2015-09-11_06-00-00_unit07.wav,3255.149,3255.299,NEG,NEG,UNK,NEG,NEG,UNK
2015-09-11_06-00-00_unit07.wav,3258.61,3258.76,UNK,UNK,UNK,UNK,UNK,UNK
2015-09-11_06-00-00_unit07.wav,3279.714,3279.864,NEG,NEG,UNK,NEG,NEG,UNK
2015-09-11_06-00-00_unit07.wav,3283.272,3283.422,UNK,UNK,UNK,UNK,UNK,UNK
2015-09-11_06-00-00_unit07.wav,3301.202,3301.352,NEG,NEG,UNK,NEG,NEG,UNK
2015-09-11_06-00-00_unit07.wav,3306.799,3306.949,NEG,POS,NEG,NEG,NEG,NEG
2015-09-11_06-00-00_unit07.wav,3307.777,3307.927,NEG,NEG,NEG,NEG,NEG,POS
2015-09-11_06-00-00_unit07.wav,3308.717,3308.867,NEG,NEG,UNK,NEG,NEG,UNK
2015-09-11_06-00-00_unit07.wav,3310.803,3310.953,NEG,NEG,NEG,NEG,NEG,NEG
2015-09-11_06-00-00_unit07.wav,3349.691,3349.841,NEG,NEG,NEG,NEG,NEG,POS
2015-09-11_06-00-00_unit07.wav,3350.941,3351.091,NEG,NEG,UNK,NEG,NEG,UNK
2015-09-11_06-00-00_unit07.wav,3353.775,3353.925,NEG,NEG,NEG,NEG,NEG,NEG
2015-09-11_06-00-00_unit07.wav,3372.288,3372.438,NEG,NEG,NEG,NEG,NEG,POS
2015-09-11_06-00-00_unit07.wav,3555.625,3555.775,NEG,NEG,NEG,NEG,NEG,POS
2015-09-11_06-00-00_unit07.wav,3555.758,3555.908,NEG,NEG,NEG,NEG,NEG,POS
2015-09-11_06-00-00_unit07.wav,3558.997,3559.147,NEG,NEG,NEG,POS,NEG,NEG
2015-09-11_06-00-00_unit07.wav,3579.096,3579.246,NEG,NEG,UNK,NEG,NEG,UNK
2015-09-11_06-00-00_unit07.wav,3580.913,3581.063,UNK,UNK,UNK,UNK,UNK,UNK
2015-09-11_06-00-00_unit07.wav,3587.116,3587.266,UNK,UNK,UNK,UNK,UNK,UNK
2015-09-11_06-00-00_unit07.wav,3588.122,3588.272,UNK,UNK,UNK,UNK,UNK,UNK
2015-09-11_06-00-00_unit07.wav,3590.57,3590.72,NEG,NEG,UNK,NEG,NEG,UNK
2015-09-11_06-00-00_unit07.wav,3595.523,3595.673,NEG,NEG,UNK,NEG,NEG,UNK
2015-09-11_06-00-00_unit07.wav,3595.573,3595.723,NEG,NEG,UNK,NEG,NEG,UNK
2015-09-11_06-00-00_unit07.wav,3599.502,3599.652,UNK,UNK,UNK,UNK,UNK,UNK
2015-09-11_06-00-00_unit07.wav,3600.537,3600.687,UNK,UNK,UNK,UNK,UNK,UNK
2015-09-11_06-00-00_unit07.wav,3602.891,3603.041,NEG,NEG,UNK,NEG,NEG,UNK
2015-09-11_06-00-00_unit07.wav,3604.582,3604.732,NEG,POS,NEG,NEG,NEG,NEG
2015-09-11_06-00-00_unit07.wav,3605.498,3605.648,NEG,NEG,NEG,NEG,NEG,NEG
2015-09-11_06-00-00_unit07.wav,3609.333,3609.483,NEG,NEG,NEG,NEG,POS,NEG
2015-09-11_06-00-00_unit07.wav,3613.955,3614.105,NEG,POS,NEG,NEG,NEG,NEG
2015-09-11_06-00-00_unit07.wav,3648.466,3648.616,UNK,UNK,UNK,UNK,UNK,UNK
2015-09-11_06-00-00_unit07.wav,3648.872,3649.022,UNK,UNK,UNK,UNK,UNK,UNK
2015-09-11_06-00-00_unit07.wav,3650.983,3651.133,UNK,UNK,UNK,UNK,UNK,UNK
2015-09-11_06-00-00_unit07.wav,3651.467,3651.617,UNK,UNK,UNK,UNK,UNK,UNK
2015-09-11_06-00-00_unit07.wav,3651.547,3651.697,NEG,NEG,UNK,NEG,NEG,UNK
2015-09-11_06-00-00_unit07.wav,3653.154,3653.304,NEG,NEG,UNK,NEG,NEG,UNK
2015-09-11_06-00-00_unit07.wav,3655.172,3655.322,UNK,UNK,UNK,UNK,UNK,UNK
2015-09-11_06-00-00_unit07.wav,3657.577,3657.727,NEG,NEG,UNK,NEG,NEG,UNK
2015-09-11_06-00-00_unit07.wav,3658.728,3658.878,NEG,NEG,UNK,NEG,NEG,UNK
2015-09-11_06-00-00_unit07.wav,3659.109,3659.259,NEG,POS,NEG,NEG,NEG,NEG
2015-09-11_06-00-00_unit07.wav,3660.409,3660.559,UNK,UNK,UNK,UNK,UNK,UNK
2015-09-11_06-00-00_unit07.wav,3665.024,3665.174,UNK,UNK,UNK,UNK,UNK,UNK
2015-09-11_06-00-00_unit07.wav,3673.568,3673.718,UNK,UNK,UNK,UNK,UNK,UNK
2015-09-11_06-00-00_unit07.wav,3676.077,3676.227,UNK,UNK,UNK,UNK,UNK,UNK
2015-09-11_06-00-00_unit07.wav,3680.359,3680.509,NEG,NEG,NEG,POS,NEG,NEG
2015-09-11_06-00-00_unit07.wav,3686.687,3686.837,UNK,UNK,NEG,UNK,NEG,NEG
2015-09-11_06-00-00_unit07.wav,3687.405,3687.555,UNK,UNK,UNK,UNK,UNK,UNK
2015-09-11_06-00-00_unit07.wav,3689.876,3690.026,NEG,NEG,UNK,NEG,NEG,UNK
2015-09-11_06-00-00_unit07.wav,3723.51,3723.66,NEG,NEG,NEG,NEG,NEG,POS
2015-09-11_06-00-00_unit07.wav,3725.304,3725.454,UNK,UNK,UNK,UNK,UNK,UNK
2015-09-11_06-00-00_unit07.wav,3725.609,3725.759,NEG,NEG,UNK,NEG,NEG,UNK
2015-09-11_06-00-00_unit07.wav,3734.065,3734.215,UNK,UNK,UNK,UNK,UNK,UNK
2015-09-11_06-00-00_unit07.wav,3737.685,3737.835,NEG,NEG,NEG,NEG,NEG,POS
2015-09-11_06-00-00_unit07.wav,3741.684,3741.834,NEG,NEG,NEG,NEG,NEG,NEG
2015-09-11_06-00-00_unit07.wav,3793.635,3793.785,NEG,NEG,UNK,NEG,NEG,UNK
2015-09-11_06-00-00_unit07.wav,3816.579,3816.729,NEG,NEG,NEG,NEG,NEG,POS
2015-09-11_06-00-00_unit07.wav,3819.472,3819.622,UNK,UNK,UNK,UNK,UNK,UNK
2015-09-11_06-00-00_unit07.wav,3831.25,3831.4,NEG,NEG,NEG,NEG,NEG,POS
2015-09-11_06-00-00_unit07.wav,3833.63,3833.78,NEG,NEG,UNK,NEG,NEG,UNK
2015-09-11_06-00-00_unit07.wav,3909.748,3909.898,UNK,UNK,UNK,UNK,UNK,UNK
2015-09-11_06-00-00_unit07.wav,3911.06,3911.21,UNK,UNK,UNK,UNK,UNK,UNK
2015-09-11_06-00-00_unit07.wav,3912.306,3912.456,UNK,UNK,UNK,UNK,UNK,UNK
2015-09-11_06-00-00_unit07.wav,3915.016,3915.166,UNK,UNK,NEG,UNK,NEG,NEG
2015-09-11_06-00-00_unit07.wav,3932.629,3932.779,UNK,UNK,UNK,UNK,UNK,UNK
2015-09-11_06-00-00_unit07.wav,3934.318,3934.468,NEG,NEG,UNK,NEG,NEG,UNK
2015-09-11_06-00-00_unit07.wav,3998.663,3998.813,NEG,NEG,UNK,NEG,NEG,UNK
2015-09-11_06-00-00_unit07.wav,3999.008,3999.158,NEG,NEG,NEG,NEG,POS,NEG
2015-09-11_06-00-00_unit07.wav,4001.941,4002.091,NEG,NEG,UNK,NEG,NEG,UNK
2015-09-11_06-00-00_unit07.wav,4002.289,4002.439,UNK,UNK,UNK,UNK,UNK,UNK
2015-09-11_06-00-00_unit07.wav,4019.994,4020.144,UNK,UNK,UNK,UNK,UNK,UNK
2015-09-11_06-00-00_unit07.wav,4032.038,4032.188,UNK,UNK,UNK,UNK,UNK,UNK
2015-09-11_06-00-00_unit07.wav,4036.067,4036.217,NEG,POS,NEG,NEG,NEG,NEG
2015-09-11_06-00-00_unit07.wav,4037.678,4037.828,UNK,UNK,UNK,UNK,UNK,UNK
2015-09-11_06-00-00_unit07.wav,4040.166,4040.316,NEG,POS,NEG,NEG,NEG,NEG
2015-09-11_06-00-00_unit07.wav,4040.17,4040.32,UNK,UNK,UNK,UNK,UNK,UNK
2015-09-11_06-00-00_unit07.wav,4089.098,4089.248,NEG,NEG,NEG,POS,NEG,NEG
2015-09-11_06-00-00_unit07.wav,4096.47,4096.62,UNK,UNK,UNK,UNK,UNK,UNK
2015-09-11_06-00-00_unit07.wav,4097.185,4097.335,UNK,UNK,UNK,UNK,UNK,UNK
2015-09-11_06-00-00_unit07.wav,4097.593,4097.743,UNK,UNK,UNK,UNK,UNK,UNK
2015-09-11_06-00-00_unit07.wav,4099.612,4099.762,NEG,POS,NEG,NEG,NEG,NEG
2015-09-11_06-00-00_unit07.wav,4110.732,4110.882,UNK,UNK,UNK,UNK,UNK,UNK
2015-09-11_06-00-00_unit07.wav,4131.789,4131.939,NEG,NEG,NEG,NEG,NEG,POS
2015-09-11_06-00-00_unit07.wav,4133.097,4133.247,NEG,NEG,NEG,NEG,NEG,POS
2015-09-11_06-00-00_unit07.wav,4133.701,4133.851,NEG,NEG,NEG,NEG,NEG,POS
2015-09-11_06-00-00_unit07.wav,4135.347,4135.497,NEG,NEG,NEG,POS,NEG,NEG
2015-09-11_06-00-00_unit07.wav,4139.249,4139.399,NEG,NEG,NEG,NEG,NEG,POS
2015-09-11_06-00-00_unit07.wav,4158.073,4158.223,NEG,NEG,NEG,NEG,NEG,POS
2015-09-11_06-00-00_unit07.wav,4177.211,4177.361,NEG,POS,NEG,NEG,NEG,NEG
2015-09-11_06-00-00_unit07.wav,4179.153,4179.303,NEG,NEG,NEG,NEG,NEG,POS
2015-09-11_06-00-00_unit07.wav,4181.333,4181.483,NEG,NEG,UNK,NEG,NEG,UNK
2015-09-11_06-00-00_unit07.wav,4191.767,4191.917,NEG,NEG,UNK,NEG,NEG,UNK
2015-09-11_06-00-00_unit07.wav,4192.619,4192.769,UNK,UNK,UNK,UNK,UNK,UNK
2015-09-11_06-00-00_unit07.wav,4197.833,4197.983,NEG,NEG,UNK,NEG,NEG,UNK
2015-09-11_06-00-00_unit07.wav,4200.288,4200.438,NEG,NEG,UNK,NEG,NEG,UNK
2015-09-11_06-00-00_unit07.wav,4200.623,4200.773,NEG,NEG,UNK,NEG,NEG,UNK
2015-09-11_06-00-00_unit07.wav,4202.368,4202.518,UNK,UNK,UNK,UNK,UNK,UNK
2015-09-11_06-00-00_unit07.wav,4205.211,4205.361,NEG,NEG,NEG,NEG,NEG,POS
2015-09-11_06-00-00_unit07.wav,4211.817,4211.967,NEG,NEG,NEG,NEG,NEG,NEG
2015-09-11_06-00-00_unit07.wav,4216.205,4216.355,UNK,UNK,UNK,UNK,UNK,UNK
2015-09-11_06-00-00_unit07.wav,4231.829,4231.979,NEG,NEG,NEG,NEG,NEG,NEG
2015-09-11_06-00-00_unit07.wav,4263.881,4264.031,UNK,UNK,NEG,UNK,NEG,NEG
2015-09-11_06-00-00_unit07.wav,4265.684,4265.834,NEG,NEG,NEG,NEG,NEG,NEG
2015-09-11_06-00-00_unit07.wav,4275.023,4275.173,UNK,UNK,UNK,UNK,UNK,UNK
2015-09-11_06-00-00_unit07.wav,4278.216,4278.366,UNK,UNK,UNK,UNK,UNK,UNK
2015-09-11_06-00-00_unit07.wav,4285.46,4285.61,UNK,UNK,NEG,UNK,NEG,NEG
2015-09-11_06-00-00_unit07.wav,4288.348,4288.498,NEG,NEG,NEG,NEG,NEG,POS
2015-09-11_06-00-00_unit07.wav,4288.592,4288.742,NEG,POS,NEG,NEG,NEG,NEG
2015-09-11_06-00-00_unit07.wav,4288.922,4289.072,UNK,UNK,UNK,UNK,UNK,UNK
2015-09-11_06-00-00_unit07.wav,4289.415,4289.565,UNK,UNK,NEG,UNK,NEG,NEG
2015-09-11_06-00-00_unit07.wav,4291.279,4291.429,NEG,NEG,NEG,NEG,NEG,NEG
2015-09-11_06-00-00_unit07.wav,4291.804,4291.954,UNK,UNK,NEG,UNK,NEG,NEG
2015-09-11_06-00-00_unit07.wav,4295.629,4295.779,NEG,POS,NEG,NEG,NEG,NEG
2015-09-11_06-00-00_unit07.wav,4303.317,4303.467,NEG,POS,NEG,NEG,NEG,NEG
2015-09-11_06-00-00_unit07.wav,4329.773,4329.923,NEG,NEG,NEG,NEG,NEG,POS
2015-09-11_06-00-00_unit07.wav,4332.714,4332.864,NEG,NEG,NEG,NEG,NEG,POS
2015-09-11_06-00-00_unit07.wav,4416.634,4416.784,NEG,NEG,UNK,NEG,NEG,UNK
2015-09-11_06-00-00_unit07.wav,4417.59,4417.74,NEG,NEG,NEG,NEG,POS,NEG
2015-09-11_06-00-00_unit07.wav,4421.223,4421.373,NEG,NEG,UNK,NEG,NEG,UNK
2015-09-11_06-00-00_unit07.wav,4421.95,4422.1,NEG,NEG,UNK,NEG,NEG,UNK
2015-09-11_06-00-00_unit07.wav,4425.487,4425.637,NEG,NEG,NEG,NEG,POS,NEG
2015-09-11_06-00-00_unit07.wav,4427.022,4427.172,NEG,NEG,UNK,NEG,NEG,UNK
2015-09-11_06-00-00_unit07.wav,4427.088,4427.238,NEG,NEG,UNK,NEG,NEG,UNK
2015-09-11_06-00-00_unit07.wav,4427.594,4427.744,UNK,UNK,NEG,UNK,NEG,NEG
2015-09-11_06-00-00_unit07.wav,4430.91,4431.06,UNK,UNK,UNK,UNK,UNK,UNK
2015-09-11_06-00-00_unit07.wav,4430.949,4431.099,NEG,NEG,UNK,NEG,NEG,UNK
2015-09-11_06-00-00_unit07.wav,4433.543,4433.693,UNK,UNK,UNK,UNK,UNK,UNK
2015-09-11_06-00-00_unit07.wav,4438.731,4438.881,NEG,NEG,NEG,NEG,NEG,POS
2015-09-11_06-00-00_unit07.wav,4438.996,4439.146,NEG,NEG,NEG,NEG,NEG,POS
2015-09-11_06-00-00_unit07.wav,4441.024,4441.174,UNK,UNK,NEG,UNK,NEG,NEG
2015-09-11_06-00-00_unit07.wav,4442.56,4442.71,UNK,UNK,UNK,UNK,UNK,UNK
2015-09-11_06-00-00_unit07.wav,4456.854,4457.004,NEG,NEG,NEG,NEG,NEG,POS
2015-09-11_06-00-00_unit07.wav,4459.541,4459.691,NEG,NEG,NEG,NEG,NEG,POS
2015-09-11_06-00-00_unit07.wav,4461.093,4461.243,NEG,NEG,POS,NEG,NEG,NEG
2015-09-11_06-00-00_unit07.wav,4461.749,4461.899,NEG,NEG,NEG,NEG,NEG,POS
2015-09-11_06-00-00_unit07.wav,4465.466,4465.616,NEG,NEG,NEG,NEG,NEG,POS
2015-09-11_06-00-00_unit07.wav,4557.504,4557.654,NEG,NEG,NEG,NEG,NEG,NEG
2015-09-11_06-00-00_unit07.wav,4613.895,4614.045,NEG,NEG,NEG,NEG,POS,NEG
2015-09-11_06-00-00_unit07.wav,4700.739,4700.889,NEG,NEG,NEG,POS,NEG,NEG
2015-09-11_06-00-00_unit07.wav,4701.117,4701.267,NEG,NEG,NEG,NEG,NEG,NEG
2015-09-11_06-00-00_unit07.wav,4705.245,4705.395,NEG,NEG,NEG,POS,NEG,NEG
2015-09-11_06-00-00_unit07.wav,4709.922,4710.072,NEG,NEG,NEG,NEG,NEG,POS
2015-09-11_06-00-00_unit07.wav,4711.848,4711.998,NEG,NEG,UNK,NEG,NEG,UNK
2015-09-11_06-00-00_unit07.wav,4715.414,4715.564,NEG,NEG,POS,NEG,NEG,NEG
2015-09-11_06-00-00_unit07.wav,4718.204,4718.354,NEG,NEG,NEG,NEG,POS,NEG
2015-09-11_06-00-00_unit07.wav,4720.035,4720.185,NEG,NEG,NEG,NEG,NEG,NEG
2015-09-11_06-00-00_unit07.wav,4722.236,4722.386,NEG,NEG,NEG,NEG,NEG,POS
2015-09-11_06-00-00_unit07.wav,4725.595,4725.745,NEG,NEG,UNK,NEG,NEG,UNK
2015-09-11_06-00-00_unit07.wav,4726.588,4726.738,NEG,NEG,NEG,NEG,NEG,POS
2015-09-11_06-00-00_unit07.wav,4727.16,4727.31,NEG,NEG,UNK,NEG,NEG,UNK
2015-09-11_06-00-00_unit07.wav,4733.597,4733.747,NEG,NEG,POS,NEG,NEG,NEG
2015-09-11_06-00-00_unit07.wav,4746.157,4746.307,POS,NEG,NEG,NEG,NEG,NEG
2015-09-11_06-00-00_unit07.wav,4754.255,4754.405,UNK,UNK,UNK,UNK,UNK,UNK
2015-09-11_06-00-00_unit07.wav,4758.557,4758.707,NEG,POS,NEG,NEG,NEG,NEG
2015-09-11_06-00-00_unit07.wav,4763.32,4763.47,UNK,UNK,UNK,UNK,UNK,UNK
2015-09-11_06-00-00_unit07.wav,4769.169,4769.319,UNK,UNK,UNK,UNK,UNK,UNK
2015-09-11_06-00-00_unit07.wav,4771.645,4771.795,NEG,NEG,NEG,NEG,NEG,NEG
2015-09-11_06-00-00_unit07.wav,4772.223,4772.373,NEG,NEG,NEG,NEG,NEG,POS
2015-09-11_06-00-00_unit07.wav,4772.939,4773.089,UNK,UNK,UNK,UNK,UNK,UNK
2015-09-11_06-00-00_unit07.wav,4774.087,4774.237,NEG,NEG,UNK,NEG,NEG,UNK
2015-09-11_06-00-00_unit07.wav,4774.813,4774.963,NEG,NEG,UNK,NEG,NEG,UNK
2015-09-11_06-00-00_unit07.wav,4778.69,4778.84,UNK,UNK,UNK,UNK,UNK,UNK
2015-09-11_06-00-00_unit07.wav,4784.272,4784.422,NEG,NEG,NEG,NEG,NEG,POS
2015-09-11_06-00-00_unit07.wav,4787.008,4787.158,NEG,NEG,NEG,NEG,NEG,POS
2015-09-11_06-00-00_unit07.wav,4788.778,4788.928,UNK,UNK,UNK,UNK,UNK,UNK
2015-09-11_06-00-00_unit07.wav,4792.724,4792.874,UNK,UNK,UNK,UNK,UNK,UNK
2015-09-11_06-00-00_unit07.wav,4793.776,4793.926,UNK,UNK,UNK,UNK,UNK,UNK
2015-09-11_06-00-00_unit07.wav,4793.975,4794.125,NEG,NEG,UNK,NEG,NEG,UNK
2015-09-11_06-00-00_unit07.wav,4802.984,4803.134,NEG,NEG,UNK,NEG,NEG,UNK
2015-09-11_06-00-00_unit07.wav,4804.671,4804.821,NEG,NEG,UNK,NEG,NEG,UNK
2015-09-11_06-00-00_unit07.wav,4805.812,4805.962,NEG,NEG,NEG,NEG,NEG,POS
2015-09-11_06-00-00_unit07.wav,4809.806,4809.956,NEG,NEG,NEG,NEG,POS,NEG
2015-09-11_06-00-00_unit07.wav,4810.141,4810.291,UNK,UNK,NEG,UNK,NEG,NEG
2015-09-11_06-00-00_unit07.wav,4810.978,4811.128,NEG,NEG,UNK,NEG,NEG,UNK
2015-09-11_06-00-00_unit07.wav,4812.908,4813.058,UNK,UNK,UNK,UNK,UNK,UNK
2015-09-11_06-00-00_unit07.wav,4814.791,4814.941,NEG,NEG,NEG,NEG,POS,NEG
2015-09-11_06-00-00_unit07.wav,4819.028,4819.178,NEG,NEG,NEG,NEG,NEG,NEG
2015-09-11_06-00-00_unit07.wav,4849.027,4849.177,NEG,NEG,NEG,NEG,NEG,NEG
2015-09-11_06-00-00_unit07.wav,4849.533,4849.683,NEG,NEG,NEG,NEG,NEG,POS
2015-09-11_06-00-00_unit07.wav,4853.579,4853.729,UNK,UNK,UNK,UNK,UNK,UNK
2015-09-11_06-00-00_unit07.wav,4853.683,4853.833,NEG,NEG,NEG,NEG,NEG,POS
2015-09-11_06-00-00_unit07.wav,4857.372,4857.522,UNK,UNK,UNK,UNK,UNK,UNK
2015-09-11_06-00-00_unit07.wav,4904.513,4904.663,NEG,NEG,POS,NEG,NEG,NEG
2015-09-11_06-00-00_unit07.wav,4906.782,4906.932,NEG,NEG,NEG,NEG,NEG,POS
2015-09-11_06-00-00_unit07.wav,4908.176,4908.326,NEG,NEG,NEG,NEG,NEG,POS
2015-09-11_06-00-00_unit07.wav,4909.789,4909.939,UNK,UNK,NEG,UNK,NEG,NEG
2015-09-11_06-00-00_unit07.wav,4913.02,4913.17,NEG,NEG,NEG,NEG,NEG,POS
2015-09-11_06-00-00_unit07.wav,4930.624,4930.774,NEG,NEG,NEG,NEG,NEG,POS
2015-09-11_06-00-00_unit07.wav,4931.347,4931.497,NEG,NEG,UNK,NEG,NEG,UNK
2015-09-11_06-00-00_unit07.wav,4933.013,4933.163,NEG,NEG,UNK,NEG,NEG,UNK
2015-09-11_06-00-00_unit07.wav,4933.952,4934.102,NEG,NEG,NEG,POS,NEG,NEG
2015-09-11_06-00-00_unit07.wav,4934.631,4934.781,UNK,UNK,UNK,UNK,UNK,UNK
2015-09-11_06-00-00_unit07.wav,4937.305,4937.455,NEG,NEG,POS,NEG,NEG,NEG
2015-09-11_06-00-00_unit07.wav,4963.242,4963.392,UNK,UNK,UNK,UNK,UNK,UNK
2015-09-11_06-00-00_unit07.wav,4966.745,4966.895,NEG,NEG,UNK,NEG,NEG,UNK
2015-09-11_06-00-00_unit07.wav,4967.676,4967.826,NEG,NEG,NEG,NEG,POS,NEG
2015-09-11_06-00-00_unit07.wav,4974.401,4974.551,NEG,NEG,UNK,NEG,NEG,UNK
2015-09-11_06-00-00_unit07.wav,4976.568,4976.718,NEG,NEG,NEG,NEG,NEG,POS
2015-09-11_06-00-00_unit07.wav,4979.846,4979.996,NEG,NEG,NEG,NEG,NEG,POS
2015-09-11_06-00-00_unit07.wav,4981.786,4981.936,NEG,NEG,NEG,NEG,NEG,POS
2015-09-11_06-00-00_unit07.wav,4982.982,4983.132,NEG,NEG,NEG,NEG,POS,NEG
2015-09-11_06-00-00_unit07.wav,4990.902,4991.052,NEG,NEG,UNK,NEG,NEG,UNK
2015-09-11_06-00-00_unit07.wav,4991.629,4991.779,NEG,NEG,NEG,NEG,NEG,POS
2015-09-11_06-00-00_unit07.wav,4991.736,4991.886,NEG,NEG,NEG,NEG,NEG,POS
2015-09-11_06-00-00_unit07.wav,4994.366,4994.516,NEG,NEG,UNK,NEG,NEG,UNK
2015-09-11_06-00-00_unit07.wav,4997.81,4997.96,NEG,NEG,NEG,NEG,NEG,POS
2015-09-11_06-00-00_unit07.wav,4998.602,4998.752,NEG,NEG,UNK,NEG,NEG,UNK
2015-09-11_06-00-00_unit07.wav,5000.119,5000.269,NEG,NEG,UNK,NEG,NEG,UNK
2015-09-11_06-00-00_unit07.wav,5010.489,5010.639,NEG,NEG,NEG,NEG,NEG,POS
2015-09-11_06-00-00_unit07.wav,5012.857,5013.007,NEG,NEG,NEG,NEG,POS,NEG
2015-09-11_06-00-00_unit07.wav,5014.858,5015.008,NEG,NEG,NEG,NEG,POS,NEG
2015-09-11_06-00-00_unit07.wav,5016.229,5016.379,NEG,NEG,NEG,NEG,NEG,POS
2015-09-11_06-00-00_unit07.wav,5020.294,5020.444,POS,NEG,NEG,NEG,NEG,NEG
2015-09-11_06-00-00_unit07.wav,5030.469,5030.619,NEG,NEG,NEG,POS,NEG,NEG
2015-09-11_06-00-00_unit07.wav,5060.84,5060.99,UNK,UNK,UNK,UNK,UNK,UNK
2015-09-11_06-00-00_unit07.wav,5061.705,5061.855,UNK,UNK,UNK,UNK,UNK,UNK
2015-09-11_06-00-00_unit07.wav,5061.852,5062.002,NEG,NEG,NEG,NEG,NEG,POS
2015-09-11_06-00-00_unit07.wav,5063.817,5063.967,NEG,NEG,NEG,NEG,NEG,NEG
2015-09-11_06-00-00_unit07.wav,5075.959,5076.109,UNK,UNK,UNK,UNK,UNK,UNK
2015-09-11_06-00-00_unit07.wav,5079.636,5079.786,NEG,NEG,NEG,NEG,NEG,POS
2015-09-11_06-00-00_unit07.wav,5079.645,5079.795,UNK,UNK,UNK,UNK,UNK,UNK
2015-09-11_06-00-00_unit07.wav,5081.244,5081.394,NEG,NEG,NEG,NEG,NEG,POS
2015-09-11_06-00-00_unit07.wav,5084.592,5084.742,NEG,NEG,NEG,NEG,NEG,POS
2015-09-11_06-00-00_unit07.wav,5095.782,5095.932,NEG,NEG,NEG,NEG,NEG,POS
2015-09-11_06-00-00_unit07.wav,5100.938,5101.088,UNK,UNK,UNK,UNK,UNK,UNK
2015-09-11_06-00-00_unit07.wav,5102.039,5102.189,NEG,NEG,NEG,NEG,POS,NEG
2015-09-11_06-00-00_unit07.wav,5104.045,5104.195,UNK,UNK,UNK,UNK,UNK,UNK
2015-09-11_06-00-00_unit07.wav,5106.232,5106.382,UNK,UNK,UNK,UNK,UNK,UNK
2015-09-11_06-00-00_unit07.wav,5126.335,5126.485,NEG,NEG,NEG,NEG,POS,NEG
2015-09-11_06-00-00_unit07.wav,5136.737,5136.887,NEG,NEG,NEG,NEG,NEG,POS
2015-09-11_06-00-00_unit07.wav,5139.285,5139.435,NEG,NEG,NEG,NEG,POS,NEG
2015-09-11_06-00-00_unit07.wav,5139.661,5139.811,UNK,UNK,UNK,UNK,UNK,UNK
2015-09-11_06-00-00_unit07.wav,5140.973,5141.123,UNK,UNK,UNK,UNK,UNK,UNK
2015-09-11_06-00-00_unit07.wav,5151.262,5151.412,NEG,NEG,NEG,NEG,NEG,NEG
2015-09-11_06-00-00_unit07.wav,5158.529,5158.679,NEG,NEG,NEG,NEG,NEG,POS
2015-09-11_06-00-00_unit07.wav,5158.726,5158.876,UNK,UNK,UNK,UNK,UNK,UNK
2015-09-11_06-00-00_unit07.wav,5163.879,5164.029,NEG,NEG,NEG,NEG,NEG,POS
2015-09-11_06-00-00_unit07.wav,5205.627,5205.777,UNK,UNK,UNK,UNK,UNK,UNK
2015-09-11_06-00-00_unit07.wav,5282.999,5283.149,NEG,NEG,NEG,NEG,NEG,NEG
2015-09-11_06-00-00_unit07.wav,5287.419,5287.569,UNK,UNK,UNK,UNK,UNK,UNK
2015-09-11_06-00-00_unit07.wav,5340.21,5340.36,UNK,UNK,UNK,UNK,UNK,UNK
2015-09-11_06-00-00_unit07.wav,5344.124,5344.274,NEG,NEG,NEG,NEG,NEG,POS
2015-09-11_06-00-00_unit07.wav,5350.957,5351.107,NEG,NEG,NEG,NEG,NEG,POS
2015-09-11_06-00-00_unit07.wav,5351.285,5351.435,NEG,NEG,NEG,NEG,NEG,POS
2015-09-11_06-00-00_unit07.wav,5354.146,5354.296,NEG,NEG,NEG,NEG,POS,NEG
2015-09-11_06-00-00_unit07.wav,5358.71,5358.86,UNK,UNK,UNK,UNK,UNK,UNK
2015-09-11_06-00-00_unit07.wav,5362.047,5362.197,NEG,NEG,UNK,NEG,NEG,UNK
2015-09-11_06-00-00_unit07.wav,5362.253,5362.403,UNK,UNK,UNK,UNK,UNK,UNK
2015-09-11_06-00-00_unit07.wav,5363.458,5363.608,NEG,NEG,NEG,NEG,NEG,POS
2015-09-11_06-00-00_unit07.wav,5363.693,5363.843,NEG,NEG,UNK,NEG,NEG,UNK
2015-09-11_06-00-00_unit07.wav,5382.465,5382.615,NEG,NEG,NEG,POS,NEG,NEG
2015-09-11_06-00-00_unit07.wav,5425.379,5425.529,NEG,NEG,UNK,NEG,NEG,UNK
2015-09-11_06-00-00_unit07.wav,5447.859,5448.009,NEG,NEG,UNK,NEG,NEG,UNK
2015-09-11_06-00-00_unit07.wav,5449.898,5450.048,UNK,UNK,UNK,UNK,UNK,UNK
2015-09-11_06-00-00_unit07.wav,5450.77,5450.92,UNK,UNK,UNK,UNK,UNK,UNK
2015-09-11_06-00-00_unit07.wav,5455.52,5455.67,NEG,NEG,NEG,NEG,NEG,POS
2015-09-11_06-00-00_unit07.wav,5463.385,5463.535,NEG,NEG,NEG,NEG,NEG,NEG
2015-09-11_06-00-00_unit07.wav,5463.553,5463.703,NEG,NEG,NEG,NEG,NEG,NEG
2015-09-11_06-00-00_unit07.wav,5467.578,5467.728,NEG,NEG,NEG,NEG,NEG,POS
2015-09-11_06-00-00_unit07.wav,5467.71,5467.86,UNK,UNK,UNK,UNK,UNK,UNK
2015-09-11_06-00-00_unit07.wav,5467.91,5468.06,NEG,NEG,NEG,NEG,NEG,POS
2015-09-11_06-00-00_unit07.wav,5470.574,5470.724,NEG,NEG,UNK,NEG,NEG,UNK
2015-09-11_06-00-00_unit07.wav,5471.52,5471.67,NEG,NEG,UNK,NEG,NEG,UNK
2015-09-11_06-00-00_unit07.wav,5475.172,5475.322,NEG,NEG,NEG,NEG,NEG,NEG
2015-09-11_06-00-00_unit07.wav,5475.921,5476.071,NEG,NEG,NEG,NEG,POS,NEG
2015-09-11_06-00-00_unit07.wav,5476.284,5476.434,NEG,NEG,NEG,NEG,NEG,NEG
2015-09-11_06-00-00_unit07.wav,5479.28,5479.43,UNK,UNK,UNK,UNK,UNK,UNK
2015-09-11_06-00-00_unit07.wav,5486.064,5486.214,NEG,NEG,UNK,NEG,NEG,UNK
2015-09-11_06-00-00_unit07.wav,5488.98,5489.13,NEG,NEG,UNK,NEG,NEG,UNK
2015-09-11_06-00-00_unit07.wav,5493.44,5493.59,NEG,NEG,UNK,NEG,NEG,UNK
2015-09-11_06-00-00_unit07.wav,5494.262,5494.412,NEG,NEG,UNK,NEG,NEG,UNK
2015-09-11_06-00-00_unit07.wav,5496.54,5496.69,NEG,NEG,UNK,NEG,NEG,UNK
2015-09-11_06-00-00_unit07.wav,5496.831,5496.981,UNK,UNK,UNK,UNK,UNK,UNK
2015-09-11_06-00-00_unit07.wav,5511.745,5511.895,NEG,NEG,UNK,NEG,NEG,UNK
2015-09-11_06-00-00_unit07.wav,5515.558,5515.708,NEG,NEG,NEG,NEG,NEG,NEG
2015-09-11_06-00-00_unit07.wav,5534.765,5534.915,NEG,NEG,NEG,NEG,NEG,POS
2015-09-11_06-00-00_unit07.wav,5538.383,5538.533,UNK,UNK,UNK,UNK,UNK,UNK
2015-09-11_06-00-00_unit07.wav,5598.232,5598.382,NEG,NEG,NEG,NEG,NEG,POS
2015-09-11_06-00-00_unit07.wav,5669.693,5669.843,NEG,NEG,NEG,NEG,NEG,POS
2015-09-11_06-00-00_unit07.wav,5680.153,5680.303,NEG,NEG,NEG,NEG,NEG,POS
2015-09-11_06-00-00_unit07.wav,5687.695,5687.845,NEG,NEG,NEG,NEG,NEG,POS
2015-09-11_06-00-00_unit07.wav,5688.19,5688.34,UNK,UNK,UNK,UNK,UNK,UNK
2015-09-11_06-00-00_unit07.wav,5688.478,5688.628,NEG,NEG,NEG,NEG,NEG,POS
2015-09-11_06-00-00_unit07.wav,5688.815,5688.965,NEG,NEG,UNK,NEG,NEG,UNK
2015-09-11_06-00-00_unit07.wav,5691.3,5691.45,NEG,NEG,UNK,NEG,NEG,UNK
2015-09-11_06-00-00_unit07.wav,5692.298,5692.448,NEG,NEG,NEG,NEG,NEG,POS
2015-09-11_06-00-00_unit07.wav,5696.148,5696.298,NEG,NEG,NEG,NEG,NEG,POS
2015-09-11_06-00-00_unit07.wav,5696.568,5696.718,NEG,NEG,UNK,NEG,NEG,UNK
2015-09-11_06-00-00_unit07.wav,5698.597,5698.747,NEG,NEG,UNK,NEG,NEG,UNK
2015-09-11_06-00-00_unit07.wav,5732.184,5732.334,NEG,NEG,NEG,NEG,NEG,POS
2015-09-11_06-00-00_unit07.wav,5732.929,5733.079,UNK,UNK,UNK,UNK,UNK,UNK
2015-09-11_06-00-00_unit07.wav,5737.82,5737.97,NEG,NEG,UNK,NEG,NEG,UNK
2015-09-11_06-00-00_unit07.wav,5737.925,5738.075,NEG,NEG,NEG,NEG,NEG,NEG
2015-09-11_06-00-00_unit07.wav,5738.155,5738.305,NEG,NEG,UNK,NEG,NEG,UNK
2015-09-11_06-00-00_unit07.wav,5738.53,5738.68,NEG,NEG,UNK,NEG,NEG,UNK
2015-09-11_06-00-00_unit07.wav,5744.402,5744.552,NEG,NEG,UNK,NEG,NEG,UNK
2015-09-11_06-00-00_unit07.wav,5745.589,5745.739,NEG,NEG,NEG,NEG,NEG,NEG
2015-09-11_06-00-00_unit07.wav,5746.69,5746.84,NEG,NEG,NEG,NEG,NEG,NEG
2015-09-11_06-00-00_unit07.wav,5747.395,5747.545,NEG,NEG,NEG,NEG,POS,NEG
2015-09-11_06-00-00_unit07.wav,5769.317,5769.467,NEG,NEG,NEG,NEG,NEG,POS
2015-09-11_06-00-00_unit07.wav,5771.664,5771.814,NEG,NEG,NEG,NEG,NEG,POS
2015-09-11_06-00-00_unit07.wav,5773.509,5773.659,NEG,NEG,UNK,NEG,NEG,UNK
2015-09-11_06-00-00_unit07.wav,5779.264,5779.414,NEG,NEG,NEG,NEG,NEG,POS
2015-09-11_06-00-00_unit07.wav,5780.563,5780.713,NEG,NEG,UNK,NEG,NEG,UNK
2015-09-11_06-00-00_unit07.wav,5787.166,5787.316,NEG,NEG,NEG,NEG,NEG,NEG
2015-09-11_06-00-00_unit07.wav,5788.091,5788.241,UNK,UNK,NEG,UNK,NEG,NEG
2015-09-11_06-00-00_unit07.wav,5788.597,5788.747,NEG,NEG,UNK,NEG,NEG,UNK
2015-09-11_06-00-00_unit07.wav,5789.267,5789.417,NEG,NEG,NEG,NEG,NEG,NEG
2015-09-11_06-00-00_unit07.wav,5790.714,5790.864,NEG,NEG,NEG,NEG,POS,NEG
2015-09-11_06-00-00_unit07.wav,5796.253,5796.403,NEG,NEG,NEG,NEG,NEG,POS
2015-09-11_06-00-00_unit07.wav,5796.395,5796.545,NEG,NEG,NEG,NEG,NEG,POS
2015-09-11_06-00-00_unit07.wav,5799.048,5799.198,NEG,NEG,NEG,NEG,POS,NEG
2015-09-11_06-00-00_unit07.wav,5875.562,5875.712,NEG,NEG,NEG,NEG,NEG,NEG
2015-09-11_06-00-00_unit07.wav,5883.834,5883.984,NEG,NEG,NEG,NEG,NEG,POS
2015-09-11_06-00-00_unit07.wav,5888.28,5888.43,NEG,NEG,NEG,NEG,NEG,POS
2015-09-11_06-00-00_unit07.wav,5893.809,5893.959,NEG,NEG,NEG,NEG,NEG,NEG
2015-09-11_06-00-00_unit07.wav,5899.701,5899.851,NEG,NEG,UNK,NEG,NEG,UNK
2015-09-11_06-00-00_unit07.wav,5899.813,5899.963,NEG,NEG,UNK,NEG,NEG,UNK
2015-09-11_06-00-00_unit07.wav,5925.181,5925.331,NEG,NEG,UNK,NEG,NEG,UNK
2015-09-11_06-00-00_unit07.wav,5925.866,5926.016,NEG,NEG,NEG,POS,NEG,NEG
2015-09-11_06-00-00_unit07.wav,5927.768,5927.918,NEG,NEG,UNK,NEG,NEG,UNK
2015-09-11_06-00-00_unit07.wav,5932.455,5932.605,NEG,NEG,NEG,NEG,NEG,POS
2015-09-11_06-00-00_unit07.wav,5935.558,5935.708,NEG,NEG,NEG,NEG,POS,NEG
2015-09-11_06-00-00_unit07.wav,5936.606,5936.756,NEG,NEG,UNK,NEG,NEG,UNK
2015-09-11_06-00-00_unit07.wav,5945.331,5945.481,NEG,NEG,UNK,NEG,NEG,UNK
2015-09-11_06-00-00_unit07.wav,5945.964,5946.114,NEG,NEG,UNK,NEG,NEG,UNK
2015-09-11_06-00-00_unit07.wav,5947.088,5947.238,NEG,NEG,UNK,NEG,NEG,UNK
2015-09-11_06-00-00_unit07.wav,5953.801,5953.951,NEG,NEG,UNK,NEG,NEG,UNK
2015-09-11_06-00-00_unit07.wav,5959.813,5959.963,NEG,NEG,UNK,NEG,NEG,UNK
2015-09-11_06-00-00_unit07.wav,5961.248,5961.398,NEG,NEG,UNK,NEG,NEG,UNK
2015-09-11_06-00-00_unit07.wav,5963.368,5963.518,UNK,UNK,UNK,UNK,UNK,UNK
2015-09-11_06-00-00_unit07.wav,5965.225,5965.375,NEG,NEG,UNK,NEG,NEG,UNK
2015-09-11_06-00-00_unit07.wav,5975.293,5975.443,NEG,NEG,UNK,NEG,NEG,UNK
2015-09-11_06-00-00_unit07.wav,5977.181,5977.331,POS,NEG,NEG,NEG,NEG,NEG
2015-09-11_06-00-00_unit07.wav,5981.365,5981.515,NEG,NEG,NEG,NEG,NEG,POS
2015-09-11_06-00-00_unit07.wav,5981.537,5981.687,UNK,UNK,UNK,UNK,UNK,UNK
2015-09-11_06-00-00_unit07.wav,5982.615,5982.765,NEG,NEG,UNK,NEG,NEG,UNK
2015-09-11_06-00-00_unit07.wav,5984.087,5984.237,NEG,NEG,UNK,NEG,NEG,UNK
2015-09-11_06-00-00_unit07.wav,5988.523,5988.673,NEG,NEG,UNK,NEG,NEG,UNK
2015-09-11_06-00-00_unit07.wav,5989.562,5989.712,NEG,NEG,NEG,NEG,NEG,NEG
2015-09-11_06-00-00_unit07.wav,5991.714,5991.864,NEG,NEG,UNK,NEG,NEG,UNK
2015-09-11_06-00-00_unit07.wav,5994.38,5994.53,NEG,NEG,NEG,NEG,POS,NEG
2015-09-11_06-00-00_unit07.wav,5995.653,5995.803,NEG,NEG,UNK,NEG,NEG,UNK
2015-09-11_06-00-00_unit07.wav,5996.84,5996.99,NEG,NEG,UNK,NEG,NEG,UNK
2015-09-11_06-00-00_unit07.wav,5997.418,5997.568,UNK,UNK,UNK,UNK,UNK,UNK
2015-09-11_06-00-00_unit07.wav,5998.286,5998.436,UNK,UNK,UNK,UNK,UNK,UNK
2015-09-11_06-00-00_unit07.wav,6010.549,6010.699,NEG,NEG,NEG,NEG,NEG,POS
2015-09-11_06-00-00_unit07.wav,6013.829,6013.979,NEG,NEG,NEG,NEG,NEG,POS
2015-09-11_06-00-00_unit07.wav,6017.999,6018.149,NEG,NEG,NEG,NEG,NEG,NEG
2015-09-11_06-00-00_unit07.wav,6018.583,6018.733,NEG,NEG,NEG,NEG,NEG,POS
2015-09-11_06-00-00_unit07.wav,6018.853,6019.003,NEG,NEG,UNK,NEG,NEG,UNK
2015-09-11_06-00-00_unit07.wav,6041.142,6041.292,UNK,UNK,UNK,UNK,UNK,UNK
2015-09-11_06-00-00_unit07.wav,6042.632,6042.782,NEG,NEG,NEG,NEG,NEG,POS
2015-09-11_06-00-00_unit07.wav,6090.171,6090.321,UNK,UNK,NEG,UNK,NEG,NEG
2015-09-11_06-00-00_unit07.wav,6091.116,6091.266,NEG,NEG,UNK,NEG,NEG,UNK
2015-09-11_06-00-00_unit07.wav,6093.181,6093.331,NEG,POS,NEG,NEG,NEG,NEG
2015-09-11_06-00-00_unit07.wav,6107.99,6108.14,NEG,NEG,UNK,NEG,NEG,UNK
2015-09-11_06-00-00_unit07.wav,6111.735,6111.885,NEG,NEG,NEG,NEG,NEG,POS
2015-09-11_06-00-00_unit07.wav,6115.63,6115.78,NEG,NEG,UNK,NEG,NEG,UNK
2015-09-11_06-00-00_unit07.wav,6120.459,6120.609,NEG,NEG,UNK,NEG,NEG,UNK
2015-09-11_06-00-00_unit07.wav,6120.81,6120.96,NEG,NEG,UNK,NEG,NEG,UNK
2015-09-11_06-00-00_unit07.wav,6186.802,6186.952,NEG,NEG,UNK,NEG,NEG,UNK
2015-09-11_06-00-00_unit07.wav,6192.816,6192.966,UNK,UNK,UNK,UNK,UNK,UNK
2015-09-11_06-00-00_unit07.wav,6196.155,6196.305,NEG,NEG,UNK,NEG,NEG,UNK
2015-09-11_06-00-00_unit07.wav,6206.719,6206.869,NEG,NEG,UNK,NEG,NEG,UNK
2015-09-11_06-00-00_unit07.wav,6209.755,6209.905,NEG,NEG,NEG,NEG,NEG,POS
2015-09-11_06-00-00_unit07.wav,6284.37,6284.52,UNK,UNK,UNK,UNK,UNK,UNK
2015-09-11_06-00-00_unit07.wav,6293.263,6293.413,NEG,NEG,UNK,NEG,NEG,UNK
2015-09-11_06-00-00_unit07.wav,6293.293,6293.443,NEG,NEG,UNK,NEG,NEG,UNK
2015-09-11_06-00-00_unit07.wav,6308.722,6308.872,NEG,NEG,UNK,NEG,NEG,UNK
2015-09-11_06-00-00_unit07.wav,6310.82,6310.97,NEG,NEG,UNK,NEG,NEG,UNK
2015-09-11_06-00-00_unit07.wav,6311.356,6311.506,NEG,NEG,UNK,NEG,NEG,UNK
2015-09-11_06-00-00_unit07.wav,6313.86,6314.01,NEG,NEG,UNK,NEG,NEG,UNK
2015-09-11_06-00-00_unit07.wav,6315.193,6315.343,NEG,NEG,UNK,NEG,NEG,UNK
2015-09-11_06-00-00_unit07.wav,6316.84,6316.99,NEG,NEG,NEG,NEG,NEG,NEG
2015-09-11_06-00-00_unit07.wav,6317.115,6317.265,NEG,NEG,NEG,NEG,NEG,POS
2015-09-11_06-00-00_unit07.wav,6317.439,6317.589,NEG,NEG,NEG,NEG,NEG,NEG
2015-09-11_06-00-00_unit07.wav,6332.238,6332.388,NEG,NEG,UNK,NEG,NEG,UNK
2015-09-11_06-00-00_unit07.wav,6335.6,6335.75,NEG,NEG,NEG,NEG,NEG,POS
2015-09-11_06-00-00_unit07.wav,6338.326,6338.476,NEG,NEG,UNK,NEG,NEG,UNK
2015-09-11_06-00-00_unit07.wav,6351.352,6351.502,NEG,POS,NEG,NEG,NEG,NEG
2015-09-11_06-00-00_unit07.wav,6353.753,6353.903,NEG,NEG,NEG,NEG,NEG,POS
2015-09-11_06-00-00_unit07.wav,6357.273,6357.423,UNK,UNK,UNK,UNK,UNK,UNK
2015-09-11_06-00-00_unit07.wav,6358.355,6358.505,NEG,NEG,NEG,NEG,NEG,NEG
2015-09-11_06-00-00_unit07.wav,6359.651,6359.801,NEG,NEG,NEG,NEG,NEG,POS
2015-09-11_06-00-00_unit07.wav,6363.9,6364.05,NEG,NEG,NEG,NEG,NEG,POS
2015-09-11_06-00-00_unit07.wav,6366.693,6366.843,UNK,UNK,UNK,UNK,UNK,UNK
2015-09-11_06-00-00_unit07.wav,6366.795,6366.945,NEG,NEG,NEG,NEG,NEG,NEG
2015-09-11_06-00-00_unit07.wav,6367.549,6367.699,NEG,NEG,UNK,NEG,NEG,UNK
2015-09-11_06-00-00_unit07.wav,6397.582,6397.732,UNK,UNK,UNK,UNK,UNK,UNK
2015-09-11_06-00-00_unit07.wav,6401.049,6401.199,UNK,UNK,NEG,UNK,NEG,NEG
2015-09-11_06-00-00_unit07.wav,6401.279,6401.429,NEG,NEG,NEG,NEG,NEG,POS
2015-09-11_06-00-00_unit07.wav,6411.515,6411.665,UNK,UNK,UNK,UNK,UNK,UNK
2015-09-11_06-00-00_unit07.wav,6413.847,6413.997,NEG,NEG,NEG,NEG,NEG,NEG
2015-09-11_06-00-00_unit07.wav,6475.201,6475.351,UNK,UNK,NEG,UNK,NEG,NEG
2015-09-11_06-00-00_unit07.wav,6521.038,6521.188,NEG,NEG,NEG,NEG,POS,NEG
2015-09-11_06-00-00_unit07.wav,6715.006,6715.156,UNK,UNK,UNK,UNK,UNK,UNK
2015-09-11_06-00-00_unit07.wav,6715.995,6716.145,NEG,NEG,NEG,NEG,NEG,POS
2015-09-11_06-00-00_unit07.wav,6718.6,6718.75,UNK,UNK,UNK,UNK,UNK,UNK
2015-09-11_06-00-00_unit07.wav,6718.794,6718.944,UNK,UNK,UNK,UNK,UNK,UNK
2015-09-11_06-00-00_unit07.wav,6753.759,6753.909,NEG,NEG,UNK,NEG,NEG,UNK
2015-09-11_06-00-00_unit07.wav,6756.253,6756.403,UNK,UNK,UNK,UNK,UNK,UNK
2015-09-11_06-00-00_unit07.wav,6757.497,6757.647,NEG,NEG,UNK,NEG,NEG,UNK
2015-09-11_06-00-00_unit07.wav,6758.12,6758.27,NEG,NEG,UNK,NEG,NEG,UNK
2015-09-11_06-00-00_unit07.wav,6759.104,6759.254,NEG,NEG,UNK,NEG,NEG,UNK
2015-09-11_06-00-00_unit07.wav,6770.413,6770.563,UNK,UNK,UNK,UNK,UNK,UNK
2015-09-11_06-00-00_unit07.wav,6771.75,6771.9,NEG,NEG,NEG,POS,NEG,NEG
2015-09-11_06-00-00_unit07.wav,6781.788,6781.938,NEG,NEG,NEG,NEG,NEG,NEG
2015-09-11_06-00-00_unit07.wav,6783.405,6783.555,NEG,NEG,NEG,POS,NEG,NEG
2015-09-11_06-00-00_unit07.wav,6785.535,6785.685,NEG,NEG,NEG,NEG,NEG,POS
2015-09-11_06-00-00_unit07.wav,6828.559,6828.709,NEG,POS,NEG,NEG,NEG,NEG
2015-09-11_06-00-00_unit07.wav,6829.541,6829.691,NEG,NEG,NEG,NEG,NEG,NEG
2015-09-11_06-00-00_unit07.wav,6831.279,6831.429,NEG,NEG,UNK,NEG,NEG,UNK
2015-09-11_06-00-00_unit07.wav,6837.353,6837.503,NEG,NEG,NEG,NEG,POS,NEG
2015-09-11_06-00-00_unit07.wav,6841.482,6841.632,NEG,NEG,NEG,NEG,NEG,NEG
2015-09-11_06-00-00_unit07.wav,6843.45,6843.6,UNK,UNK,NEG,UNK,NEG,NEG
2015-09-11_06-00-00_unit07.wav,6845.313,6845.463,NEG,NEG,NEG,NEG,POS,NEG
2015-09-11_06-00-00_unit07.wav,6850.82,6850.97,NEG,NEG,NEG,NEG,NEG,NEG
2015-09-11_06-00-00_unit07.wav,6855.034,6855.184,NEG,NEG,NEG,NEG,POS,NEG
2015-09-11_06-00-00_unit07.wav,6867.185,6867.335,NEG,NEG,NEG,NEG,NEG,NEG
2015-09-11_06-00-00_unit07.wav,6876.222,6876.372,NEG,NEG,NEG,NEG,NEG,NEG
2015-09-11_06-00-00_unit07.wav,6876.438,6876.588,NEG,POS,NEG,NEG,NEG,NEG
2015-09-11_06-00-00_unit07.wav,6893.369,6893.519,NEG,NEG,NEG,POS,NEG,NEG
2015-09-11_06-00-00_unit07.wav,6938.716,6938.866,NEG,NEG,UNK,NEG,NEG,UNK
2015-09-11_06-00-00_unit07.wav,6938.907,6939.057,UNK,UNK,NEG,UNK,NEG,NEG
2015-09-11_06-00-00_unit07.wav,6943.117,6943.267,UNK,UNK,UNK,UNK,UNK,UNK
2015-09-11_06-00-00_unit07.wav,7081.283,7081.433,NEG,NEG,NEG,NEG,NEG,POS
2015-09-11_06-00-00_unit07.wav,7083.002,7083.152,NEG,NEG,UNK,NEG,NEG,UNK
2015-09-11_06-00-00_unit07.wav,7094.934,7095.084,NEG,NEG,NEG,NEG,POS,NEG
2015-09-11_06-00-00_unit07.wav,7146.777,7146.927,NEG,POS,NEG,NEG,NEG,NEG
2015-09-11_06-00-00_unit07.wav,7147.623,7147.773,NEG,POS,NEG,NEG,NEG,NEG
2015-09-11_06-00-00_unit07.wav,7148.379,7148.529,NEG,NEG,NEG,POS,NEG,NEG
2015-09-11_06-00-00_unit07.wav,7152.978,7153.128,NEG,NEG,NEG,NEG,NEG,POS
2015-09-11_06-00-00_unit07.wav,7154.707,7154.857,UNK,UNK,UNK,UNK,UNK,UNK
2015-09-11_06-00-00_unit07.wav,7156.88,7157.03,UNK,UNK,UNK,UNK,UNK,UNK
2015-09-11_06-00-00_unit07.wav,7182.495,7182.645,UNK,UNK,NEG,UNK,NEG,NEG
2015-09-11_06-00-00_unit07.wav,7185.771,7185.921,NEG,NEG,NEG,NEG,NEG,POS
2015-09-11_06-00-00_unit07.wav,7197.591,7197.741,NEG,NEG,NEG,NEG,NEG,POS
