Audiofilename,Starttime,Endtime,c_1,c_2,c_3,c_4,c_5,c_6,c_7,c_8,c_9,c_10,c_11,c_12,c_13,c_14,c_15,c_16,c_17,c_18,c_19,c_20,c_21,c_22,c_23,c_24,c_25,c_26
XC129156.wav,0.41288800000000003,2.132388,NEG,NEG,NEG,NEG,NEG,NEG,NEG,NEG,NEG,NEG,NEG,NEG,NEG,NEG,NEG,NEG,NEG,NEG,NEG,NEG,NEG,POS,NEG,NEG,NEG,NEG
XC129156.wav,3.1724419999999998,4.034816999999999,NEG,NEG,NEG,NEG,NEG,NEG,NEG,NEG,NEG,NEG,NEG,NEG,NEG,NEG,NEG,NEG,NEG,NEG,NEG,NEG,NEG,POS,NEG,NEG,NEG,NEG
XC129156.wav,5.393674,6.266487000000001,NEG,NEG,NEG,NEG,NEG,NEG,NEG,NEG,NEG,NEG,NEG,NEG,NEG,NEG,NEG,NEG,NEG,NEG,NEG,NEG,NEG,POS,NEG,NEG,NEG,NEG
XC129156.wav,8.644513,9.909325,NEG,NEG,NEG,NEG,NEG,NEG,NEG,NEG,NEG,NEG,NEG,NEG,NEG,NEG,NEG,NEG,NEG,NEG,NEG,NEG,NEG,POS,NEG,NEG,NEG,NEG
XC129156.wav,11.785596,12.914503,NEG,NEG,NEG,NEG,NEG,NEG,NEG,NEG,NEG,NEG,NEG,NEG,NEG,NEG,NEG,NEG,NEG,NEG,NEG,NEG,NEG,POS,NEG,NEG,NEG,NEG
XC129156.wav,15.574757,16.593913,NEG,NEG,NEG,NEG,NEG,NEG,NEG,NEG,NEG,NEG,NEG,NEG,NEG,NEG,NEG,NEG,NEG,NEG,NEG,NEG,NEG,POS,NEG,NEG,NEG,NEG
XC129156.wav,19.217578,20.226297,NEG,NEG,NEG,NEG,NEG,NEG,NEG,NEG,NEG,NEG,NEG,NEG,NEG,NEG,NEG,NEG,NEG,NEG,NEG,NEG,NEG,POS,NEG,NEG,NEG,NEG
XC129156.wav,28.891696999999997,30.067666,NEG,NEG,NEG,NEG,NEG,NEG,NEG,NEG,NEG,NEG,NEG,NEG,NEG,NEG,NEG,NEG,NEG,NEG,NEG,NEG,NEG,POS,NEG,NEG,NEG,NEG
XC129156.wav,32.576329,33.679078999999994,NEG,NEG,NEG,NEG,NEG,NEG,NEG,NEG,NEG,NEG,NEG,NEG,NEG,NEG,NEG,NEG,NEG,NEG,NEG,NEG,NEG,POS,NEG,NEG,NEG,NEG
XC129156.wav,36.255734999999994,37.478704,NEG,NEG,NEG,NEG,NEG,NEG,NEG,NEG,NEG,NEG,NEG,NEG,NEG,NEG,NEG,NEG,NEG,NEG,NEG,NEG,NEG,POS,NEG,NEG,NEG,NEG
XC129156.wav,39.647687,40.619811999999996,NEG,NEG,NEG,NEG,NEG,NEG,NEG,NEG,NEG,NEG,NEG,NEG,NEG,NEG,NEG,NEG,NEG,NEG,NEG,NEG,NEG,POS,NEG,NEG,NEG,NEG
XC129156.wav,41.936863,42.94555,NEG,NEG,NEG,NEG,NEG,NEG,NEG,NEG,NEG,NEG,NEG,NEG,NEG,NEG,NEG,NEG,NEG,NEG,NEG,NEG,NEG,POS,NEG,NEG,NEG,NEG
XC129156.wav,43.896774,44.727774,NEG,NEG,NEG,NEG,NEG,NEG,NEG,NEG,NEG,NEG,NEG,NEG,NEG,NEG,NEG,NEG,NEG,NEG,NEG,NEG,NEG,POS,NEG,NEG,NEG,NEG
XC129156.wav,46.185949,47.341012,NEG,NEG,NEG,NEG,NEG,NEG,NEG,NEG,NEG,NEG,NEG,NEG,NEG,NEG,NEG,NEG,NEG,NEG,NEG,NEG,NEG,POS,NEG,NEG,NEG,NEG
XC129156.wav,48.987315,49.253877,NEG,NEG,NEG,NEG,NEG,NEG,NEG,NEG,NEG,NEG,NEG,NEG,NEG,NEG,NEG,NEG,NEG,NEG,NEG,NEG,NEG,POS,NEG,NEG,NEG,NEG
XC129156.wav,49.509958000000005,50.278239,NEG,NEG,NEG,NEG,NEG,NEG,NEG,NEG,NEG,NEG,NEG,NEG,NEG,NEG,NEG,NEG,NEG,NEG,NEG,NEG,NEG,POS,NEG,NEG,NEG,NEG
XC129156.wav,51.401925,52.238144,NEG,NEG,NEG,NEG,NEG,NEG,NEG,NEG,NEG,NEG,NEG,NEG,NEG,NEG,NEG,NEG,NEG,NEG,NEG,NEG,NEG,POS,NEG,NEG,NEG,NEG
XC129156.wav,54.89840600000001,55.96459300000001,NEG,NEG,NEG,NEG,NEG,NEG,NEG,NEG,NEG,NEG,NEG,NEG,NEG,NEG,NEG,NEG,NEG,NEG,NEG,NEG,NEG,POS,NEG,NEG,NEG,NEG
XC129156.wav,57.43845,58.682356000000006,NEG,NEG,NEG,NEG,NEG,NEG,NEG,NEG,NEG,NEG,NEG,NEG,NEG,NEG,NEG,NEG,NEG,NEG,NEG,NEG,NEG,POS,NEG,NEG,NEG,NEG
XC129156.wav,62.251991000000004,63.58995899999999,NEG,NEG,NEG,NEG,NEG,NEG,NEG,NEG,NEG,NEG,NEG,NEG,NEG,NEG,NEG,NEG,NEG,NEG,NEG,NEG,NEG,POS,NEG,NEG,NEG,NEG
XC129156.wav,65.241508,66.302477,NEG,NEG,NEG,NEG,NEG,NEG,NEG,NEG,NEG,NEG,NEG,NEG,NEG,NEG,NEG,NEG,NEG,NEG,NEG,NEG,NEG,POS,NEG,NEG,NEG,NEG
XC129156.wav,69.323349,71.163067,NEG,NEG,NEG,NEG,NEG,NEG,NEG,NEG,NEG,NEG,NEG,NEG,NEG,NEG,NEG,NEG,NEG,NEG,NEG,NEG,NEG,POS,NEG,NEG,NEG,NEG
XC129156.wav,72.239696,73.11250799999999,NEG,NEG,NEG,NEG,NEG,NEG,NEG,NEG,NEG,NEG,NEG,NEG,NEG,NEG,NEG,NEG,NEG,NEG,NEG,NEG,NEG,POS,NEG,NEG,NEG,NEG
XC129156.wav,75.746629,76.729192,NEG,NEG,NEG,NEG,NEG,NEG,NEG,NEG,NEG,NEG,NEG,NEG,NEG,NEG,NEG,NEG,NEG,NEG,NEG,NEG,NEG,POS,NEG,NEG,NEG,NEG
XC129156.wav,79.331959,80.46086600000001,NEG,NEG,NEG,NEG,NEG,NEG,NEG,NEG,NEG,NEG,NEG,NEG,NEG,NEG,NEG,NEG,NEG,NEG,NEG,NEG,NEG,POS,NEG,NEG,NEG,NEG
XC129156.wav,82.483496,83.08452700000001,NEG,NEG,NEG,NEG,NEG,NEG,NEG,NEG,NEG,NEG,NEG,NEG,NEG,NEG,NEG,NEG,NEG,NEG,NEG,NEG,NEG,POS,NEG,NEG,NEG,NEG
XC129156.wav,84.317972,84.99741,NEG,NEG,NEG,NEG,NEG,NEG,NEG,NEG,NEG,NEG,NEG,NEG,NEG,NEG,NEG,NEG,NEG,NEG,NEG,NEG,NEG,POS,NEG,NEG,NEG,NEG
XC129156.wav,86.147222,86.973003,NEG,NEG,NEG,NEG,NEG,NEG,NEG,NEG,NEG,NEG,NEG,NEG,NEG,NEG,NEG,NEG,NEG,NEG,NEG,NEG,NEG,POS,NEG,NEG,NEG,NEG
XC129156.wav,92.058313,93.01475,NEG,NEG,NEG,NEG,NEG,NEG,NEG,NEG,NEG,NEG,NEG,NEG,NEG,NEG,NEG,NEG,NEG,NEG,NEG,NEG,NEG,POS,NEG,NEG,NEG,NEG
XC129156.wav,94.253413,94.7656,NEG,NEG,NEG,NEG,NEG,NEG,NEG,NEG,NEG,NEG,NEG,NEG,NEG,NEG,NEG,NEG,NEG,NEG,NEG,NEG,NEG,POS,NEG,NEG,NEG,NEG
XC129156.wav,96.098342,96.725498,NEG,NEG,NEG,NEG,NEG,NEG,NEG,NEG,NEG,NEG,NEG,NEG,NEG,NEG,NEG,NEG,NEG,NEG,NEG,NEG,NEG,POS,NEG,NEG,NEG,NEG
XC129156.wav,99.819559,100.697591,NEG,NEG,NEG,NEG,NEG,NEG,NEG,NEG,NEG,NEG,NEG,NEG,NEG,NEG,NEG,NEG,NEG,NEG,NEG,NEG,NEG,POS,NEG,NEG,NEG,NEG
XC129156.wav,104.15226899999999,105.223675,NEG,NEG,NEG,NEG,NEG,NEG,NEG,NEG,NEG,NEG,NEG,NEG,NEG,NEG,NEG,NEG,NEG,NEG,NEG,NEG,NEG,POS,NEG,NEG,NEG,NEG
XC129156.wav,109.28984799999999,110.267192,NEG,NEG,NEG,NEG,NEG,NEG,NEG,NEG,NEG,NEG,NEG,NEG,NEG,NEG,NEG,NEG,NEG,NEG,NEG,NEG,NEG,POS,NEG,NEG,NEG,NEG
XC129156.wav,111.65742,112.43095100000001,NEG,NEG,NEG,NEG,NEG,NEG,NEG,NEG,NEG,NEG,NEG,NEG,NEG,NEG,NEG,NEG,NEG,NEG,NEG,NEG,NEG,POS,NEG,NEG,NEG,NEG
XC129156.wav,113.27238600000001,113.674824,NEG,NEG,NEG,NEG,NEG,NEG,NEG,NEG,NEG,NEG,NEG,NEG,NEG,NEG,NEG,NEG,NEG,NEG,NEG,NEG,NEG,POS,NEG,NEG,NEG,NEG
XC129156.wav,118.51972099999999,119.71656399999999,NEG,NEG,NEG,NEG,NEG,NEG,NEG,NEG,NEG,NEG,NEG,NEG,NEG,NEG,NEG,NEG,NEG,NEG,NEG,NEG,NEG,POS,NEG,NEG,NEG,NEG
XC129156.wav,126.693855,128.340199,NEG,NEG,NEG,NEG,NEG,NEG,NEG,NEG,NEG,NEG,NEG,NEG,NEG,NEG,NEG,NEG,NEG,NEG,NEG,NEG,NEG,POS,NEG,NEG,NEG,NEG
XC129156.wav,129.228673,129.892423,NEG,NEG,NEG,NEG,NEG,NEG,NEG,NEG,NEG,NEG,NEG,NEG,NEG,NEG,NEG,NEG,NEG,NEG,NEG,NEG,NEG,POS,NEG,NEG,NEG,NEG
XC129156.wav,130.85409199999998,131.64328,NEG,NEG,NEG,NEG,NEG,NEG,NEG,NEG,NEG,NEG,NEG,NEG,NEG,NEG,NEG,NEG,NEG,NEG,NEG,NEG,NEG,POS,NEG,NEG,NEG,NEG
XC129156.wav,135.87669,136.613628,NEG,NEG,NEG,NEG,NEG,NEG,NEG,NEG,NEG,NEG,NEG,NEG,NEG,NEG,NEG,NEG,NEG,NEG,NEG,NEG,NEG,POS,NEG,NEG,NEG,NEG
XC129156.wav,138.552621,139.36793400000002,NEG,NEG,NEG,NEG,NEG,NEG,NEG,NEG,NEG,NEG,NEG,NEG,NEG,NEG,NEG,NEG,NEG,NEG,NEG,NEG,NEG,POS,NEG,NEG,NEG,NEG
XC129156.wav,140.308701,140.90451399999998,NEG,NEG,NEG,NEG,NEG,NEG,NEG,NEG,NEG,NEG,NEG,NEG,NEG,NEG,NEG,NEG,NEG,NEG,NEG,NEG,NEG,POS,NEG,NEG,NEG,NEG
XC129156.wav,141.840045,142.263389,NEG,NEG,NEG,NEG,NEG,NEG,NEG,NEG,NEG,NEG,NEG,NEG,NEG,NEG,NEG,NEG,NEG,NEG,NEG,NEG,NEG,POS,NEG,NEG,NEG,NEG
XC129156.wav,144.834789,145.728507,NEG,NEG,NEG,NEG,NEG,NEG,NEG,NEG,NEG,NEG,NEG,NEG,NEG,NEG,NEG,NEG,NEG,NEG,NEG,NEG,NEG,POS,NEG,NEG,NEG,NEG
