Audiofilename,Starttime,Endtime,c_1,c_2,c_3,c_4,c_5,c_6,c_7,c_8,c_9,c_10,c_11,c_12,c_13,c_14,c_15,c_16,c_17,c_18,c_19,c_20,c_21,c_22,c_23,c_24,c_25,c_26
XC405096.wav,8.62,9.89,NEG,NEG,NEG,NEG,NEG,NEG,NEG,NEG,NEG,NEG,NEG,NEG,NEG,NEG,NEG,NEG,NEG,NEG,NEG,NEG,NEG,POS,NEG,NEG,NEG,NEG
XC405096.wav,15.23,16.76,NEG,NEG,NEG,NEG,NEG,NEG,NEG,NEG,NEG,NEG,NEG,NEG,NEG,NEG,NEG,NEG,NEG,NEG,NEG,NEG,NEG,POS,NEG,NEG,NEG,NEG
XC405096.wav,20.23,21.67,NEG,NEG,NEG,NEG,NEG,NEG,NEG,NEG,NEG,NEG,NEG,NEG,NEG,NEG,NEG,NEG,NEG,NEG,NEG,NEG,NEG,POS,NEG,NEG,NEG,NEG
XC405096.wav,24.25,25.56,NEG,NEG,NEG,NEG,NEG,NEG,NEG,NEG,NEG,NEG,NEG,NEG,NEG,NEG,NEG,NEG,NEG,NEG,NEG,NEG,NEG,POS,NEG,NEG,NEG,NEG
XC405096.wav,28.941308000000003,30.3,NEG,NEG,NEG,NEG,NEG,NEG,NEG,NEG,NEG,NEG,NEG,NEG,NEG,NEG,NEG,NEG,NEG,NEG,NEG,NEG,NEG,POS,NEG,NEG,NEG,NEG
XC405096.wav,37.95,39.76,NEG,NEG,NEG,NEG,NEG,NEG,NEG,NEG,NEG,NEG,NEG,NEG,NEG,NEG,NEG,NEG,NEG,NEG,NEG,NEG,NEG,POS,NEG,NEG,NEG,NEG
XC405096.wav,58.83,60.7,NEG,NEG,NEG,NEG,NEG,NEG,NEG,NEG,NEG,NEG,NEG,NEG,NEG,NEG,NEG,NEG,NEG,NEG,NEG,NEG,NEG,POS,NEG,NEG,NEG,NEG
XC405096.wav,70.78,72.159269,NEG,NEG,NEG,NEG,NEG,NEG,NEG,NEG,NEG,NEG,NEG,NEG,NEG,NEG,NEG,NEG,NEG,NEG,NEG,NEG,NEG,POS,NEG,NEG,NEG,NEG
XC405096.wav,77.32,79.04,NEG,NEG,NEG,NEG,NEG,NEG,NEG,NEG,NEG,NEG,NEG,NEG,NEG,NEG,NEG,NEG,NEG,NEG,NEG,NEG,NEG,POS,NEG,NEG,NEG,NEG
XC405096.wav,91.56,92.93,NEG,NEG,NEG,NEG,NEG,NEG,NEG,NEG,NEG,NEG,NEG,NEG,NEG,NEG,NEG,NEG,NEG,NEG,NEG,NEG,NEG,POS,NEG,NEG,NEG,NEG
XC405096.wav,98.13,99.44,NEG,NEG,NEG,NEG,NEG,NEG,NEG,NEG,NEG,NEG,NEG,NEG,NEG,NEG,NEG,NEG,NEG,NEG,NEG,NEG,NEG,POS,NEG,NEG,NEG,NEG
