Audiofilename,Starttime,Endtime,c_1,c_2,c_3,c_4,c_5,c_6,c_7,c_8,c_9,c_10,c_11,c_12,c_13,c_14,c_15,c_16,c_17,c_18,c_19,c_20,c_21,c_22,c_23,c_24,c_25,c_26
XC428706.wav,4.803634,5.034259,NEG,NEG,NEG,NEG,NEG,NEG,NEG,POS,NEG,NEG,NEG,NEG,NEG,NEG,NEG,NEG,NEG,NEG,NEG,NEG,NEG,NEG,NEG,NEG,NEG,NEG
XC428706.wav,6.625029,6.898633,NEG,NEG,NEG,NEG,NEG,NEG,NEG,POS,NEG,NEG,NEG,NEG,NEG,NEG,NEG,NEG,NEG,NEG,NEG,NEG,NEG,NEG,NEG,NEG,NEG,NEG
XC428706.wav,8.430789,8.673122,NEG,NEG,NEG,NEG,NEG,NEG,NEG,POS,NEG,NEG,NEG,NEG,NEG,NEG,NEG,NEG,NEG,NEG,NEG,NEG,NEG,NEG,NEG,NEG,NEG,NEG
XC428706.wav,10.15056,10.345977,NEG,NEG,NEG,NEG,NEG,NEG,NEG,POS,NEG,NEG,NEG,NEG,NEG,NEG,NEG,NEG,NEG,NEG,NEG,NEG,NEG,NEG,NEG,NEG,NEG,NEG
XC428706.wav,15.825806,16.220556,NEG,NEG,NEG,NEG,NEG,NEG,NEG,POS,NEG,NEG,NEG,NEG,NEG,NEG,NEG,NEG,NEG,NEG,NEG,NEG,NEG,NEG,NEG,NEG,NEG,NEG
XC428706.wav,17.232891,17.428307999999998,NEG,NEG,NEG,NEG,NEG,NEG,NEG,POS,NEG,NEG,NEG,NEG,NEG,NEG,NEG,NEG,NEG,NEG,NEG,NEG,NEG,NEG,NEG,NEG,NEG,NEG
XC428706.wav,18.045873999999998,18.280395000000002,NEG,NEG,NEG,NEG,NEG,NEG,NEG,POS,NEG,NEG,NEG,NEG,NEG,NEG,NEG,NEG,NEG,NEG,NEG,NEG,NEG,NEG,NEG,NEG,NEG,NEG
XC428706.wav,22.431291,22.673625,NEG,NEG,NEG,NEG,NEG,NEG,NEG,POS,NEG,NEG,NEG,NEG,NEG,NEG,NEG,NEG,NEG,NEG,NEG,NEG,NEG,NEG,NEG,NEG,NEG,NEG
XC428706.wav,24.147154,24.92105,NEG,NEG,NEG,NEG,NEG,NEG,NEG,POS,NEG,NEG,NEG,NEG,NEG,NEG,NEG,NEG,NEG,NEG,NEG,NEG,NEG,NEG,NEG,NEG,NEG,NEG
XC428706.wav,25.859109,26.249963,NEG,NEG,NEG,NEG,NEG,NEG,NEG,POS,NEG,NEG,NEG,NEG,NEG,NEG,NEG,NEG,NEG,NEG,NEG,NEG,NEG,NEG,NEG,NEG,NEG,NEG
XC428706.wav,28.219886,28.485657,NEG,NEG,NEG,NEG,NEG,NEG,NEG,POS,NEG,NEG,NEG,NEG,NEG,NEG,NEG,NEG,NEG,NEG,NEG,NEG,NEG,NEG,NEG,NEG,NEG,NEG
XC428706.wav,30.064731,30.353960999999998,NEG,NEG,NEG,NEG,NEG,NEG,NEG,POS,NEG,NEG,NEG,NEG,NEG,NEG,NEG,NEG,NEG,NEG,NEG,NEG,NEG,NEG,NEG,NEG,NEG,NEG
XC428706.wav,34.497051,34.84101,NEG,NEG,NEG,NEG,NEG,NEG,NEG,POS,NEG,NEG,NEG,NEG,NEG,NEG,NEG,NEG,NEG,NEG,NEG,NEG,NEG,NEG,NEG,NEG,NEG,NEG
XC428706.wav,37.53792,37.842795,NEG,NEG,NEG,NEG,NEG,NEG,NEG,POS,NEG,NEG,NEG,NEG,NEG,NEG,NEG,NEG,NEG,NEG,NEG,NEG,NEG,NEG,NEG,NEG,NEG,NEG
XC428706.wav,45.175269,46.246206,NEG,NEG,NEG,NEG,NEG,NEG,NEG,POS,NEG,NEG,NEG,NEG,NEG,NEG,NEG,NEG,NEG,NEG,NEG,NEG,NEG,NEG,NEG,NEG,NEG,NEG
XC428706.wav,51.663497,52.015268,NEG,NEG,NEG,NEG,NEG,NEG,NEG,POS,NEG,NEG,NEG,NEG,NEG,NEG,NEG,NEG,NEG,NEG,NEG,NEG,NEG,NEG,NEG,NEG,NEG,NEG
XC428706.wav,50.39712,50.858328,NEG,NEG,NEG,NEG,NEG,NEG,NEG,POS,NEG,NEG,NEG,NEG,NEG,NEG,NEG,NEG,NEG,NEG,NEG,NEG,NEG,NEG,NEG,NEG,NEG,NEG
XC428706.wav,53.422354000000006,53.73504200000001,NEG,NEG,NEG,NEG,NEG,NEG,NEG,POS,NEG,NEG,NEG,NEG,NEG,NEG,NEG,NEG,NEG,NEG,NEG,NEG,NEG,NEG,NEG,NEG,NEG,NEG
