Audiofilename,Starttime,Endtime,c_1,c_2,c_3,c_4,c_5,c_6,c_7,c_8,c_9,c_10,c_11,c_12,c_13,c_14,c_15,c_16,c_17,c_18,c_19,c_20,c_21,c_22,c_23,c_24,c_25,c_26
XC440361.wav,0.0,24.333197,POS,NEG,NEG,NEG,NEG,NEG,NEG,NEG,NEG,NEG,NEG,NEG,NEG,NEG,NEG,NEG,NEG,NEG,NEG,NEG,NEG,NEG,NEG,NEG,NEG,NEG
XC440361.wav,49.511035,84.502577,POS,NEG,NEG,NEG,NEG,NEG,NEG,NEG,NEG,NEG,NEG,NEG,NEG,NEG,NEG,NEG,NEG,NEG,NEG,NEG,NEG,NEG,NEG,NEG,NEG,NEG
XC440361.wav,89.811651,120.21809099999999,POS,NEG,NEG,NEG,NEG,NEG,NEG,NEG,NEG,NEG,NEG,NEG,NEG,NEG,NEG,NEG,NEG,NEG,NEG,NEG,NEG,NEG,NEG,NEG,NEG,NEG
XC440361.wav,132.646137,142.459857,POS,NEG,NEG,NEG,NEG,NEG,NEG,NEG,NEG,NEG,NEG,NEG,NEG,NEG,NEG,NEG,NEG,NEG,NEG,NEG,NEG,NEG,NEG,NEG,NEG,NEG
XC440361.wav,150.10169299999998,158.467475,POS,NEG,NEG,NEG,NEG,NEG,NEG,NEG,NEG,NEG,NEG,NEG,NEG,NEG,NEG,NEG,NEG,NEG,NEG,NEG,NEG,NEG,NEG,NEG,NEG,NEG
XC440361.wav,164.701616,176.888328,POS,NEG,NEG,NEG,NEG,NEG,NEG,NEG,NEG,NEG,NEG,NEG,NEG,NEG,NEG,NEG,NEG,NEG,NEG,NEG,NEG,NEG,NEG,NEG,NEG,NEG
XC440361.wav,182.358273,199.733375,POS,NEG,NEG,NEG,NEG,NEG,NEG,NEG,NEG,NEG,NEG,NEG,NEG,NEG,NEG,NEG,NEG,NEG,NEG,NEG,NEG,NEG,NEG,NEG,NEG,NEG
XC440361.wav,224.42857599999996,241.16016299999998,POS,NEG,NEG,NEG,NEG,NEG,NEG,NEG,NEG,NEG,NEG,NEG,NEG,NEG,NEG,NEG,NEG,NEG,NEG,NEG,NEG,NEG,NEG,NEG,NEG,NEG
XC440361.wav,345.410862,357.95954700000004,POS,NEG,NEG,NEG,NEG,NEG,NEG,NEG,NEG,NEG,NEG,NEG,NEG,NEG,NEG,NEG,NEG,NEG,NEG,NEG,NEG,NEG,NEG,NEG,NEG,NEG
XC440361.wav,248.07803900000002,268.349007,POS,NEG,NEG,NEG,NEG,NEG,NEG,NEG,NEG,NEG,NEG,NEG,NEG,NEG,NEG,NEG,NEG,NEG,NEG,NEG,NEG,NEG,NEG,NEG,NEG,NEG
XC440361.wav,289.223278,298.87611200000003,POS,NEG,NEG,NEG,NEG,NEG,NEG,NEG,NEG,NEG,NEG,NEG,NEG,NEG,NEG,NEG,NEG,NEG,NEG,NEG,NEG,NEG,NEG,NEG,NEG,NEG
XC440361.wav,372.358379,376.621713,POS,NEG,NEG,NEG,NEG,NEG,NEG,NEG,NEG,NEG,NEG,NEG,NEG,NEG,NEG,NEG,NEG,NEG,NEG,NEG,NEG,NEG,NEG,NEG,NEG,NEG
XC440361.wav,381.528579,384.98751400000003,POS,NEG,NEG,NEG,NEG,NEG,NEG,NEG,NEG,NEG,NEG,NEG,NEG,NEG,NEG,NEG,NEG,NEG,NEG,NEG,NEG,NEG,NEG,NEG,NEG,NEG
XC440361.wav,401.638667,424.081524,POS,NEG,NEG,NEG,NEG,NEG,NEG,NEG,NEG,NEG,NEG,NEG,NEG,NEG,NEG,NEG,NEG,NEG,NEG,NEG,NEG,NEG,NEG,NEG,NEG,NEG
XC440361.wav,441.215319,450.948584,POS,NEG,NEG,NEG,NEG,NEG,NEG,NEG,NEG,NEG,NEG,NEG,NEG,NEG,NEG,NEG,NEG,NEG,NEG,NEG,NEG,NEG,NEG,NEG,NEG,NEG
XC440361.wav,455.051059,477.091717,POS,NEG,NEG,NEG,NEG,NEG,NEG,NEG,NEG,NEG,NEG,NEG,NEG,NEG,NEG,NEG,NEG,NEG,NEG,NEG,NEG,NEG,NEG,NEG,NEG,NEG
