Audiofilename,Starttime,Endtime,c_1,c_2,c_3,c_4,c_5,c_6,c_7,c_8,c_9,c_10,c_11,c_12,c_13,c_14,c_15,c_16,c_17,c_18,c_19,c_20,c_21,c_22,c_23,c_24,c_25,c_26
XC448652.wav,0.46389600000000003,0.6705,NEG,NEG,NEG,NEG,NEG,NEG,NEG,NEG,NEG,NEG,NEG,NEG,POS,NEG,NEG,NEG,NEG,NEG,NEG,NEG,NEG,NEG,NEG,NEG,NEG,NEG
XC448652.wav,0.966775,1.411192,NEG,NEG,NEG,NEG,NEG,NEG,NEG,NEG,NEG,NEG,NEG,NEG,POS,NEG,NEG,NEG,NEG,NEG,NEG,NEG,NEG,NEG,NEG,NEG,NEG,NEG
XC448652.wav,1.964736,2.479319,NEG,NEG,NEG,NEG,NEG,NEG,NEG,NEG,NEG,NEG,NEG,NEG,POS,NEG,NEG,NEG,NEG,NEG,NEG,NEG,NEG,NEG,NEG,NEG,NEG,NEG
XC448652.wav,3.067951,3.372013,NEG,NEG,NEG,NEG,NEG,NEG,NEG,NEG,NEG,NEG,NEG,NEG,POS,NEG,NEG,NEG,NEG,NEG,NEG,NEG,NEG,NEG,NEG,NEG,NEG,NEG
XC448652.wav,3.746253,4.038628,NEG,NEG,NEG,NEG,NEG,NEG,NEG,NEG,NEG,NEG,NEG,NEG,POS,NEG,NEG,NEG,NEG,NEG,NEG,NEG,NEG,NEG,NEG,NEG,NEG,NEG
XC448652.wav,4.724722,4.935222,NEG,NEG,NEG,NEG,NEG,NEG,NEG,NEG,NEG,NEG,NEG,NEG,POS,NEG,NEG,NEG,NEG,NEG,NEG,NEG,NEG,NEG,NEG,NEG,NEG,NEG
XC448652.wav,5.672006,5.863027,NEG,NEG,NEG,NEG,NEG,NEG,NEG,NEG,NEG,NEG,NEG,NEG,POS,NEG,NEG,NEG,NEG,NEG,NEG,NEG,NEG,NEG,NEG,NEG,NEG,NEG
XC448652.wav,6.447765,6.658264999999999,NEG,NEG,NEG,NEG,NEG,NEG,NEG,NEG,NEG,NEG,NEG,NEG,POS,NEG,NEG,NEG,NEG,NEG,NEG,NEG,NEG,NEG,NEG,NEG,NEG,NEG
XC448652.wav,7.231319999999999,7.488612,NEG,NEG,NEG,NEG,NEG,NEG,NEG,NEG,NEG,NEG,NEG,NEG,POS,NEG,NEG,NEG,NEG,NEG,NEG,NEG,NEG,NEG,NEG,NEG,NEG,NEG
XC448652.wav,8.237078,8.400807,NEG,NEG,NEG,NEG,NEG,NEG,NEG,NEG,NEG,NEG,NEG,NEG,POS,NEG,NEG,NEG,NEG,NEG,NEG,NEG,NEG,NEG,NEG,NEG,NEG,NEG
