Audiofilename,Starttime,Endtime,c_1,c_2,c_3,c_4,c_5,c_6,c_7,c_8,c_9,c_10,c_11,c_12,c_13,c_14,c_15,c_16,c_17,c_18,c_19,c_20,c_21,c_22,c_23,c_24,c_25,c_26
XC460195.wav,0.213473,0.731908,NEG,NEG,NEG,NEG,NEG,POS,NEG,NEG,NEG,NEG,NEG,NEG,NEG,NEG,NEG,NEG,NEG,NEG,NEG,NEG,NEG,NEG,NEG,NEG,NEG,NEG
XC460195.wav,2.195719,2.409188,NEG,NEG,NEG,NEG,NEG,POS,NEG,NEG,NEG,NEG,NEG,NEG,NEG,NEG,NEG,NEG,NEG,NEG,NEG,NEG,NEG,NEG,NEG,NEG,NEG,NEG
XC460195.wav,3.3749010000000004,3.58837,NEG,NEG,NEG,NEG,NEG,POS,NEG,NEG,NEG,NEG,NEG,NEG,NEG,NEG,NEG,NEG,NEG,NEG,NEG,NEG,NEG,NEG,NEG,NEG,NEG,NEG
XC460195.wav,5.204667,5.397796,NEG,NEG,NEG,NEG,NEG,POS,NEG,NEG,NEG,NEG,NEG,NEG,NEG,NEG,NEG,NEG,NEG,NEG,NEG,NEG,NEG,NEG,NEG,NEG,NEG,NEG
XC460195.wav,6.302526,6.516018,NEG,NEG,NEG,NEG,NEG,POS,NEG,NEG,NEG,NEG,NEG,NEG,NEG,NEG,NEG,NEG,NEG,NEG,NEG,NEG,NEG,NEG,NEG,NEG,NEG,NEG
XC460195.wav,9.067505,9.423287,NEG,NEG,NEG,NEG,NEG,POS,NEG,NEG,NEG,NEG,NEG,NEG,NEG,NEG,NEG,NEG,NEG,NEG,NEG,NEG,NEG,NEG,NEG,NEG,NEG,NEG
XC460195.wav,12.737202,13.092984,NEG,NEG,NEG,NEG,NEG,POS,NEG,NEG,NEG,NEG,NEG,NEG,NEG,NEG,NEG,NEG,NEG,NEG,NEG,NEG,NEG,NEG,NEG,NEG,NEG,NEG
XC460195.wav,14.434817,14.749965,NEG,NEG,NEG,NEG,NEG,POS,NEG,NEG,NEG,NEG,NEG,NEG,NEG,NEG,NEG,NEG,NEG,NEG,NEG,NEG,NEG,NEG,NEG,NEG,NEG,NEG
XC460195.wav,15.583504000000001,15.918946,NEG,NEG,NEG,NEG,NEG,POS,NEG,NEG,NEG,NEG,NEG,NEG,NEG,NEG,NEG,NEG,NEG,NEG,NEG,NEG,NEG,NEG,NEG,NEG,NEG,NEG
XC460195.wav,17.047316,17.443756,NEG,NEG,NEG,NEG,NEG,POS,NEG,NEG,NEG,NEG,NEG,NEG,NEG,NEG,NEG,NEG,NEG,NEG,NEG,NEG,NEG,NEG,NEG,NEG,NEG,NEG
XC460195.wav,11.16157,11.456377,NEG,NEG,NEG,NEG,NEG,POS,NEG,NEG,NEG,NEG,NEG,NEG,NEG,NEG,NEG,NEG,NEG,NEG,NEG,NEG,NEG,NEG,NEG,NEG,NEG,NEG
