Audiofilename,Starttime,Endtime,c_1,c_2,c_3,c_4,c_5,c_6,c_7,c_8,c_9,c_10,c_11,c_12,c_13,c_14,c_15,c_16,c_17,c_18,c_19,c_20,c_21,c_22,c_23,c_24,c_25,c_26
XC519927.wav,0.8033899999999999,7.230513,NEG,NEG,NEG,NEG,NEG,NEG,NEG,NEG,NEG,NEG,NEG,NEG,NEG,NEG,POS,NEG,NEG,NEG,NEG,NEG,NEG,NEG,NEG,NEG,NEG,NEG
XC519927.wav,11.179091,14.606320000000002,NEG,NEG,NEG,NEG,NEG,NEG,NEG,NEG,NEG,NEG,NEG,NEG,NEG,NEG,POS,NEG,NEG,NEG,NEG,NEG,NEG,NEG,NEG,NEG,NEG,NEG
XC519927.wav,18.828392,21.588978,NEG,NEG,NEG,NEG,NEG,NEG,NEG,NEG,NEG,NEG,NEG,NEG,NEG,NEG,POS,NEG,NEG,NEG,NEG,NEG,NEG,NEG,NEG,NEG,NEG,NEG
XC519927.wav,25.68285,29.383574,NEG,NEG,NEG,NEG,NEG,NEG,NEG,NEG,NEG,NEG,NEG,NEG,NEG,NEG,POS,NEG,NEG,NEG,NEG,NEG,NEG,NEG,NEG,NEG,NEG,NEG
XC519927.wav,31.879212,39.314845,NEG,NEG,NEG,NEG,NEG,NEG,NEG,NEG,NEG,NEG,NEG,NEG,NEG,NEG,POS,NEG,NEG,NEG,NEG,NEG,NEG,NEG,NEG,NEG,NEG,NEG
XC519927.wav,42.451485999999996,52.468225,NEG,NEG,NEG,NEG,NEG,NEG,NEG,NEG,NEG,NEG,NEG,NEG,NEG,NEG,POS,NEG,NEG,NEG,NEG,NEG,NEG,NEG,NEG,NEG,NEG,NEG
XC519927.wav,55.972375,60.869637,NEG,NEG,NEG,NEG,NEG,NEG,NEG,NEG,NEG,NEG,NEG,NEG,NEG,NEG,POS,NEG,NEG,NEG,NEG,NEG,NEG,NEG,NEG,NEG,NEG,NEG
XC519927.wav,64.54472,79.279241,NEG,NEG,NEG,NEG,NEG,NEG,NEG,NEG,NEG,NEG,NEG,NEG,NEG,NEG,POS,NEG,NEG,NEG,NEG,NEG,NEG,NEG,NEG,NEG,NEG,NEG
XC519927.wav,82.86885699999999,85.261934,NEG,NEG,NEG,NEG,NEG,NEG,NEG,NEG,NEG,NEG,NEG,NEG,NEG,NEG,POS,NEG,NEG,NEG,NEG,NEG,NEG,NEG,NEG,NEG,NEG,NEG
XC519927.wav,88.714803,93.330024,NEG,NEG,NEG,NEG,NEG,NEG,NEG,NEG,NEG,NEG,NEG,NEG,NEG,NEG,POS,NEG,NEG,NEG,NEG,NEG,NEG,NEG,NEG,NEG,NEG,NEG
XC519927.wav,97.449537,101.70579599999999,NEG,NEG,NEG,NEG,NEG,NEG,NEG,NEG,NEG,NEG,NEG,NEG,NEG,NEG,POS,NEG,NEG,NEG,NEG,NEG,NEG,NEG,NEG,NEG,NEG,NEG
XC519927.wav,106.50904399999999,108.175652,NEG,NEG,NEG,NEG,NEG,NEG,NEG,NEG,NEG,NEG,NEG,NEG,NEG,NEG,POS,NEG,NEG,NEG,NEG,NEG,NEG,NEG,NEG,NEG,NEG,NEG
XC519927.wav,112.62848600000001,117.901803,NEG,NEG,NEG,NEG,NEG,NEG,NEG,NEG,NEG,NEG,NEG,NEG,NEG,NEG,POS,NEG,NEG,NEG,NEG,NEG,NEG,NEG,NEG,NEG,NEG,NEG
XC519927.wav,120.33761399999999,124.72207399999999,NEG,NEG,NEG,NEG,NEG,NEG,NEG,NEG,NEG,NEG,NEG,NEG,NEG,NEG,POS,NEG,NEG,NEG,NEG,NEG,NEG,NEG,NEG,NEG,NEG,NEG
XC519927.wav,128.858679,135.721684,NEG,NEG,NEG,NEG,NEG,NEG,NEG,NEG,NEG,NEG,NEG,NEG,NEG,NEG,POS,NEG,NEG,NEG,NEG,NEG,NEG,NEG,NEG,NEG,NEG,NEG
XC519927.wav,140.097597,143.61029299999998,NEG,NEG,NEG,NEG,NEG,NEG,NEG,NEG,NEG,NEG,NEG,NEG,NEG,NEG,POS,NEG,NEG,NEG,NEG,NEG,NEG,NEG,NEG,NEG,NEG,NEG
XC519927.wav,148.08022,153.447551,NEG,NEG,NEG,NEG,NEG,NEG,NEG,NEG,NEG,NEG,NEG,NEG,NEG,NEG,POS,NEG,NEG,NEG,NEG,NEG,NEG,NEG,NEG,NEG,NEG,NEG
XC519927.wav,157.413223,161.190866,NEG,NEG,NEG,NEG,NEG,NEG,NEG,NEG,NEG,NEG,NEG,NEG,NEG,NEG,POS,NEG,NEG,NEG,NEG,NEG,NEG,NEG,NEG,NEG,NEG,NEG
XC519927.wav,165.56678,171.395633,NEG,NEG,NEG,NEG,NEG,NEG,NEG,NEG,NEG,NEG,NEG,NEG,NEG,NEG,POS,NEG,NEG,NEG,NEG,NEG,NEG,NEG,NEG,NEG,NEG,NEG
XC519927.wav,175.959574,177.241579,NEG,NEG,NEG,NEG,NEG,NEG,NEG,NEG,NEG,NEG,NEG,NEG,NEG,NEG,POS,NEG,NEG,NEG,NEG,NEG,NEG,NEG,NEG,NEG,NEG,NEG
XC519927.wav,179.93379199999998,185.224202,NEG,NEG,NEG,NEG,NEG,NEG,NEG,NEG,NEG,NEG,NEG,NEG,NEG,NEG,POS,NEG,NEG,NEG,NEG,NEG,NEG,NEG,NEG,NEG,NEG,NEG
XC519927.wav,188.959113,194.32644399999998,NEG,NEG,NEG,NEG,NEG,NEG,NEG,NEG,NEG,NEG,NEG,NEG,NEG,NEG,POS,NEG,NEG,NEG,NEG,NEG,NEG,NEG,NEG,NEG,NEG,NEG
XC519927.wav,199.65958799999999,202.069759,NEG,NEG,NEG,NEG,NEG,NEG,NEG,NEG,NEG,NEG,NEG,NEG,NEG,NEG,POS,NEG,NEG,NEG,NEG,NEG,NEG,NEG,NEG,NEG,NEG,NEG
XC519927.wav,205.736296,209.06096399999998,NEG,NEG,NEG,NEG,NEG,NEG,NEG,NEG,NEG,NEG,NEG,NEG,NEG,NEG,POS,NEG,NEG,NEG,NEG,NEG,NEG,NEG,NEG,NEG,NEG,NEG
XC519927.wav,213.436877,216.36839700000002,NEG,NEG,NEG,NEG,NEG,NEG,NEG,NEG,NEG,NEG,NEG,NEG,NEG,NEG,POS,NEG,NEG,NEG,NEG,NEG,NEG,NEG,NEG,NEG,NEG,NEG
XC519927.wav,220.034934,224.50486099999998,NEG,NEG,NEG,NEG,NEG,NEG,NEG,NEG,NEG,NEG,NEG,NEG,NEG,NEG,POS,NEG,NEG,NEG,NEG,NEG,NEG,NEG,NEG,NEG,NEG,NEG
XC519927.wav,229.38502999999997,232.581498,NEG,NEG,NEG,NEG,NEG,NEG,NEG,NEG,NEG,NEG,NEG,NEG,NEG,NEG,POS,NEG,NEG,NEG,NEG,NEG,NEG,NEG,NEG,NEG,NEG,NEG
